R.N,CALL NO.,AUTHOR,TITLE,COPY RIGHT,LOCATION,
592,242C228,Antonio M. Carpio,""" Viva La Virgin ! Verses & poems & a Pinch of Prose",1995,Filipiniana,
560,220.7D642,,"""Divino Affelane Spiritu"" Encyclical letter of hgis holiness POPE PIUS XXI on the promotion of biblical studies",n.d.,Filipiniana,
67,248.4C648,"VÍCTOR CODINA, S.J.","""DOS BANDERAS"" COMO LUGAR TEOLÓGICO",2009,SPECIAL COLLECTION,
558,241.67H880,,"""HUMANAE VITAE"" : Encyclical letter of his holiness Pope Paul VI on the regulation of birth",1991,Filipiniana,
692,248.3St251,"David M. Stanley, S.J.","""I ENCOUNTER GOD!"" THE SPIRITUAL EXERCISES WITH THE GOSPEL OF SAINT JOHN",1986,SPIRITUALITY,
56,271.53G315,JOHANNES GÜNTER GERHARTZ,"""INSUPER PROMITTO...""",,SPECIAL COLLECTION,
424,230.2T128,"Luis Antonio G. Tagle, DD","""IT IS THE LORD!"" : occasional lectures at Loyola School of Theology",2003,Filipiniana,
79,261.1M417,,"""MATER et MAGISTRA"" ENCYCLICAL LETTER OF HIS HOLINESS POPE JOHN XXIII ON RECENT DEVELOPMENTS OF THE SOCIAL QUESTION",,PAPAL COLLECTION,
708,248.24B279,"William A. Barry, S.J.","""NOW CHOOSE LIFE"" CONVERSION AS THE WAY TO LIFE",1990,SPIRITUALITY,
138,271.53Om5c.1,,"""OMNIA INTELLIGENDO IUXTA CONSTITUTIONES"" THE CHANTILLY COLLOQUIUM: OCTOBER 1989 PART I",1990,SPECIAL COLLECTION,
139,271.53Om5c.2,,"""OMNIA INTELLIGENDO IUXTA CONSTITUTIONES"" THE CHANTILLY COLLOQUIUM: OCTOBER 1989 PART I",1990,SPECIAL COLLECTION,
102,271.53Om5,,"""OMNIA INTELLIGENDO IUXTA CONSTITUTIONES"" THE CHANTILLY COLLOQUIUM: OCTOBER 1989 PART II",1989,SPECIAL COLLECTION,
559,241.67P114,,"""Pacem in Terris"" : Encycical lettr of his holiness POPE JOHN XXIII on his program for world peace",n.d.,Filipiniana,
135,271.53Sw67,GÜNTER SWITEK,"""PRAEDICARE IN PAUPERTATE""",1975,SPECIAL COLLECTION,
30,,,(Unitentified books Chinese books),,SPECIAL COLLECTION LIB 2,
854,282.0924N856,Henri J.M. Nouwen,¡GRACIAS! : A latin american  journal,1970,SPIRITUALITY,
70,248.4M317,"FERRAN MANRESA, S.J.",<<ANDANDO SIEMPRE A BUSCAR LO QUE QUIERO>>,,SPECIAL COLLECTION,
174,200.9G117,Theodore Gabriel,…ISMS : Understanding Religion ,,General Reference,
159,264.23In894,,1. THE INTRODUCTORY HYMN (i 1-18) ( photocopy),n.d.,BIBLICAL STUDIES,
17,248.842M148,"McDowell, Josh",10 Commitments for Dads,2014,SPIRITUALITY,
40,641.5784On21,"Jan Cutler,editor",100 BEST-EVER STEP-BY-STEP BARBECUES,2007,GEN-REF2,
148,726.6On21,,100 MOST CHATEDRALS OF THE WORLD : A JOURNEY through FIVE CONTINENTS,2004,General Reference,
169,282.09759D340 c.1,"Pedro S. de Achutegui, S.J.",121 QUESTIONS AND ANSWERS ON THE SECOND PLENARY COUNCIL OF THE PHILIPPINES,1991,Filipiniana,
170,282.09759D340 c.2,"Pedro S. de Achutegui, S.J.",121 QUESTIONS AND ANSWERS ON THE SECOND PLENARY COUNCIL OF THE PHILIPPINES,1991,Filipiniana,
171,282.09759D340 c.3,"Pedro S. de Achutegui, S.J.",121 QUESTIONS AND ANSWERS ON THE SECOND PLENARY COUNCIL OF THE PHILIPPINES,1991,Filipiniana,
623,282.599Ac24c.1,"Pedro S. Achutegui, S.J",121 QUESTIONS ANSWERS ,1991,Filipiniana ,
624,282.599Ac24c.2,"Pedro S. Achutegui, S.J",122 QUESTIONS ANSWERS ,1991,Filipiniana ,
160,226.5Se242,,16. THE SECOND SIGN AT CANA IN GALILEE — HEALING THE OFFICIAL'S SON (iv 46-54) ( photocopy),n.d.,BIBLICAL STUDIES,
,,Fr. Peter de Sousa,18 WAYS TO EVANGELIZE CATHOLICS : Cell training & reflection materials ,,BOOKLET,
2,C1957,,1957 CRUSADER: ATENEO DE CAGAYAN,1957,VERTICAL FILE,
,,Stanislas Lyonnet,2 STANDARD : SCRIPTURAL FOUNDATION ,,BOOKLET,
82,248.32T349c.1,,30 DAYS GUIDE TO THE SPIRITUAL EXERCISES,,SPIRITUALITY,
83,248.32T349c.2,,30 DAYS GUIDE TO THE SPIRITUAL EXERCISES,,SPIRITUALITY,
471,234.72G589c.1,LINO R. GONZAGA,4th DAY GUIDE,1971,Filipiniana,
472,234.72G589c.2,LINO R. GONZAGA,4th DAY GUIDE,1971,Filipiniana,
473,234.72G589c.3,LINO R. GONZAGA,4TH DAY GUIDE,1971,Filipiniana,
61,641.865F466,,50 NOVELTY CAKES & PARTY CAKES,2010,GEN-REF2,
360,248.4B812,Nathan Brown,7 REASONS LIFE IS BETTER WITH GOD ,2007,SPIRITUALITY,
721,158.12C162,"Jack Canfield, Mark Victor Hansen",A 2ND HELPING OF CHICKEN SOUP FOR THE SOUL,1995,SPIRITUALITY,
125,282.092B224c.1,"William V. Bangert, S.J.",A BIBLIOGRAPHICAL ESSAY ON THE HISTORY OF THE SOCIETY OF JESUS,1976,THEOLOGY,
126,282.092B224c.2,"William V. Bangert, S.J.",A BIBLIOGRAPHICAL ESSAY ON THE HISTORY OF THE SOCIETY OF JESUS,1976,THEOLOGY,
606,,"Anthony de Mello, S.J.",A BOOK OF STORY MEDITATIONS TAKING FIGHT,1988,SPIRITUALITY,
282,262.23C130,,A CALL TO HEROIC CITIZENSHIP Policy Statement,2006,Filipiniana,
5,282.03C286,,A Catholic Dictionary,1931,General Reference,
76,D554,Charles Dickens,A CHRISTMAS CAROL,1963,FICTION,
650,248.2T612c.1,"Jules J. Toner, S.J.",A COMMENTARY ON SAINT IGNATIUS' RULES FOR THE DISCERNMENT OF SPIRITS : A guide to the Principles and Practice,1981,SPIRITUALITY,
651,248.2T612c.2,"Jules J. Toner, S.J.",A COMMENTARY ON SAINT IGNATIUS' RULES FOR THE DISCERNMENT OF SPIRITS : A guide to the Principles and Practice,1981,SPIRITUALITY,
156,226.207K634,Albert Kirk & Robert E. Obach,A Commentary on the Gospel of Matthew,1978,BIBLICAL STUDIES,
172,230C738,,A Companion to John : Readings in Johannine Theology (John's Gospel and Epistles),1977,BIBLICAL STUDIES,
851,248.4Am189c.1,"Aloysius Ambruzzi, S.J.",A COMPANION TO THE SPIRITUAL EXERCISES OF SAINT IGNATIUS,1948,SPIRITUALITY,
852,248.4Am189c.2,"Aloysius Ambruzzi, S.J.",A COMPANION TO THE SPIRITUAL EXERCISES OF SAINT IGNATIUS,1948,SPIRITUALITY,
271,282.1H279,Adrian Hasting,A Concise Guide to the Documents of the Second Vatican Council,1969,THEOLOGY,
320,,,A constant invitation  : Meeting jesus the eucharist,1999,PERIODICAL,
839,248.4F629,"David L. Fleming, S.J.",A CONTEMPORARY OF THE SPIRITUAL EXERCISES,1976,SPIRITUALITY,
171,248.3F629c.1,"David L. Fleming, S.J.",A CONTEMPORARY READING OF THE SPIRITUAL EXERCISES,1978,SPIRITUALITY,
172,248.3F629c.2,"David L. Fleming, S.J.",A CONTEMPORARY READING OF THE SPIRITUAL EXERCISES,1976,SPIRITUALITY,
25,248.3F629,"David L. Fleming, S.J.",A CONTEMPORARY READING OF THE SPIRITUAL EXERCISES A COMPANION TO ST. IGNATIUS TEXT,1976,GEN-REF2,
582,248.34C788,,A COOPERATIVE STUDY OF THE SPIRITUAL EXERCISES OFR SAINT IGNATIUS,1961,SPIRITUALITY,
32,W721,Simon Winchester,A CRACK IN THE EDGE OF THE WORLD,2005,FICTION,
1,225.61H718,Carl R. Holladay,A CRITICAL INTRODUCTION TO THE NEW TESTAMENT : interpreting the message and meaning of Jesus Christ,2005,BIBLICAL STUDIES,
94,282.0924C868,Msgr. Leon Cristiani,A CROSS FOR NAPOLEON: THE LIFE OF FATHER BRUNO LANTERI (1759-1830),1981,SPIRITUALITY,
419,226.06B812,Raymond E. Brown,a CRUCIFIED CHRIST in HOLY WEEK :  essays on the four gospel passion narratives,1988,Filipiniana,
2,232.931At88,Donald Attwater,A Dictionary of Mary,1956,General Reference,
35,302.222303D561,,A DICTIONARY OF SYMBOLS,1962,GEN-REF2,
363,248.34F925c.1,"Rev. James S. Froley, S.J.",A DIRECTED THIRTY DAY'S RETREAT: SCRIPTURALLY ORIENTATED,,SPIRITUALITY,
364,248.34F925c.2,"Rev. James S. Froley, S.J.",A DIRECTED THIRTY DAY'S RETREAT: SCRIPTURALLY ORIENTATED,,SPIRITUALITY,
365,248.34F925c.3,"Rev. James S. Froley, S.J.",A DIRECTED THIRTY DAY'S RETREAT: SCRIPTURALLY ORIENTATED,,SPIRITUALITY,
,248.34F925c.4 - 5,"Rev. James S. Froley, S.J.",A DIRECTED THIRTY DAY'S RETREAT: SCRIPTURALLY ORIENTATED (number of copies 5),,SPIRITUALITY Library 2 (Duplicate copies),
42,242.3L991c.1,"Rev. Denis F. Lynch, S.J.",A DO-IT-YOURSELF RETREAT : how  to bring out the real good in you,1969,SPIRITUALITY,
43,242.3L991c.2,"Rev. Denis F. Lynch, S.J.",A DO-IT-YOURSELF RETREAT : how  to bring out the real good in you,1969,SPIRITUALITY,
48,H373,Ernest Hemingway,A FAREWELL TO ARMS,1929,FICTION,
140,242G945,"Nil Guillemette, S.J.",A GENTLE BREEZE : God - tales for young and old,1989,Filipiniana,
64,L585,C.S. Lewis,A GRIEF OBSERVED,1961-1976,FICTION,
75,270.3Sp491,Msgr. Laurence J. Spiteri,A GUIDE TO CHURCH HISTORY: A HISTORY OF THE ROMAN CATHOLIC CHURCH UNTIL THE COUNCIL OF TRENT,2014,Filipiniana,
53,641.4So688,Nora Narvaez-Soriano,"A GUIDE TO FOOD SELECTION, PREPARATION AND PRESERVATION",1986,FILIPIANA (LIBRARY 2),
23,242G820,"Thomas H. Green, S.J.",A GUIDE TO PRAYER OPENING TO GOD,1977,Filipiniana,
538,271.53L962,"Thomas M. Lucas, S.J.",A GUIDE TO THE ROOMS OF ST. IGNATIUS LOYOLA,1990,SPIRITUALITY,
274,271.092G941,,A Guide to the Rooms of St. Ignatius Loyola,1990,Filipiniana,
28,271.53009 B224,"William V. Bangert, S.J.",A HISTORY OF THE SOCIETY OF JESUS,1972,THEOLOGY,
277,264Si61,,A HOLY HOUR FOR THE SANCTIFICATION OF PRIESTS  : VOLUME I,n.d.,Filipiniana,
75,248.4 H971,Gloria Hutchinson,A Journal Retreat : CHRIST ENCOUNTERS,1988,THEOLOGY,
208,201M296,"William J. Malley, S.J.",A journey with Jesus in the Spirit of the New Millennium No. 4: The Dynamics of the Filipino and Human Faith Experience,2000,Filipiniana,
810,234.1W168,Rev. Vincent M. Walsh,A KEY TO CHARISMATIC RENEWAL IN THE CATHOLIC CHURCH,1975,SPIRITUALITY,
447,226.5P14,NATIVIDAD PAGADUT,A KEY TO THE BOOK OF REVELATION,1993,Filipiniana,
398,225.77 H384,"Herman Hendrickx, c.i.c.m.",A Key to the Gospel of Mark,1993,Filipiniana,
539,225.7H384,"Herman Hendrickx, c.i.c.m.",A KEY TO THE GOSPEL OF MATTHEW,1992,Filipiniana,
266,226.83V666,M. GEMMA VICTORINO,A Key to the Letter to the Galatians,1993,Filipiniana,
265,226.87B457,PAUL BERNIER,A Key to the Letter to the Hebrews,1993,Filipiniana,
267,226.84V666,M. GEMMA VICTORINO,A Key to the Letter to the Romans,1993,Filipiniana,
24,232K281,W. Phillip Keller,A LAYMAN LOOKS AT THE LAMB OF GOD,1982,THEOLOGY,
233,248.3C639,John B. Coburn,A LIFE TO LIVE A WAY TO PRAY,1973,SPIRITUALITY,
454,248.2R540,St. Gaston Roberge S.J.,A LITTLE WAY TO GOD : St.Theresa of Lisiuex and the scared heart of jesus,1984,SPIRITUALITY,
384,231.6L962,Max Lucado,A LOVE WORTH GIVING : Living in the overflow of GOD's love,1952,SPIRITUALITY,
193,232.9P541,J.B. Phillips,A MAN CALLED JESUS : the gospel story in 26 short plays,1962,THEOLOGY,
77,B639,Robert Bolt,A MAN FOR ALL SEASONS,1960,FICTION,
162,230Sh351,,A Map by  F.J. Sheed,1993,THEOLOGY,
67,398.33C692,Marie Collins & Virgina Davis,A MEDIEVAL BOOK OF SEASONS,1992,GEN-REF2,
80,D731,Mark Van Doren,A MIDSUMMER NIGHT'S DREAM,1902-1939,FICTION,
780,248.3St251c.1,"David M. Stanley, S.J.",A MODERN SCRIPTURAL APPROACH TO THE SPIRITUAL EXERCISES,1967,SPIRITUALITY,
781,248.3St251c.2,"David M. Stanley, S.J.",A MODERN SCRIPTURAL APPROACH TO THE SPIRITUAL EXERCISES,1967,SPIRITUALITY,
782,248.3St251c.3,"David M. Stanley, S.J.",A MODERN SCRIPTURAL APPROACH TO THE SPIRITUAL EXERCISES,1967,SPIRITUALITY,
783,248.3St251c.4,"David M. Stanley, S.J.",A MODERN SCRIPTURAL APPROACH TO THE SPIRITUAL EXERCISES,1967,SPIRITUALITY,
784,248.3St251c.5,"David M. Stanley, S.J.",A MODERN SCRIPTURAL APPROACH TO THE SPIRITUAL EXERCISES,1967,SPIRITUALITY,
785,248.3St251c.6,"David M. Stanley, S.J.",A MODERN SCRIPTURAL APPROACH TO THE SPIRITUAL EXERCISES,1967,SPIRITUALITY,
269,266.023K835c.1,"Peter-Hans Kolvenbach, S.J.",A MOST PLEASANT MISSION (MUNUS SUAVISSIMUM),1988,SPIRITUALITY,
270,266.023K835c.2,"Peter-Hans Kolvenbach, S.J.",A MOST PLEASANT MISSION (MUNUS SUAVISSIMUM),1988,SPIRITUALITY,
110,232.9R684,Daniel Rops,A New Life of Christ : JESUS AND HIS TIMES,1954,THEOLOGY,
206,261.2G368,Fr. Michel De Gigord,A Parable of Dialogue: The Little Prince,1999,Filipiniana,
33,899.2101P267,,A PASSIONATE PATIENCE,1995,FILIPIANA (LIBRARY 2),
95,266.023C881,Vincent Cronin,A PEARL TO INDIA : the life of Roberto de Nobili,1959,SPIRITUALITY,
4,D347,"John Dear, SJ",A PERSISTENT PEACE:ONE MAN'S STRUGGLE FOR A NONVIOLENT WORLD,2008,FICTION,
91,915.694045G543,Fr. Godfrey ,A Pilgrim in the  Holy Land,n.d,General Reference,
612,242.5Sm511,"Herbert F. Smith, S.J.",A PILGRIMAGE THROUGH PRAYER,1970,SPIRITUALITY,
936,271.5302T971c.1,"Joseph N. Tylenda, S.J.",A PILGRIM'S JOURNEY: The Autobiography og Ignatius Loyola,1985,SPIRITUALITY,
,271.5302T971c.2,"Joseph N. Tylenda, S.J.",A PILGRIM'S JOURNEY: The Autobiography og Ignatius Loyola,1985,SPIRITUALITY,
938,271.5302T971c.3,"Joseph N. Tylenda, S.J.",A PILGRIM'S JOURNEY: The Autobiography og Ignatius Loyola,1985,SPIRITUALITY,
939,271.5302T971c.4,"Joseph N. Tylenda, S.J.",A PILGRIM'S JOURNEY: The Autobiography og Ignatius Loyola,1985,SPIRITUALITY,
934,271.5302T971c.1,"Joseph N. Tylenda, S.J.",A PILGRIM'S JOURNEY: The Autobiography og Ignatius Loyola (photo copies),,SPIRITUALITY,
935,271.5302T971c.2,"Joseph N. Tylenda, S.J.",A PILGRIM'S JOURNEY: The Autobiography og Ignatius Loyola (photo copies),,SPIRITUALITY,
906,282.092P643,,A PILGRIM'S TESTAMENT : The memoirs of ignatius loyola,1983,SPIRITUALITY,
406,271.53024P643,,A PILGRIM'S TESTAMENT : The memories of ignatius loyola,1983,SPIRITUALITY,
68,499.221C791,,A PILOT BOOK FOR BISAYAN,,FILIPIANA (LIBRARY 2),
162,291.650257J84,Janet Joy,A PLACE APART : HOUSES OF PRAYER & RETREAT CENTERS IN NOTRH AMERICA,1994,General Reference,
373,261.8Ar699c.1 ,Pedro Arrupe S.J.,A PLANET TO HEAL : Reflection and forecats,1975,SPIRITUALITY,
374,261.8Ar699c.2,Pedro Arrupe S.J.,A PLANET TO HEAL : Reflection and forecats,1975,SPIRITUALITY,
32,226.306P177,JOSE CARDENAS PALLARES,A POOR MAN CALLED JESUS: REFLECTIONS ON THE GOSPEL OF MARK,1986,Filipiniana,
296,282.599P838,,A PORTRAIT OF THE CATHOLIC CHURCH IN MINDANAO-SULU IN FACTS AND FIGURES ANG TULAY,n.d.,Filipiniana,
70,L585,C.S. Lewis,A PREFACE TO PARADISE LOST,1942-1949,FICTION,
,,,A PRIMER : Catholic Bishops conference of the philippines,,BOOKLET,
589,246.02P933,CBCP,A Primer on Freemasonry ( abdridge version),2003,Filipiniana,
39,635.04V712,Ruben L. Villareal,A PRIMER ON VEGETABLE GARDENING,1993,FILIPIANA (LIBRARY 2),
267,282.0922B785,"James Brodrick, S.J.",A PROCESSION OF SAINTS,1949,SPIRITUALITY,
195,242.2R273,Francis E. Reilly,A Quiet God … quiet words especially for searchers,1988,Filipiniana,
591,248.4P871,John Powell,A Reason to live A Reason to die,1972,Filipiniana,
750,242D499c.1,"Eudore de Vroye, S.J.",A RETREAT OF EIGHT DAYS,1935,SPIRITUALITY,
751,242D499c.2,"Eudore de Vroye, S.J.",A RETREAT OF EIGHT DAYS,1935,SPIRITUALITY,
752,242D499c.3,"Eudore de Vroye, S.J.",A RETREAT OF EIGHT DAYS,1935,SPIRITUALITY,
899,248.2M79,Mother Mary (of the blessed sacrament),A RETREAT UNDER THE GUIDANCE OF SAINT JOHN OF THE CROSS,1930,SPIRITUALITY,
215,248.2B389,Betsey Beckman,"A RETREAT WITH OUR LADY, DOMINIC & IGNATIUS: Praying with our Bodies",n.d.,Filipiniana,
96,226.06B812,Raymond E. Brown,A RISEN CHRIST IN EASTER TIME : essays on the gospel narratives of the resurrection,1991,THEOLOGY,
162,226.06B812,"Raymond E. Brown, S.S.",A Risen Christ in Eastertime : essays on the gospel narratives of the resurrection ( photocopy),1991,BIBLICAL STUDIES,
158,252.051B86,Frederick Buechner,A ROOM CALLED REMEMBER,1973,THEOLOGY,
150,265H224,"Bernard Haring, C.SS.R.",A SACRAMENTAL SPIRITUALITY,1965,SPIRITUALITY,
85,L585,C.S. Lewis,A SEVERE MERCY,1977,FICTION,
127,230Sh351,"Peter Hans Kolvenbach, S.J.",A shared vision and journey: finding god's will for us)   J.H.S : addresses and homilies of Rev. Peter-Hans Kolvenbach  ,1988,THEOLOGY,
75,451H651,Alfred A. Hoare,A SHORT ITALIAN DICTIONARY,1918,General Reference,
623,230.14092M725,"James A. Mohler, S.J.",A SPEECHLESS CHILD IS THE WORD OF GOD,1992,SPIRITUALITY,
92,248.3G892,"Fr. Benedict J. Groeschel, C.F.R.","A STILL, SMALL VOICE: A PRACTICAL GUIDE ON REPORTED REVELATIONS",1993,SPIRITUALITY,
710,248.2C176c.1,"Philip Caraman, S.J.",A STUDY IN FRIENDSHIP,1991,SPIRITUALITY,
711,248.2C176c.2,"Philip Caraman, S.J.",A STUDY IN FRIENDSHIP,1991,SPIRITUALITY,
421,248.342M793c.1,James Moran,A STUDY OF THE PRINCIPLE AND FOUNDATION SPIRITUAL EXERCISES ST. IGNATIUS OF LOYOLA,1968,SPIRITUALITY,
422,248.342M793c.2,James Moran,A STUDY OF THE PRINCIPLE AND FOUNDATION SPIRITUAL EXERCISES ST. IGNATIUS OF LOYOLA,1968,SPIRITUALITY,
350,248.3St946c.1,,"A Study of the Principle and Foundation: Spiritual Exercises, St. Ignatius of Loyola",1968,Filipiniana,
351,248.3St946c.2,,"A Study of the Principle and Foundation: Spiritual Exercises, St. Ignatius of Loyola",1968,Filipiniana,
352,248.3St946c.3,,"A Study of the Principle and Foundation: Spiritual Exercises, St. Ignatius of Loyola",1968,Filipiniana,
353,248.3St946c.4,,"A Study of the Principle and Foundation: Spiritual Exercises, St. Ignatius of Loyola",1968,Filipiniana,
354,248.3St946c.5,,"A Study of the Principle and Foundation: Spiritual Exercises, St. Ignatius of Loyola",1968,Filipiniana,
355,248.3St946c.6,,"A Study of the Principle and Foundation: Spiritual Exercises, St. Ignatius of Loyola",1968,Filipiniana,
356,248.3St946c.7,,"A Study of the Principle and Foundation: Spiritual Exercises, St. Ignatius of Loyola",1968,Filipiniana,
357,248.3St946c.8,,"A Study of the Principle and Foundation: Spiritual Exercises, St. Ignatius of Loyola",1968,Filipiniana,
76,271.53Ec41,"Ignatius Echaniz, S.J.",A SYMPHONY OF LOVE STORIES OF JESUIT BROTHERS,1985,GEN-REF2,
47,230.2092D888,Avery Dulles,A TESTIMONIAL TO GRACE,1946,SPIRITUALITY,
74,220.7W670,Rev. Thomas David Williams,A Textual Concordance of the Holy Scriptures,1908,BIBLICAL STUDIES,
68,T361,,A THOMAS MERTON READER,1974,FICTION,
225,266.252R733,Andrew C. Ross,A Vision betrayed : the jesuits in Japan and China 1542-1742,1994,THEOLOGY,
432,242.2K180,"KIERAN M. KAY, O.F.M. CONV.","A YEAR-FULL OF ""ON THE RUN"" NOURISHMENT: COMMON BUSHES AFIRE WITH GOD",1994,Filipiniana,
699,248.22C312,"Rev. J. P . De Caussade, S.J.",ABANDONMENT TO DIVINE PROVIDENCE,1966,SPIRITUALITY,
700,248.22C312,"Rev. J. P . De Caussade, S.J.",ABANDONMENT TO DIVINE PROVIDENCE,1966,SPIRITUALITY,
701,248.22C312,Jean-Pierre de Caussade,ABANDONMENT TO DIVINE PROVIDENCE,1975,SPIRITUALITY,
244,248.892D641,"Parmananda Divarkar, S.J.",ABLAZE WITH GOD,1990,SPIRITUALITY,
393,248.8M296,"William J. Malley, S.J.","ABRAHAM, MOSES, KING DAVID Exemplars For Christian Educators",1992,Filipiniana,
58,B19,David Baldacci,ABSOLUTE POWER,1996,FICTION,
3,150.13Ir12,"Narcisco Irala, S.J.",ACHIEVING PEACE OF HEART,1963,REFERENCE (Library 2),
79,248.4F469,"FRANCESC RIERA I FIGUERAS, S.J.",ACOMPAÑAMIENTO EN LOS EJERCICIOS EN LA VIDA DIARIA (EVD),2009,SPECIAL COLLECTION,
369,248.34B520,,ACROSS THIS DARKNESS I SALUTE THE DAWN: Biography of Mere Marie Euginie Milleret,1983,SPIRITUALITY,
50,262.91Ac81,,ACTA ET DECRETA PRIMI CONCILII PLENARII INSULARUM PHILIPPINARUM MANILAE A DIE VII AD DIEM XXV MENSIS IANUARII ANNO DOMINI MDCCCCLIII CELEBRATI,1956,SPECIAL COLLECTION,
96,920N228,Nelson A. Navarro,ACTA NON VERBA: Action not words,2007,FILIPIANA (LIBRARY 2),
45,271.53Ac81,,ACTA ROMANA SOCEATATIS IESU VOLUMEN XVI FASCICULUS II - ANNO 1974 DECRETA C. G. XXXII 1974-1975,1975,SPECIAL COLLECTION,
20,271.53Ac81,,ACTA ROMANA SOCIETATIS IESU VOLUMEN XIX FASCICULUS II - ANNO 1985,1986,SPECIAL COLLECTION,
131,271.53Ac81,,ACTA ROMANA SOCIETATIS IESU VOLUMEN XIX FASCICULUS III - ANNO 1986,1987,SPECIAL COLLECTION,
104," 271.53Ac81,1995",,"ACTA ROMANA SOCIETATIS IESU VOLUMEN XXI FASCICULUS II,1 - ANNO 1995",1996,SPECIAL COLLECTION,
105," 271.53Ac81,1996",,ACTA ROMANA SOCIETATIS IESU VOLUMEN XXII FASCICULUS I - ANNO 1996,1997,SPECIAL COLLECTION,
106," 271.53Ac81,1997",,ACTA ROMANA SOCIETATIS IESU VOLUMEN XXII FASCICULUS II - ANNO 1997,1998,SPECIAL COLLECTION,
107," 271.53Ac81,1998",,ACTA ROMANA SOCIETATIS IESU VOLUMEN XXII FASCICULUS III - ANNO 1998,1999,SPECIAL COLLECTION,
108," 271.53Ac81,1999",,ACTA ROMANA SOCIETATIS IESU VOLUMEN XXII FASCICULUS IV - ANNO 1999,2000,SPECIAL COLLECTION,
109," 271.53Ac81,2000",,ACTA ROMANA SOCIETATIS IESU VOLUMEN XXII FASCICULUS V - ANNO 2000,2001,SPECIAL COLLECTION,
110," 271.53Ac81,2001",,ACTA ROMANA SOCIETATIS IESU VOLUMEN XXII FASCICULUS VI - ANNO 2001,2002,SPECIAL COLLECTION,
111," 271.53Ac81,2002",,ACTA ROMANA SOCIETATIS IESU VOLUMEN XXII FASCICULUS VII - ANNO 2002,2003,SPECIAL COLLECTION,
112," 271.53Ac81,2003",,ACTA ROMANA SOCIETATIS IESU VOLUMEN XXIII FASCICULUS I - ANNO 2003,2004,SPECIAL COLLECTION,
113," 271.53Ac81,2004",,ACTA ROMANA SOCIETATIS IESU VOLUMEN XXIII FASCICULUS II - ANNO 2004,2005,SPECIAL COLLECTION,
114," 271.53Ac81,2005",,ACTA ROMANA SOCIETATIS IESU VOLUMEN XXIII FASCICULUS III - ANNO 2005,2006,SPECIAL COLLECTION,
477,248.4Ar699,Father Arrupe,ACTION AND CONTEMPLATION TOGETHER,,SPIRITUALITY,
19,262.09599Ac87c.1,,ACTS AND DECREES of the SECOND PLENARY COUNCIL OF THE PHILIPPINES,1992,Filipiniana,
20,262.09599Ac87c.2,,ACTS AND DECREES of the SECOND PLENARY COUNCIL OF THE PHILIPPINES,1992,Filipiniana,
21,262.09599Ac87c.3,,ACTS AND DECREES of the SECOND PLENARY COUNCIL OF THE PHILIPPINES,1992,Filipiniana,
, ,,ACTS AND DECREES of the SECOND PLENARY COUNCIL OF THE PHILIPPINES (number of copies 16),1992,Filipiniana (Duplicate copies),
169,227.05209L356,Richmond Lattimore,Acts and Letters of the Apostles,1982,BIBLICAL STUDIES,
55,929.2P415,Nelson A. Navarro,AD ASTRA PER ASPERA (TO THE STARS THROUGH ADVERSITY),2008,FILIPIANA (LIBRARY 2),
641,248.2M451,"Gerald G. May, M.D.",ADDICTION & GRACE ,1988,SPIRITUALITY,
36,,,ADVANCED COURSE FOR RETREAT DIRECTIONS (ACORD),,VERTICAL FILE,
37,,,ADVANCED COURSE FOR RETREAT DIRECTIONS (ACORD),,VERTICAL FILE,
16,M339,Raissa Maritain,ADVENTURES IN GRACE SEQUEL TO WE HAVE BEEN FRIENDS TOGETHER,1945,FICTION,
33,F955,Francis Fukuyama,AFTER THE NEOCONS: AMERICA AT THE CROSSROADS,2006,FICTION,
71,940.253Ag31,,AGE OF ENLIGHTENMENT,1966,GEN-REF2,
161,361.76Au16,Pierre Aubin,AGENCIES FOR PROJECT ASSISTANCE,1984,General Reference,
562,271.53Ah1i,,AH! THESE JESUITS! : II What goes on inside,1992,SPIRITUALITY,
561,271.53Ah1m,,AH! THESE JESUITS! : III The man in the SJ mask,1992,SPIRITUALITY,
73,268.07Al 129,,Alay Kapwa 2001 Pagbabahagi ng Buhay Pilipino bilang Ebanghelyo sa Bagong Milenyo,2001,Filipiniana,
82,362.929Al187c.1,,ALCOHOLICS ANONYMOUS : The story of how many thousand men and women have recoverd in alcoholisms,1976,REFERENCE (Library 2),
83,362.929Al187c.2,,ALCOHOLICS ANONYMOUS : The story of how many thousand men and women have recoverd in alcoholisms,1976,REFERENCE (Library 2),
446,248.2D641c.1,"Parmananda R. Divarkar, S.J.",ALIVE TO GOD :  Reflection of the ideal and practice of the spiritual exercises of St Ignatius  of loyola,1979,SPIRITUALITY,
447,248.2D641c.2,"Parmananda R. Divarkar, S.J.",ALIVE TO GOD :  Reflection of the ideal and practice of the spiritual exercises of St Ignatius  of loyola,1979,SPIRITUALITY,
305,261.83T646,Dominique Le Tourneau,ALL ABOUT Opus Dei,1994,Filipiniana,
646,242Z657,Adolf Zimmermann,ALLIESIST HINWEIS : Meditationen und Gebete,2004,SPIRITUALITY,
98,Z248.482 E18,"IGNACIO ECHÀNIZ, S.J.",AMAR Y SERVIR,1990,SPECIAL COLLECTION,
209,230.2P612,"Aloysius Pieris, S.J.",An Asian Theology of Liberation,1988,Filipiniana,
49,282.092W528,William Weston,AN AUTOBIOGRAPHY FROM THE JESUIT UNDERGROUND,1955,SPIRITUALITY,
714,282.092W528,William Weston,AN AUTOBIOGRAPHY FROM THE JESUIT UNDERGROUND,1980,SPIRITUALITY,
573,248.3M297,"George A. Maloney, S.J.",AN EIGHT - DAY RETREAT : Alone with the alone ,1982,SPIRITUALITY,
744,242M56c.1,"Maurice Meschler, S.J.",AN EIGHT DAYS RETREAT,,SPIRITUALITY,
745,242M56c.2,"Maurice Meschler, S.J.",AN EIGHT DAYS RETREAT,,SPIRITUALITY,
746,242M56c.3,"Maurice Meschler, S.J.",AN EIGHT DAYS RETREAT,,SPIRITUALITY,
18,423.9921C112,"Rodolfo Cabonce, S.J.",AN ENGLISH-CEBUANO VISAYAN DICTIONARY,1983,FILIPIANA (LIBRARY 2),
358,271.53Ev132,,AN EVALUATION OF THE HANDBOOK JESUIT RELIGIOUS LIFE : Six comments and a panel,,SPIRITUALITY,
35,248.3G724,"Juan Antonio Goyoaga, S.J.",AN EXPERIENCE OF THE SPIRITUAL EXERCISES,1984,Filipiniana,
34,248.22G749,"Juan Antonio Goyoaga, S.J.","AN EXPERIENCE OF THE SPIRITUAL EXERCISES, 2nd edition",1984,Filipiniana,
410,248.482Os8,"Patrick O'Sullivan, S.J. Et Al.",AN IGNATION JOURNEY FOR LAY APOSTLES,1987,SPIRITUALITY,
73,225.3Se81,Aloysius H. Seubert,AN INDEX TO THE NEW TESTAMENT,1945,BIBLICAL STUDIES,
158,262.9In784,,AN INSTRUCTION ON TEMPORAL ADMINISTRATIN : AD USUM NOSTRORUM TANTUM,1950,General Reference,
723,253.5G434,Rev. Roman Ginn o.c.s.o,AN INSTRUCTION ON TEMPORAL ADMINISTRATION,1950,SPIRITUALITY,
74,940.53H557,Etty Hillesum ,AN INTERRUPTED LIFE ,1943,REFERENCE (Library 2),
134,248.343C529,"Thomas H. Clancy, S.J.",AN INTRODUCTION TO JESUIT LIFE,1976,THEOLOGY,
150,225.6B812,Raymond E. Brown,An Introduction to the New Testament,1997,BIBLICAL STUDIES,
107,248.483G687,John P.  Gorsuch,AN INVITATION TO THE SPIRITAUL JOURNEY,1990,SPIRITUALITY,
271,232M324,,AN MARAHAY NA BARETA NI JESUCRISTO benikol ni T.C. de la Paz,1980,Filipiniana,
266,299.16O13,John O' Donohue,ANAM CARA SPIRITUAL WISDOM FROM THE CELTIC WORLD,1997,SPIRITUALITY,
34,253 D290,"Henry Davis, S.J.",Ancient christian writer : the works of the fathers in translation ; ST. GREGORY : THE GREAT PASTORAL CARE,1950,THEOLOGY,
262,221.95D4922,Roland de Vaux,"Ancient Israel : Religious Institutions eith Bibliography, indexes and a Map",1961,THEOLOGY,
73,933D340,Ronald De Vaux,ANCIENT ISRAEL Volume 1,1959,REFERENCE (Library 2),
107,937L615,Anna Maria Liberati & Fabio Bourbon,ANCIENT ROME : HISTORY OF A CIVILIZATION THAT RULED THE WORLD,1996,General Reference,
433,226.1C233,CARLO CARRETTO,AND GOD SAW THAT IT WAS GOOD translated by Alan Neame,1989,Filipiniana,
147,232.97El 78,Edward L.R. Elson,AND STILL HE SPEAKS : the words of the Risen Christ,1956,THEOLOGY,
223,,,"And the Thirty-Second General Congregation vol.3,no.17",1974,PERIODICAL,
95,232.9Ar34,"C.G. AREVALO, S.J.",AND THEY SHALL NAME HIM EMMANUEL,1999,Filipiniana,
303,262.21At719,,ANG ATONG KINABUHI SA PAROKYA Higugma-a Ang Imong Parokya,1988,Filipiniana,
213,226M417,"Juan Mateos, S.J.",ang BAG-ONG KASABOTAN ug ang MENSAHE ni JESUS,1976,Filipiniana,
141,225.599T736c.1,"P. JUAN T. TRINIDAD, S.J.",Ang Bagong TIPAN Ng Ating Mananakop at Panginoong JESUCRISTO,1964,Filipiniana,
142,225.599T736c.2,"P. JUAN T. TRINIDAD, S.J.",ANG BAGONG TIPAN Ng Ating Mananakop at Panginoong JESUCRISTO,1964,Filipiniana,
135,220.520599Eb14,Pedro Calungsod Bible Animators,Ang Ebanghelyo : gihubad gikan sa gigikanang pinulongan nga griyego,2012,Filipiniana,
295,226.4Eb14,,Ang Ebanghelyo ni Lucas,2000,Filipiniana,
168,238.2K156,San Roque Parish Kitobo,ANG KATEKISMO SA DOKTRINA KATOLIKA 1,n.d.,Filipiniana,
1,255.53C112 c.1,"P. Rodolfo P. Cabonce, S.J.",Ang mga Ehersisyos Espirituales ni San Ignacio De Loyola,1975,Filipiniana,
2,255.53C112 c.2,"P. Rodolfo P. Cabonce, S.J.",Ang mga Ehersisyos Espirituales ni San Ignacio De Loyola,1975,Filipiniana,
3,255.53C112 c.3,"P. Rodolfo P. Cabonce, S.J.",Ang mga Ehersisyos Espirituales ni San Ignacio De Loyola,1975,Filipiniana,
143,248.3V712,"Cristobal V. Villapando, S.J.",ANG MGA Pangaluluwang Pagsasanay ni San Ignacio,1967,Filipiniana,
67,230Se84,"Pedro C. Sevilla, S.J.",Ang Salita ng Diyos At Tugon ng Tao,1999,Filipiniana,
537,220Sa596,,ANG SANTOS NGA BIBLIYA,1990,Filipiniana,
110,704.948W691,Peter Lamborn wiilson,ANGELS,1980,General Reference,
54,271.53An787,,ANNUARIUM SOCIETATIS IESU 1964 1965,1965,SPECIAL COLLECTION,
207,248.4W930,Brayant Wright,ANOTHER MINUTE OF YOUR TIME,2000,SPIRITUALITY,
264,248.5R862,L. M. Rulla S.J.,"Anthropology of the Christian Vocation, Volume 1",1986,THEOLOGY,
4,152.4St351,Heiri Steiner & Jean Gebser,ANXIETY A CONDITION OF MODERN MAN,1962,REFERENCE (Library 2),
48,261.2Ap46,,APOSTOLIC EXHORTATION FAMILIARIS CONSORTO OF HIS HOLINESS POPE JOHN PAUL II TO THE EPISCOPATE TO THE CLERGY AND TO THE FAITHFUL OF THE WHOLE CATHOLIC CHURCH REGARDING THE ROLE OF THE CHRISTIAN FAMILY MODERN WORLD,,PAPAL COLLECTION,
50,232.91Ap46,,APOSTOLIC EXHORTATION MARIALIS CULTUS OF HIS HOLINESS PAUL VI TO ALL BISHOPS IN PEACE AND COMMUNION WITH THE APOSTOLIC SEE FOR THE RIGHT ORDERING AND DEVELOPMENT OF DEVOTION TO THE BLESSED VIRGIN MARY,,PAPAL COLLECTION,
13,232.91Ap46,,APOSTOLIC EXHORTATION MARIALIS CULTUS OF HIS HOLINESS PAUL VI TO ALL BISHOPS IN PEACE AND COMMUNIOS WITH THE APOSTOLIC SEE FOR THE RIGHT ORDERING AND DEVELOPMENT OF DEVOTION TO THE BLESSED VIRGIN MARY,,PAPAL COLLECTION,
89,262.91Ap46,,APOSTOLIC EXHORTION THE ROLE OF THE CHRISTIAN FAMILY IN THE MODERN WORLD : FAMILIARIS CONSORTIO,,PAPAL COLLECTION,
49,261.8Ap46,,APOSTOLIC LETTER MULIERIS DIGNITATEM OF THE SUPREME PONTIFF JOHN PAUL II ON THE DIGNITY AND VOCATION OF WOMEN ON THE OCCASION OF THE MARIAN YEAR,,PAPAL COLLECTION,
67,262.7Ap46,,APOSTOLIC LETTER NOVO MILLENNIO INEUNTE OF HIS HOLINESS TO THE BISHOPS CLCLEGY AND LAY FAITH AT THE CLOSE OF THE CLOSE OF THE GREAT JULIBBE OF THE YEAR 2000,,PAPAL COLLECTION,
12,262.91Ap46,,APOSTOLIC LETTER OF THE SUPREME PONTIFF JOHN PAUL II ON CATHOLIC UNIVERSITIES,,PAPAL COLLECTION,
11,264.01Ap46,,APOSTOLIC LETTER OF THE SUPREME PONTIFF JOHN PAUL II ON THE 25TH ANNIVERSARY OF THE PROMULGATION OF THE CONCILIAR CONSTITUTION SACROSANCTUM CONCILIUM ON THE SACRED LITURGY,,PAPAL COLLECTION,
568,242Z38,Dom Hubert Van Zeller,APPROACH TO PRAYER,1958,SPIRITUALITY,
421,241.6L177,"Antonio B. Lambino, S.J.",APPROACHES TO CHRISTIAN DECISION : occasional lectures and papers,1976,Filipiniana,
44,248.4Ap95d,,APUNTES IGNACIANOS DESPUÉS DE SANTO DOMINGO: UNA ESPIRITUALIDAD RENOVADA.,1992,SPECIAL COLLECTION,
42,248.4Ap95f,,APUNTES IGNACIANOS FORMACION; PROPUESTAS DESDE AMÉRICA LATINA,1992,SPECIAL COLLECTION,
43,248.4Ap95g,,APUNTES IGNACIANOS GUíAS PARA EJERCICIOS EN LA VIDA CORRIENTE (II),1992,SPECIAL COLLECTION,
33,248.4Ap95,,"APUNTES IGNACIANOS IGNACIO DE LOYOLA, PEREGRINO EN LA IGLESIA (UN ITINERARIO DE COMUNIÓN ECLESIAL)",1992,SPECIAL COLLECTION,
63,248.4Ap95,,"APUNTES IGNACIANOS LOS EJERCICIOS ""...REDESCUBRIR SU DINAMISMO EN FUNCIÓN DE NUESTRO TIEMPO...""",1992,SPECIAL COLLECTION,
868,282.0924Er29,Placido Erdozain,ARCHBISHOP ROMERO MARTYR OF SALVADOR,1980,SPIRITUALITY,
258,248.32G267,Joan Bel Geddes,ARE YOU LISTENING GOD? (I NEED YOU) ,1994,SPIRITUALITY,
506,248.2G223,Kay Gates,ARE YOU READY TO PAY THE PRICE? HOW MUCH? - YOUR LIFE,,SPIRITUALITY,
309,242.62G945,"Nil Guillemette, S.J.",Arise my love : God tales for young and old,1991,Filipiniana,
238,261.57R993,Philip Graham Ryken,Art for God's Sake : A call to recover the arts,1995,THEOLOGY,
242,261.57B817,Hilary Brand,Arts & Soul : Signposts For Christians in the Arts,2001,THEOLOGY,
388,248.4F391,Angelo Fernandes,AS YOU PRAY SO YOU LIVE,1996,SPIRITUALITY,
587,248.2Sa221,St. John of the Cross,ASCENT OF MOUNT CARMEL : A masterpiece in the literature of mysticism,1958,SPIRITUALITY,
663,242.34M826,Robert F. Morneau,ASHES TO EASTER : Lenten Meditation,1957,SPIRITUALITY,
240,266.023K913,"James H. Kroeger, MM",ASIA-CHURCH IN MISSION ; Exploring Ad Gentes Mission Initiatives of the local churches in asia in the Vatican II Era,1999,Filipiniana,
5,248.4C823,"MAURIZIO COSTA, S.J.",ASPETTI DELLO STILE DI ELEZIONE DI S. IGNACIO NELL' AUTOBIOGRAFIA,1974,SPECIAL COLLECTION,
3,700.92H426,Ma. Alessandra L. Hermano,AT HOME WITH FILIPINO ART AND ARTISTS,2001,FILIPIANA (LIBRARY 2),
634,248.3L585c.2,"Hedwig Lewis, S.J.","AT HOME WITH GOD : A ""SEED-LIFE""Programme Guide spirituality exercises to enrich daily- life ",1992,SPIRITUALITY,
635,248.3L585c.1,"Hedwig Lewis, S.J.","AT HOME WITH GOD : A ""SEED-LIFE""Programme Guide spirituality exercises to enrich daily- life (phtoto copy)",1992,SPIRITUALITY,
,,"Fr. Tom O'Hara, S.J",AT HOME WITH THE SPIRIT -  PART 1,1966,BOOKLET,
,,"Fr. Tom O'Hara, S.J",AT HOME WITH THE SPIRIT -  PART 2,1967,BOOKLET,
,,"Fr. Tom O'Hara, S.J",AT HOME WITH THE SPIRIT -  PART 3,1968,BOOKLET,
482,234.77At1,,AT HOME WITH YOUR ROSARY AND NOVENA,n.d.,Filipiniana,
99,378.1At27,"Richie R. Fernando, S.J",ATENEO ALUMNI DIRECTORY 3RD INTERNATIONAL EDITION-1998,1998,General Reference,
105,220.5M471,F.Van Der Meer & Christine Mohrmann,ATLAS OF THE EARLY CHRISTIAN WORLD,1958,General Reference,
9,,,AUCTIONEERS GLERUM,,SPECIAL COLLECTION LIB 2,
157,248.3405 C333a,,AVAILABILITY ... THE HEART OF OUR IDENTITY ...,1978,PERIODICAL,
70,275.99G437c.1,"Pasquale T. Giordano, S.J.",AWAKENING TO MISSION The Philippine Catholic Church 1965-1981,1988,Filipiniana,
71,275.99G437c.2,"Pasquale T. Giordano, S.J.",AWAKENING TO MISSION The Philippine Catholic Church 1965-1981,2003,Filipiniana,
624,248.482D393,"Anthony de Mello, S.J.",AWARENESS :  A de mello spirituality conference in his own words ,1990,SPIRITUALITY,
11, 271.9Aw73,,AWROC DIRECTORY ASSOCIATION OF WOMEN RELIGIOUS OF CEBU,1986,GEN-REF2,
63,371.32B146,,BAG-ONG LIBRO SA ESKWELAHAN,1978,FILIPIANA (LIBRARY 2),
269,271.5Sa551,"Mateo Sanchez, S.J.",Balik Lantaw: Diary of a Jesuit Missionary,2023,Filipiniana,
28,,Ein Dorf,BANNWIL ,1993,SPECIAL COLLECTION LIB 2,
42,262 Az25,"Marcello deC. Azevedo, S.J.",BASIC ECCLESIAL COMMUNITIES IN BRAZIL : the challenge of a new way of being church,1987,THEOLOGY,
197,262B292c.1,,BASIC ECCLESIAL COMMUNITY : CHURCH FROM THE ROOTS,1972,THEOLOGY,
198,262B292c.2,,BASIC ECCLESIAL COMMUNITY : CHURCH FROM THE ROOTS,1972,THEOLOGY,
164,262.26M339,,BASIC ECCLESIAL COMMUNITY: CHURCH FROM THE ROOTS,n.d.,THEOLOGY,
81,158.1M451,John C. Maxwell,BE ALL YOU CAN BE! : A challenge stretch to your given potential,1960-1984,FILIPIANA (LIBRARY 2),
,,"Je. English , B.J",BEATIFICATION OF THREE JESUITS ,,BOOKLET,
542,272.092 B380,,BEATO HANNIBAL DI FRANCIA ( Cebuano comics type/magazine) Life of the saint,n.d.,Filipiniana,
106,248.2B385,Henri J.M. Nouwen,BEAUTY OF THE BELOVED,1998,SPIRITUALITY,
794,242B623,Anthony Bloom,BEGINNING TO PRAY,1970,SPIRITUALITY,
85,362.19697992G578,Rabbi Harris R. Goldstein,BEING A BLESSING 54: Ways you can help peole living with aids,1995,REFERENCE (Library 2),
20,P271,Ann Patchett,BEL CANTO,2001,FICTION,
585,248.89P959,E.J. Franasiak,BELONGING: ISSUES OF EMOTIONAL LIVING IN AN AGE OF STRESS FOR CLERGY AND RELIGIOUS,1979,SPIRITUALITY,
156,271.45H561,"Stephanus Hilpisch, O.S.B",BENEDICTINISM THROUGH CHANGING CENTURIES,1958,SPIRITUALITY,
475,248.3W560,Joseph P. Whelan,BENJAMIN ESSAYS IN PRAYER,1972,SPIRITUALITY,
69,892.7c417,Chekhov,BEST PLAYS ,1956,REFERENCE (Library 2),
691,248.4G223,Kay Gates,BEYOND THE CROSS NO TURNING BACK,,SPIRITUALITY,
364,261.8H384,FR. HERMANN HENDRICKX,BIBLE ON JUSTICE,1978,Filipiniana,
198,252.2B4741,Carmelite Community,Bible Services: Leader's Manual,1981,Filipiniana,
89,220B471i,Bernardo Hurault,Biblia SA Kristohanong Katilingban ( Ikaduhang edisyon),1992,Filipiniana,
88,220.B471u,Bernardo Hurault,Biblia SA Kristohanong Katilingban ( Unang edisyon),1992,Filipiniana,
153,220.93M692,T.C.Mitchell,BIBLICAL ARCHAEOLOGY; DOCUMENTS FROM THE BRITISH MUSEUM,1988,General Reference,
139,252L522,"Bernard J. Lefrois, S.V.D.",BIBLICAL NOTES AND HOMILIES,n.d.,THEOLOGY,
949,248.3C964c.1,"Gilles Cusson, S.J.",BIBLICAL THEOLOGY AND THE SPIRITUAL EXERCISES : A method toward a personal experience of god as accomplishing within us his plan of salvation,1988,SPIRITUALITY,
950,248.3C964c.2,"Gilles Cusson, S.J.",BIBLICAL THEOLOGY AND THE SPIRITUAL EXERCISES : A method toward a personal experience of god as accomplishing within us his plan of salvation,1988,SPIRITUALITY,
951,248.3C964c.3,"Gilles Cusson, S.J.",BIBLICAL THEOLOGY AND THE SPIRITUAL EXERCISES : A method toward a personal experience of god as accomplishing within us his plan of salvation,1988,SPIRITUALITY,
952,248.3C964c.4,"Gilles Cusson, S.J.",BIBLICAL THEOLOGY AND THE SPIRITUAL EXERCISES : A method toward a personal experience of god as accomplishing within us his plan of salvation,1988,SPIRITUALITY,
953,248.3C964c.5,"Gilles Cusson, S.J.",BIBLICAL THEOLOGY AND THE SPIRITUAL EXERCISES : A method toward a personal experience of god as accomplishing within us his plan of salvation,1988,SPIRITUALITY,
133,226.3M992,Ched Myers,BINDING THE STRONG MAN,1988,THEOLOGY,
843,271.9102D630c.1,"Joseph I.Dirvin, C.M",BLESSED ELIZABETH ANN SETON,1985,SPIRITUALITY,
844,271.9102D630c.2,"Joseph I.Dirvin, C.M",BLESSED ELIZABETH ANN SETON,1985,SPIRITUALITY,
543,272.092T871,"Teodoro Tusino, R.C.J.",BLESSED HANNIBAL MARY DI FRANCIA,1990,Filipiniana,
565,282.0924F844,"Fr. Mario Francesconi, C.S.",BLESSED JOHN BAPTIST SCALABRINI,n.d.,Filipiniana,
106,282.092M733,"Paolo Molinari, S.J.",Blessed Miguel Agustin Pro Jesuit Priest And Christ's Witness unto Death,1994,Filipiniana,
414,271.5302St133,"Hans Staffner, S.J.","BLESSED RUPERT MAYER, S.J.",1993,SPIRITUALITY,
239,264.1B617,,Blessing of the Belen ( Pagbabasbas ng Belen ),1990,Filipiniana,
21,Sa714,Jose Saramago,BLINDESS,1995-1997,FICTION,
276,234.3B456,"Luis M. Bermejo, S.J.",Body Broken and Blood Shed,1989,THEOLOGY,
8,264.019B644,,BOOK OF PRAYER ( a short breviary / litrurgical Horarum ),1974,SPIRITUALITY,
,,Joan Carrera I Carrere,"BOOKLETS :  A difficult and society from an ethical perspective, n.141",2011,,
,,M. Dolorsd Oller I Sala,"BOOKLETS : Building a sence of community : the new world order and religious , n.131",2008,,
,,Cristianisme I Justicia,"BOOKLETS : Commentary on the ""Notification ""regarding jon sobrino, n.126",2007,BOOKLET,
,,"Teresa Forcades I Vila, MD OSB","BOOKLETS : Crimes and abuses of the pharmaceutical industry, 124",2006,BOOKLET,
,,Joan Carrera I Carrere,"BOOKLETS : Identities for the 21st century, n.127",2007,,
,,Jaume Flaquer Garcia,"BOOKLETS : iItinerant lives,n.128 ",2007,,
,,Demetio Velasco Criado,"BOOKLETS : Is private property theft?, n.130",2008,,
,,"Xavier Alegre, S.J","BOOKLETS : Jesus , Judas Da Vinci, n.125",2007,BOOKLET,
,,"Daniel Izuzquisa, S.J","BOOKLETS : Kenotic revolution the spiritual politics of dorothy day, n.135",2009,,
,,"luis Magrina , s.j","BOOKLETS : Regueed in the 21st century can we find a solution, n.123",2006,BOOKLET,
,,Jose Laguna,"BOOKLETS : Taking stock of reality taking responsibility for reality and taking charge of reality, n.143",2012,,
,,Josep Gimenez,"BOOKLETS : The questions we carry within us , n.134 ",2009,,
,,"Xavier Alegre, S.J",BOOKLETS : What is happeming in the church? N.129,2008,,
434,264.02B457,"Paul Bernier, SSS",BREAD BROKEN AND SHAPED : broadening our vision of eucharist,1981,Filipiniana,
520,242M558,Thomas Merton,BREAD IN THE WILDERNESS,1953,SPIRITUALITY,
99,248.3C992,Jim Cymbala,BREAK THROUGH PRAYER : the secret of receiving what you need from God,2003,Filipiniana,
601,248.3L648,"Mark Link, S.J.",BREAKAWAY: Twenty - eight  step  to a more reflective life,1980,SPIRITUALITY,
92,282J613,,BREAKFAST WITH THE POPE ,1995,PAPAL COLLECTION,
677,242.86M951,Cecil Murphy,BREAKING THE SILENCE : Spiritual help when someone you love is mentally ill,1989,SPIRITUALITY,
79,W357,Evelyn Waugh,BRIDESHEAD REVISITED,1945-1962,FICTION,
435,262.15Ac47,P.S. de Achutegui,BRIEF CATECHISM on the LAITY,1987,Filipiniana,
28,D854,Andre Dubus,BROKEN VESSELS,1991,FICTION,
52,P442,Ellis Peters,BROTHER CADFAEL'S PENANCE,1994,FICTION,
151,     248.22B849,,BTA. ANA DE SAN BARTOLOME OBRAS COMPLETAS,1998,SPECIAL COLLECTION,
204,261.26W169,M. O' C. WALSHE,BUDDHISM AND CHRISTIANITY: A POSITIVE APPROACH,n.d.,THEOLOGY,
262,306.8T126,Sr. Edna Tagamolila,Building communities of Love : a manual for marriage preparation and family life seminars,1999,Filipiniana,
82, 170W670,"Thomas William, LC",BUILDING ON SOLID GROUND : Authentic values and how to attain them,1995,FILIPIANA (LIBRARY 2),
74,423C144,,CAMBRIDGE: INTERNATIONAL DICTIONARY OF ENGLISH,1995,FILIPIANA (LIBRARY 2),
68,248.2M855,John P. Mossi & Suzanne Toolan,CANTICLES AND GATHERING PRAYERS,1989,SPIRITUALITY,
212,282.09759B328,Felix B. Bautista,Cardinal Sin and the Miracle of Asia : a biography by Felix B. Bautista,1987,Filipiniana,
276,201.661M781,Thomas Moore,CARE OF THE SOUL : A guide for cultivating depth and sacredness in everyday life,1992,SPIRITUALITY,
349,242P196,Edizioni Paoline,CARLO CARRRETTO: Blessed are you who believed,1980,Filipiniana,
4,016.9599C335,Confrado F. Ciriaco,CATALOGUE OF PHILIPPINE PICTURE POSTCARDS AMERICAN PERIOD: 1898 TO 1941,1955,FILIPIANA (LIBRARY 2),
25,C2004,,CATALOGUS : Provinciae Philippinae Societatis Jesu,2000,VERTICAL FILE,
26,C2001,,CATALOGUS : Provinciae Philippinae Societatis Jesu,2001,VERTICAL FILE,
27,C2002,,CATALOGUS : Provinciae Philippinae Societatis Jesu,2002,VERTICAL FILE,
28,C2003,,CATALOGUS : Provinciae Philippinae Societatis Jesu,2003,VERTICAL FILE,
29,C2004,,CATALOGUS : Provinciae Philippinae Societatis Jesu,2004,VERTICAL FILE,
30,C2006,,CATALOGUS : Provinciae Philippinae Societatis Jesu,2006,VERTICAL FILE,
31,C2007,,CATALOGUS : Provinciae Philippinae Societatis Jesu,2007,VERTICAL FILE,
32,C2008,,CATALOGUS : Provinciae Philippinae Societatis Jesu,2008,VERTICAL FILE,
33,C2011,,CATALOGUS : Provinciae Philippinae Societatis Jesu,2011,VERTICAL FILE,
34,C2005,Culion Chaplaincy,CATALOGUS : Provinciae Philippinae Societatis Jesu,2005,VERTICAL FILE,
35,C2009,,CATALOGUS : Provinciae Philippinae Societatis Jesu,2009,VERTICAL FILE,
64,271.53C280,,CATALOGUS PROVINCIAE IAPONICAE SOCIETATIS IESU,2001,SPECIAL COLLECTION,
22,C2007,,CATALOGUS PROVINCIAE SINENSIS SOCIETATIS JESU,2007,VERTICAL FILE,
28," 271.53C280,1999",,CATALOGUS PROVINCIARUM STATUUM FOEDERATORUM AMERICAE SOCIETATIS JESU USA-1999,1999,GEN-REF2,
29," 271.53C280,2000",,CATALOGUS PROVINCIARUM STATUUM FOEDERATORUM AMERICAE SOCIETATIS JESU USA-2000,2000,GEN-REF2,
22,271.53C280,,CATALOGUS PROVINCIARUM STATUUM FOEDERATORUM AMERICAE SOCIETATIS JESU USA-2001,2001,GEN-REF2,
30," 271.53C280,2003",,CATALOGUS PROVINCIARUM STATUUM FOEDERATORUM AMERICAE SOCIETATIS JESU USA-2003,2003,GEN-REF2,
31," 271.53C280,2007",,CATALOGUS PROVINCIARUM STATUUM FOEDERATORUM AMERICAE SOCIETATIS JESU USA-2007,2007,GEN-REF2,
32," 271.53C280,2008",,CATALOGUS PROVINCIARUM STATUUM FOEDERATORUM AMERICAE SOCIETATIS JESU USA-2008,2008,GEN-REF2,
84,268C282,,CATECHESI TRADENDAE : APOSTOLIC EXHORTATION OF HIS HOLINESS POPE JOHN PAUL II ON CATECHESIS IN OUR TIME,,PAPAL COLLECTION,
20,268.82,,"CATECHESIS IN OUR TIME : APOSTOLIC EXHORTATION CATECHESI TRADENDAE OF HIS HOLINESS POPE JOHN PAUL II TO THE EPISCOPATE, THE CLERGY AND THE FAITHFUL OF THE ENTIRE CATHOLIC CHURCH ON CATECHESIS IN OUR TIME",1979,PAPAL COLLECTION,
376,238.2C286,CBCP,Catechism for Filipino Catholics,1997,Filipiniana,
377,238.2C286,CBCP,Catechism for Filipino Catholics,1997,Filipiniana,
378,238.2C286,ECCCE,Catechism of the Catholic Church,1994,Filipiniana,
51,282.092P277,Frances Taylor Patterson,CATHERINE TEKAKWITHA,1958,SPIRITUALITY,
266,239.1R66,Philip St. Romain,Catholic Answers to Fundamentalists' Questions,1984,THEOLOGY,
102,262.12C286,,Catholic Bishops' Conference of the Philippines,1995,Filipiniana,
257,282.599092C286,,Catholic Bishops' Conference of the Philippines LETTERS and STATEMENTS 1984-1990,1990,Filipiniana,
101,282.025Of24,,CATHOLIC DIRECTORY : MOTHER TERESA CALCUTTA : ARCHDIOCESE OF AGANA,1998,General Reference,
102,282.025Of25,,CATHOLIC DIRECTORY : MOTHER TERESA CALCUTTA : ARCHDIOCESE OF AGANA,,General Reference,
83,248.4C286,,CATHOLIC GUIDELINES on FUNDAMENTALISM,1989,Filipiniana,
175,946.0811L951,Michael Eaude,"CATHOLICISM, WAR NAD FOUNDATION OF FRANCOISM",1979,THEOLOGY,
3,SP2002,,"CEBU ARCHDIOCESAN PRIESTS'CONGRESS : August 20,2002,ECOTECH Center , Cebu City Souvenier Issue",2002,VERTICAL FILE,
14,SP2002,,CEBU ARCHDIOCESAN PRIESTS'CONGRESS DUC IN ALTUM: A call to renewal,2002,VERTICAL FILE,
69,306.499221C321,,CEBUANO CULTURAL DIALOGS FOR ENRICHMENT,1979,FILIPIANA (LIBRARY 2),
12,"495.7M987v.2,1968",Muyargas Flores,CEBUANO FOR NON-FILIPINOS,1968,FILIPIANA (LIBRARY 2),
10,"499.2215C321,1980",,CEBUANO GRAMMAR AND PATTERN DRILL PART 11,1980,FILIPIANA (LIBRARY 2),
9,"499.2215C321,1981",,CEBUANO GRAMMAR AND PATTERN DRILLS PART 1,1981,FILIPIANA (LIBRARY 2),
8,499.2215C321,,CEBUANO GRAMMAR AND PATTERN DRILLS PART I,1977,FILIPIANA (LIBRARY 2),
11,499.2215C321Pt.2,,CEBUANO GRAMMAR AND PATTERN DRILLS PART ll,,FILIPIANA (LIBRARY 2),
395,264.02C330,,Celebrating the Eucharist with Mary : A Guidebook,2005,Filipiniana,
628,248.4896F811,Richard J. Foster,CELEBRATION OF DISCIPLINE: The path of spiritual growth,1978,SPIRITUALITY,
481,234.22C330,,CELEBRATIONS OF LIFE: A GUIDE TO DAILY PRAYER,1992,Filipiniana,
681,253.2C330,Joseph H. Fichter Et Al.,CELIBACY : The necessary option,1968,SPIRITUALITY,
603,248.2F247,Edward J. Farrell,CELTIC MEDITATIONS,1976,SPIRITUALITY,
826,248.32P384,"M. Basil Pennington, O.C.S.O.",CENTERING PRAYER: Renewing an ancient christain prayer form,1980,SPIRITUALITY,
90,261.1C333,,CENTESIMUS ANNUS : ENCYCLICAL LETTER OF THE SUPREME PONTIFF JOHN PAUL II ONTHE HUNTDREDTH ANNIVERSARY OF RERUM NOVARUM,1991,PAPAL COLLECTION,
289,,,CENTURM IGNATIAN SPIRITUALTATIS [CIS] Casella Postale 9048 ROMA [ITALIA]  (c.1),1970,PERIODICAL,
290,,,CENTURM IGNATIAN SPIRITUALTATIS [CIS] Casella Postale 9048 ROMA [ITALIA]  (c.2),1970,PERIODICAL,
245,255.53Ar699,Pedro Arrupe S.J.,CHALLENGE TO RELIGIOUS LIFE TODAY,1979,SPIRITUALITY,
956,248.29L648c,Mark Link S.J.,CHALLENGE: A meditation program based on the spiritual exercises of St. Ignatius ,1988,SPIRITUALITY,
911,248.8942M232,"C.J. McSnappy, S.J.",CHANGE NOT CHANGES : New directions in religious life and priesthood,1968,SPIRITUALITY,
869,234.13H432,Benedict Heron,CHANNELS OF HEALING PRAYER,1989,SPIRITUALITY,
813,242P353c.1,"Francis X. Peirce, S.J.",CHAPTER I OF PONDER SLOWLY Chapter I,1958,SPIRITUALITY,
814,242P353c.2,"Francis X. Peirce, S.J.",CHAPTER I OF PONDER SLOWLY Chapter I,1958,SPIRITUALITY,
815,242P353,"Francis X. Pierce, S.J.",CHAPTER I OF PONDER SLOWLY chapter II,1957,SPIRITUALITY,
48,232.96Sh358,Rev. Fulton J. Sheen,CHARACTERS OF THE PASSION,1947,SPIRITUALITY,
654,266.2D716,Joseph G.Donders,CHARGED WITH THE SPIRIT : Mission is for everyone,1993,SPIRITUALITY,
394,271.79L892,Segius C. Lorit,CHARLES DE FOUCAULD THE SILENT WITNESS,1966,SPIRITUALITY,
259,261.8C385,,"CHARTER OF THE RIGHTS OF THE FAMILY: PRESENTED BY THE HOLY SEE TO ALL PERSONS, INSTITUTIONS AND AUTHORITIES CONCERNED WITH THE MISSION OF THE FAMILY IN TODAY'S WORLD",1983,Filipiniana,
251,255.6C389,,Chastity,1954,THEOLOGY,
47,C393,,CHAUCER CANTERBURY TALES A BANTAM DUAL-LANGUAGE BOOK,1964,FICTION,
60,305.89510599c441,,CHINESE FILIPINOS,2003,FILIPIANA (LIBRARY 2),
92,641.5637C449,,CHIVA-SOM NATURAL WAY TO HEALTHY EATING AND LIVING,2001,GEN-REF2,
356,248.3T291,"Joseph A. Tetlow, S.J.",CHOOSING CHRIST IN THE WORLD,1989,SPIRITUALITY,
108,248.3T291,"Joseph A. Tetlow, S.J",CHOOSING THE CHRIST IN THE WORLD,1989,General Reference,
258,232G471,"R.W. Gleason, S.J.",Christ and the Christian,1959,THEOLOGY,
167,232B641,Dietrich Bonhoeffer,CHRIST THE CENTER,1960,THEOLOGY,
366,248.482C461,,CHRIST THE LIFE OF THE SOUL: Spiritual Exercises,1925,SPIRITUALITY,
50,241L585,C.S. Lewis,CHRISTIAN BEHAVIOUR,1946,SPIRITUALITY,
485,264.023C462c.1,,CHRISTIAN BURIAL RITE,1985,Filipiniana,
486,264.023C462c.2,,CHRISTIAN BURIAL RITE,1985,Filipiniana,
487,264.023C462c.3,,CHRISTIAN BURIAL RITE,1985,Filipiniana,
488,264.023C462c.4,,CHRISTIAN BURIAL RITE,1985,Filipiniana,
598,225.52C462c.1,,Christian Community Bible,1993,Filipiniana,
599,225.52C462c.2,,Christian Community Bible,1998,Filipiniana,
600,225.52C462c.3,,Christian Community Bible,1988,Filipiniana,
601,225.52C462c.4,,Christian Community Bible,1988,Filipiniana,
10,250 R129,"Karl Rahner, S.J.",CHRISTIAN IN THE MARKET PLACE,1966,THEOLOGY,
411,248.34B217,Hans Urs Von Balthasar,CHRISTIAN MEDITATION,1989,SPIRITUALITY,
596,248.22Sh117,Emma Shackle,CHRISTIAN MYSTICISM,1978,SPIRITUALITY,
798,248.3J958,Joseph A. Jungmann,CHRISTIAN PRAYER THROUGH THE CENTURIES,1978,SPIRITUALITY,
416,242.2C462,,CHRISTIAN PRAYER: THE LITURGY OF THE HOURS,1960,SPIRITUALITY,
39,208L585,C.S. Lewis,CHRISTIAN REFLECTIONS,1981,SPIRITUALITY,
32,248.0902R137,Jill Raitt,CHRISTIAN SPIRITUALITY HIGH MIDDLE AGES AND REFORMATION,1988,SPIRITUALITY,
31,248.0903D928,Louis Dupre & Don E. Saliers,CHRISTIAN SPIRITUALITY POST-REFORMATION AND MODERN,1991,SPIRITUALITY,
493,248.09W861,"Richard Woods, O.P",CHRISTIAN SPIRITUALITY: God' presence through the ages,1989,SPIRITUALITY,
29,248.09M175,"Bernard McGinn, editor",CHRISTIAN SPIRITUALITY: ORIGINS TO THE TWELFTH CENTURY,1985,SPIRITUALITY,
13,230.2 D340,PIERRE Teilhard De Chardin,CHRISTIANITY AND EVOLUTION translated by Rene Hague,1969,THEOLOGY,
161,248.05W364c,,CHRISTIANITY AND THE MYSTICAL,2001,PERIODICAL,
36,230 D719,Vincent J. Donovan,CHRISTIANITY REDISCOVERED,1978,THEOLOGY,
177,231.5C138,"Thomas E. Clarke, S.J.",CHRISTOLOGY AND LIBERATION,n.d.,THEOLOGY,
176,248.8C496,,Circular Letter concerning some of the more urgent aspects of spiritual formation in seminaries,1980,SPIRITUALITY,
143,248.3405C333 v.77,,CIS 1976-77 VOL. 7-8 N0. 21-26,1976,PERIODICAL,
145,248.3405C333 v.79,,CIS 1978-79 VOL. 9-10,1978,PERIODICAL,
148,248.3405C333 v.11-12,,CIS 1980-81 VOL. 11-12 NO.33-38,1980,PERIODICAL,
147,248.3405C333 v.25-26,,CIS 1994-95 VOL. 25-26,1994,PERIODICAL,
144,248.3405C333v.13,,CIS VOL. 13 1982-83,1982,PERIODICAL,
150,248.3405C333 v.15,,CIS VOL. 15 1984-85,1984,PERIODICAL,
149,248.3405C333 v.17,,CIS VOL. 17 1986,1986,PERIODICAL,
146,248.3405C333 v.21-22,,CIS VOL. 21-22 1990-91,1990,PERIODICAL,
142,248.3405C333 v.21-22,,CIS VOL. 21-22 1992-1993,1992,PERIODICAL,
22,230Sa221,St. Augustine,City of God : an abridge version ,2009,THEOLOGY,
54,909C547,Kenneth Clark,CIVILISATION,1969,GEN-REF2,
419,271.97B632,Murray Bodo,CLARE A LIGHT IN THE GARDEN,1979,SPIRITUALITY,
83,811.3M497,Herman Melville,CLAREL,1991,GEN-REF2,
30,291.4091822Ar571,"A.H. Armstrong, editor","CLASSICAL MEDITERRANEAN SPIRITUALITY: EGYPTIAN, GREEK, ROMAN",1986,SPIRITUALITY,
116,271.53022B224,"William V. Bangert, S.J.",CLAUDE JAY AND ALFONSO SALMERON: TWO EARLY JESUITS,1985,SPIRITUALITY,
71,248.4C648,"VÍCTOR CODINA, S.J.",CLAVES PARA UNA HERMENÉUTICA DE LOS EJERCICIOS,1993,SPECIAL COLLECTION,
329,277.092Ab33,"ANDRES L. ABEJO, PH. D.",CLOSE TO THE SUN,1981,Filipiniana,
36,242C654,,Coffee Time ICST Reflections Cycle C,2003,Filipiniana,
9,D541C.1,Jared Diamond,COLLAPSE: HOW SOCIETIES CHOOSE TO FAIL OR SUCCEED,2005,FICTION,
10,D541c.2,Jared Diamond,COLLAPSE: HOW SOCIETIES CHOOSE TO FAIL OR SUCCEED,2005,FICTION,
57,824C426,G.K. Chesterton,COLLCETED WORKS VOLUME XXX: THE ILLUSTRATED LONDON NEWS 1914-1916,1988,REFERENCE (Library 2),
455,264.03Si61,"JAIME L. CARDINAL SIN, D.D.",COLLECTIO RITUUM participation and compiled by Msgr. Moises B. Andrade Jr. upon the order of his eminence Jaime I. Cardinal Sin,1983,Filipiniana,
138,226.2077H237,"Daniel J. Harrington, S.J.",Collegeville Bible Commentary 1 : The Gospel According to Matthew ,1983,BIBLICAL STUDIES,
132,227.87077M244,"George W. MacRae, S.J.",Collegeville Bible Commentary 10 : HEBREWS,1983,BIBLICAL STUDIES,
131,228.07P419,Pheme Perkins,Collegeville Bible Commentary 11 : The Book of Revelation,1983,BIBLICAL STUDIES,
137,226.3077L642,"Philip Van Linden, C.M.",Collegeville Bible Commentary 2 : The Gospel According to Mark,1983,BIBLICAL STUDIES,
136,220.5077F613,"Neal M. Flanagan, O.S.M.",Collegeville Bible Commentary 4 : The Gospel According to John and the Johannine Epistles,1983,BIBLICAL STUDIES,
135,227.1077P641,John J. Pilch,Collegeville Bible Commentary 6 : Galatians and Romans,1983,BIBLICAL STUDIES,
134,227.077H298,"Ivan Havener, O.S.B.","Collegeville Bible Commentary 8 : First Thessalonians, Philippians, Philemon, Second Thessalonians, Colossians, Ephesians",1983,BIBLICAL STUDIES,
133,227.8077N497,"Jerome H. Neyrey, S.J.","Collegeville Bible Commentray 9 : First Timothy, Secondary Timothy, Titus, James, First Peter, Second Peter, Jude",1983,BIBLICAL STUDIES,
7,364.1323C731,,COMBATING CORRPUTION IN THE PHILIPPINES,2000,FILIPIANA (LIBRARY 2),
161,242.4R145c.1,Rev. Msgr. Joseffino S. Ramirez,COME TO ME IN THE BLESSED SACRAMENT,1988,Filipiniana,
162,242.4R145c.2,Rev. Msgr. Joseffino S. Ramirez,COME TO ME IN THE BLESSED SACRAMENT,1988,Filipiniana,
163,242.4R145c.3,Rev. Msgr. Joseffino S. Ramirez,COME TO ME IN THE BLESSED SACRAMENT,1988,Filipiniana,
,242.4R145c.4 -  5,Rev. Msgr. Joseffino S. Ramirez,COME TO ME IN THE BLESSED SACRAMENT (number of copies 5),1989,Filipiniana (Duplicate copies),
312,248.3F75,"Bishop Francis Xavier Ford, M.M., D.D.","COME, HOLY GHOST : Thoughts on renewing the earth as the kingdom of god",1953,SPIRITUALITY,
594,265.85T161c,Fr. Larry Tan,Coming Home .. Death and dying with common prayers for the dead,n.d.,Filipiniana,
223,248.343D357c.2,Simon Decloux,COMMENTARIES ON THE LETTERS AND SPIRITUAL DIARY OF ST. IGNATIUS LOYOLA,1982,SPIRITUALITY,
224,248.343D357c.3,Simon Decloux,COMMENTARIES ON THE LETTERS AND SPIRITUAL DIARY OF ST. IGNATIUS LOYOLA,1966,SPIRITUALITY,
222,248.343D357c.1,Simon Decloux,COMMENTARIES ON THE LETTERS AND SPIRITUAL DIARY OF ST. IGNATIUS LOYOLA.,1982,SPIRITUALITY,
835,234.6P759,Espinosa Polit,COMMENTARY ON THE LETTER ON OBEDIENCE,1947,SPIRITUALITY,
140,255.5C651,"AUGUST COEMANS, S.J",COMMENTARY ON THE RULES OF THE SOCIETY OF JESUS,1942,General Reference,
433,248.342M793c.1,"Elder Mullan, S.J",COMMENTARY ON THE SPIRITUAL EXERCISES OF ST. IGNATIUS OF LOYOLA,1966,SPIRITUALITY,
434,248.342M793c.2,"Elder Mullan, S.J",COMMENTARY ON THE SPIRITUAL EXERCISES OF ST. IGNATIUS OF LOYOLA,1966,SPIRITUALITY,
365,248.3C736,,Commentary on the Spiritual Exercises of St. Ignatius of Loyola ; comment of directory on the spiritual exercises by W.H. Longridge ; The Directory in reference to the spiritual excersises II directorio by Antonio Ciccolin,1966,Filipiniana,
366,248.3C736,,Commentary on the Spiritual Exercises of St. Ignatius of Loyola ; comment of directory on the spiritual exercises by W.H. Longridge ; The Directory in reference to the spiritual excersises II directorio by Antonio Ciccolin,1966,Filipiniana,
367,248.3C736,,Commentary on the Spiritual Exercises of St. Ignatius of Loyola ; comment of directory on the spiritual exercises by W.H. Longridge ; The Directory in reference to the spiritual excersises II directorio by Antonio Ciccolin,1966,Filipiniana,
31,303.482Ei55,"Franz-Josef Eilers, svd",COMMUNICATING BETWEEN CULTURES,1992,FILIPIANA (LIBRARY 2),
16,248.3 M612,Charles E. Miller,"COMMUNICATING WITH CHRIST : homilies on the ""C"" cycle of readings for Sunday and holy days",1973,THEOLOGY,
488,248.29M735,"Donatien Mollat, S.J","COMMUNICATION : from the international service in Ignatian Spirituality, Rome",1975,SPIRITUALITY,
286,,"Iganacio Iparraguirre, S.J","COMMUNICATIONS FROM THE INTERNATIONAL SERVICE IN IGNATIAN SPIRITUALITY, ROME NO.1",1974,PERIODICAL,
287,,,"COMMUNICATIONS FROM THE INTERNATIONAL SERVICE IN IGNATIAN SPIRITUALITY, ROME NO.2, NO.3",1975,PERIODICAL,
288,,,"COMMUNICATIONS FROM THE INTERNATIONAL SERVICE IN IGNATIAN SPIRITUALITY, ROME NO.4",1975,PERIODICAL,
323,242.2Ec41,"Ignacio Echaniz, S.J.",COMMUNITY PRAYER BOOK,1996,SPIRITUALITY,
718,242Ec41c.1,"Ignatius Echaniz, S.J",COMMUNITY PRAYER- BOOK,1984,SPIRITUALITY,
719,242Ec41c.2,"Ignatius Echaniz, S.J",COMMUNITY PRAYER- BOOK,1984,SPIRITUALITY,
,242Ec41c.3 - 6,"Ignatius Echaniz, S.J",COMMUNITY PRAYER- BOOK (number of copies 6),1984,SPIRITUALITY Library 2 (Duplicate copies),
29,261.8F448,,COMPAGNI DI GESÙ INVIATI NEL MONDO D'OGGI,1984,SPECIAL COLLECTION,
51,271.53W651,GÈRARD WILKENS,COMPAGNONS DE JÉUS LA GENÈSE DE L'ORDE DES JÈSUITES,1978,SPECIAL COLLECTION,
453,248.4C738,,COMPANION OF JESUS: Spiritual profile of the Jesuit Saints and Beati,1984,SPIRITUALITY,
293,242.34C738,,COMPANIONS IN THE MISSION OF JESUS : Text for prayer and reflection in the lenten and eastern seasons ,1987,SPIRITUALITY,
39,248.05C738,,"COMPASS : A Jesuit’s Journal, vol.11",1994,PERIODICAL,
40,248.05C738,,"COMPASS : A Jesuit’s Journal, vol.12",1995,PERIODICAL,
250,248.4M459,Donald P. McNeill,COMPASSION : A reflection on the Christian Life,1982,SPIRITUALITY,
49,264.02 H932,Bob Hurd,"COMPASSIONATE CHRIST, COMPASSIONATE PEOPLE : liturgical foundations of christian spirituality",2019,THEOLOGY,
149,271.53C738,,COMPENDIUM PARCTICUM IURIS SOCIETATIS IESU,1986,SPECIAL COLLECTION,
49,271.53L837,JUAN M. GARCIA-LOMAS,CON TEMOR Y AMOR' LA FISIONOMIA ESPIRITUAL DE SAN FRANCISCO BORJA,1979,SPECIAL COLLECTION,
47,701.17K131,Wassily Kandinsky,CONCERNING THE SPIRITUAL IN ART,1977,REFERENCE (Library 2),
17,912C748,,CONCISE EARTH BOOK WORLD ATLAS,1987,GEN-REF2,
34,248.4C964,GILLES CUSSON,CONDUIS-MOI SUR LE CHEMIN D'ÉTERNITÉ,1973,SPECIAL COLLECTION,
322,264C760,DIVINE WORD MISSIONARY,CONFERENCES AND HOMILIES FOR SPECIAL OCCASIONS,1982,Filipiniana,
124,282.092C76,,CONFERENCES ON THE CHIEF DECREES OF THE JESUIT GENERAL CONGREGATION XXXII : a symposium ,1976,THEOLOGY,
52,248.4C760,,"CONFERENTIAE, HOMILIAE, COLLOQUIA",1974,SPECIAL COLLECTION,
308,242.2H224,Bernard Haring,CONFESSION & HAPPINESS,1966,SPIRITUALITY,
368,230.2N856,Michael Novak,CONFESSION OF A CATHOLIC,1983,SPIRITUALITY,
531,224.06W832,Hans Walter Wolff,CONFRONTATIONS WITH PROPHETS,1983,SPIRITUALITY,
,,,CONGREGATION FOR CATHOLIC EDUCATION INSTRUCTION : Concerning the criteria for the discernment of vocations with homosesual tendencies in view of their admission to the seminary and to holy orders,2005,BOOKLET,
548,230.9C760,,CONGREGATION FOR THE DOCTRINE OF THE FAITH : Instruction on respect for human life in its origin and on the dignity of procreation replies to certain questions of the day,1989,Filipiniana,
145,266CR861,,CONGREGATION OF THE MISSIONARIES OF ST. CHARLES : RULES OF LIFE,1987,General Reference,
778,266.20924M249,"G.J. McSnappy,S.J.",CONQUISTADOR WITHOUT SWORD THE LIFE OF ROQUE GONZALEZ,1984,SPIRITUALITY,
517,262.1G165,"Excelso Garcia, O.P.",Consecrated and apostolic Life : according to the 1983 codex Juris Canonici,1984,Filipiniana,
170,232.09045J630c.1,Elizabeth A. Johnson,CONSIDER JESUS,1990,THEOLOGY,
171,232.09045J630c.2,Elizabeth A. Johnson,CONSIDER JESUS ( bound photocopy),1990,THEOLOGY,
,232.09045J630c.2 - 3,Elizabeth A. Johnson,CONSIDER JESUS (nimber of copies 3),1990,THEOLOGY (duplicate copies),
137,255.97C766,,CONSTITUTINS AND DIRECTORY OF THE MISSION CONGREGATION OF THE SERVANTSOF THE HOLY SPIRIT,1984,General Reference,
402,262C766,,CONSTITUTION & BY-LAWS OF THE ADORACION NOCTURNA FILIPINA,1971,Filipiniana,
133,255.94C766,,CONSTITUTIONS OF THE PIOUS SOCIETY OF THE DAUGHTERS OF ST. PAUL,1954,General Reference,
135,255.95C766,,CONSTITUTIONS OF THE SISTERS OF MERCY,,General Reference,
376,248.342C769,"Joseph F. Conwell, S.J.",CONTEMPLATION IN ACTION A STUDY IN IGNATIAN PRAYER,1957,SPIRITUALITY,
248,264.1C769,"Joseph F. Conwell, S.J.",CONTEMPLATION IN ACTION: A study in Ignatian prayer,1957,SPIRITUALITY,
177,255.5302Ip1,"Ignacio Iparraguirre, S.J.",Contemporary Trends in Studies on the Constitutions of the Society of Jesus,1974,General Reference,
84,333.70959914At25,Socorro B. Atega,CONVERGENCE FOR THE CARE OF CEBU'S ECOSYSTEMS,2019,FILIPIANA (LIBRARY 2),
2,499.2118242,Rufino Alejandro,CONVERSATIONAL TAGALOG,1971,GEN-REF2,
318,291.432W168,Neale Donald Walsch,CONVERSATIONS WITH GOD - AN UNCOMMON DIALOGUE BOOK 1,1995,SPIRITUALITY,
151,133.93W168,Neale Donald Walsch,CONVERSATIONS WITH GOD - AN UNCOMMON DIALOGUE BOOK 3,1998,SPIRITUALITY,
26,641.539C776,,COOKING FOR KIDS,1999,GEN-REF2,
41,641.5F624,Jenni Fleetwood,COOKING WITH CHILLIES,2009,GEN-REF2,
51,959.90460924K836,Lucy Komisar,CORAZON AQUINO: The story of revulotion,1987,FILIPIANA (LIBRARY 2),
43,616.8914C613,Jean Dalby Clift,CORE IMAGES OF THE SELF,1992,REFERENCE (Library 2),
417,242C765c.1,,COR-PROGRAM FOR THE SACRED HEART: FOR THE SANCTIFICATION OF PRIESTS AND RENEWAL OF CHRISTIAN LIFE ( a guidebook the episcopal commission on liturgy catholic bishops conference of the Philippines ),2003-2004,Filipiniana,
418,242C765c.2,,COR-PROGRAM FOR THE SACRED HEART: FOR THE SANCTIFICATION OF PRIESTS AND RENEWAL OF CHRISTIAN LIFE ( a guidebook the episcopal commission on liturgy catholic bishops conference of the Philippines ),2003-2004,Filipiniana,
72,234.16303Oc13,Michael O' Carroll,CORPUS CHRIST :AN ENCYCLOPEDIA :OF THE EUCHARISTIC,1988,General Reference,
50,821C817,"Alfrredo Navarro Salanga, editor",CORPUS: AN ANTHOLOGY OF POETS IN SEARCH OF GOD,1989,FILIPIANA (LIBRARY 2),
12,241.042 M137,"Richard A. McCormick, S.J.",CORRECTIVE VISION : explorations in moral theology,1994,THEOLOGY,
24,248.4820942T971,"Joseph N. Tylenda, S.J.",COUNSELS for JESUITS : selected letters and instructions of  SAINT IGNATIUS LOYOLA,1985,SPIRITUALITY,
216,253N856,Henri J.M. Nouwen,"CREATIVE MINISTYRY : BEYOND PROFESSIONALISM IN TEACHING, PREACHING, COUNSELING, ORGANIZING, AND CELEBRATING",1971,THEOLOGY,
19,306.85Or85,Carmela D. Ortigas,CREATIVE SOLO PARENTING: HERE'S HOW,2008,FILIPIANA (LIBRARY 2),
30,282J613,John Paul II,CROSSING THE THRESHOLD OF HOPE,1994,PAPAL COLLECTION,
16,220.5203C866,"Alexander Cruden, A.M.",CRUDEN'S COMPLETE CONCORDANCE,1968,BIBLICAL STUDIES,
14,269P46,,CURRENTS : PUEBLA MESSAGE : FULL TEXT OF PAPAL ADDRESS,,PAPAL COLLECTION,
47,645.3B171,Wendy Baker,CURTAIN RECIPES,2004,GEN-REF2,
73,252 L648,"Mark Link, S.J.",DAILY HOMILIES : Seasons & Feasts,1987,THEOLOGY,
65,933 R684,Henri Daniel Rops,DAILY LIFE IN THE NAME OF JESUS,1962,THEOLOGY,
87,242D143,Mary the Queen Parish,Daily Prayer and Reflections Liturgical Cycle A * Year 2,2007,Filipiniana,
97,782.6D149,,Dakilang Pag-ibig alay kay Fr. Eduardo P. Hontiveros ( selected choral & instrumental arrangements),2008,Filipiniana,
306,266.20924F249,John Farrow,DAMIEN THE LEPER,1954,SPIRITUALITY,
155,252.4Si41c.1,"Fr. Benjamin Sim, S.J.",Dare to Share : A compilation of weekly Sunday Homilies Year C,1999,Filipiniana,
156,252.4Si41c.2,"Fr. Benjamin Sim, S.J.",Dare to Share : A compilation of weekly Sunday Homilies Year C,1999,Filipiniana,
278,256Si41,"Fr. Benjamin Sim , S.J",Dare to Share Even more : A compilation of Sunday homilies,2002,THEOLOGY,
584,248.32H276,David J. Hassel,Dark intimacy : hope for those in difficult prayer-experiences,1986,Filipiniana,
51,C884,St.John of The Cross,DARK NIGHT OF THE SOUL,1959,FICTION,
13,362.1068D33,James W. Sedlak,"DEADLY DECEPTION INTERNATIONAL PLANNED PARENTHOOD'S ASSAULT ON YOUR CHILDREN, YOUR FAMILY AND YOUR NATION'S SOVERIGNTY VOLUME 1",1990,GEN-REF2,
616,248.84R878,Joyce Rupp,"DEAR HEART, COME HOME ; The path of midlife spirituality",1996,Filipiniana,
203,242.82D347,,Dear Jesus : a collection of prayers by the grade 3 students Xavier School S.Y. 2010-2011,2010,Filipiniana,
26,253D68,Catherine de Hueck Doherty,DEAR SEMINARIAN : LETTERS FROM A LAY APOSTLE ON BECOMING A SHEPHERD OF SOULS,2003,THEOLOGY,
564,241.697M369,"Rev. Paul Marx, O.S.B.",DEATH WITHOUT DIGNITY: Killing for mercy,1978,SPIRITUALITY,
9,155.937R733,ElisabetH Kübler-Ross,DEATH: FINAL STAGE OF GROWTH,1975,REFERENCE (Library 2),
955,248.29L648d,Mark Link S.J.,DECISION : A meditation program based on the spiritual exercises of St. Ignatius,1988,SPIRITUALITY,
80,241.66D357c.1,,DECLARATION ON CERTAIN QUESTIONS CONCERNING SEXUAL ETHICS ( with commentary),n.d.,Filipiniana,
81,241.66D357c.2,,DECLARATION ON CERTAIN QUESTIONS CONCERNING SEXUAL ETHICS ( with commentary),n.d.,Filipiniana,
179,262.092V667c.1,Ricardo J. Cardinal Vidal,"Declarations Observations and Statues : the fourth diocesan synod of Cebu November 10, 1985 - March 1, 1986",n.d.,Filipiniana,
180,262.092V667c.2,Ricardo J. Cardinal Vidal,"Declarations Observations and Statues : the fourth diocesan synod of Cebu November 10, 1985 - March 1, 1986",n.d.,Filipiniana,
181,262.092V667c.3,Ricardo J. Cardinal Vidal,"Declarations Observations and Statues : the fourth diocesan synod of Cebu November 10, 1985 - March 1, 1986",n.d.,,
182,262.092V667c.4,Ricardo J. Cardinal Vidal,"Declarations Observations and Statues : the fourth diocesan synod of Cebu November 10, 1985 - March 1, 1986",n.d.,Filipiniana,
183,262.092V667c.5,Ricardo J. Cardinal Vidal,"Declarations Observations and Statues : the fourth diocesan synod of Cebu November 10, 1985 - March 1, 1986",n.d.,Filipiniana,
184,262.092V667c.6,Ricardo J. Cardinal Vidal,"Declarations Observations and Statues : the fourth diocesan synod of Cebu November 10, 1985 - March 1, 1986",n.d.,Filipiniana,
150,282.092D359c.1,,DECREES OF GENERAL CONGREGATION 34,1995,THEOLOGY,
151,282.092D359c.2,,DECREES OF GENERAL CONGREGATION 34,1995,THEOLOGY,
152,282.092D359c.3,,DECREES OF GENERAL CONGREGATION 34,1995,THEOLOGY,
153,282.092D359c.4,,DECREES OF GENERAL CONGREGATION 34,1995,THEOLOGY,
19,271.53D359,,DECRETA CONGREGATIONS GENERALIS XXXI,1966,SPECIAL COLLECTION,
22,271.53D359,,DECRETA CONGREGATIONS GENERALIS XXXI A RESTITUTA SOCIETATE XII ANNIS 1965-1966,1967,SPECIAL COLLECTION,
13,271.53D359,,DECRETA CONGREGATIONS GENERALIS XXXIII A RESTITUTA SOCIETATE XIV ANNO 1983,1983,SPECIAL COLLECTION,
37,271.53D339,,DÉCRETS DE LA 34ÈME CONGRÉGATION GÉNÉRALE,1995,SPECIAL COLLECTION,
957,248.29D176c.1,Mary  Ward,DEEPEST LONGINGS : Experience of the spiritual exercises ,1990,SPIRITUALITY,
958,248.29D176c.2,Mary  Ward,DEEPEST LONGINGS : Experience of the spiritual exercises ,1990,SPIRITUALITY,
959,248.29D176c.3,Mary  Ward,DEEPEST LONGINGS : Experience of the spiritual exercises ,1990,SPIRITUALITY,
960,248.29D176c.4,Mary  Ward,DEEPEST LONGINGS : Experience of the spiritual exercises ,1990,SPIRITUALITY,
172,940.232R313,James Reston,"Defenders  of the Faith : Ckarles V. Sulayman the magnificent, and the Battle for Europe, 1520-1536",2009,General Reference,
94,262.52D45,,DEI VERBUM : Dogmatic constitution on divine revelation,1996,PAPAL COLLECTION,
136,262.912D367,,DEI VERBUM: Dogmatic Constitution on Divine Revelation,1998,General Reference,
13,234.13L649,Matthew Linn & Dennis Linn,"DELIVERANCE PRAYER : experiential, psychological and theological approaches",1981,SPIRITUALITY,
24,,Laure Duranton,Destination DELF : Aux Épreuves A6,,SPECIAL COLLECTION LIB 2,
186,261.83C55,"Thomas E. Clarke, S.J.",DEVELOPMENT OR LIBERATION? : two theologies,1971,THEOLOGY,
157,242.3R129,Karl Rahner,DEVOTION TO THE HEART OF CHRIST,n.d.,THEOLOGY,
168,232.91Sch98,"Friedrich Schwendimann, S.J.",DEVOTION TO THE HEART OF CHRIST AND THE SOCIETY OF JESUS TODAY,1970,SPIRITUALITY,
643,242P898,"Herbert F. Smith, S.J.",DEVOTIONAL READINGS,,SPIRITUALITY,
30,271.53C738,,DIAKONIA FIDEI E PROMOZIONE DELLA GIUSTIZIA,1975,SPECIAL COLLECTION,
279,248D541,"Bienvenido S. Tudtud, D.D.",DIALOGUE OF LIFE AND FAITH,1988,Filipiniana,
76,261.83T650,,Dicastery for Communication TOWARDS FULL PRESENCE A PASTORAL REFLECTION ON ENGAGEMENT WITH SOCIAL MEDIA,2023,Filipiniana,
8,230.20321D561,Xavier Leon-Dufour,Dictionary of Biblical Theology,1962,General Reference,
18,230.20321L551,Xavier Leon-Dufour,Dictionary of Biblical Theology,,General Reference,
44,232.931D561,,"Dictionary of Mary "" Behold Your Mother """,1997,General Reference,
6,220.3M459,"John L. McKenzie, S.J.",Dictionary of the Bible : both old and new testament,1965,General Reference,
3,262.5D561,,DICTIONARY OF THE COUNCIL,,General Reference,
4,255.3L551,Xavier Leon-Dufour,DICTIONARY OF THE NEW TESTAMENT,1980,General Reference,
19,255.3L551,Xavier Leon-Dufour,Dictionary of the New Testament,1980,General Reference,
21,230.20321R129,Karl Rahner,Dictionary of Theology,1965,General Reference,
34,422.03Sh642,Joseph T. Shipley,DICTIONARY OF WORDS ORIGINS,1945,GEN-REF2,
150,158.1Al149,MITCH ALBOM,DIENSTAGS BEI MORRIE DIE LEHRE EINES LEBENS,2002,SPECIAL COLLECTION,
88, 248.4B648,"PERE BORRÀS, S.J.",DIFICULTADES PARA ORAR,1999,SPECIAL COLLECTION,
10,262.11D62,,DIOCESE OF CAROLINES-MARSHALLS DIOCESAN DIRECTORY 1990-1991,1991,GEN-REF2,
36,248.4G37,"IGNACIO IPARRAGUIRRE, S.J.",DIRECCION DE UNA TANDA DE EJERCICIOS,1962,SPECIAL COLLECTION,
100,248.4Ip1,"IGNACIO IPARRAGUIRRE, S.J.",DIRECCION DE UNA TANDA DE EJERCICIOS,1962,SPECIAL COLLECTION,
178,371.92D628,,Directives Concerning: The Preparation of Seminary Educators,1993,General Reference,
554,262.15D628,,DIRECTIVES FOR THE MUTUAL RELATIONS BETWEEN BISHOPS AND RELIGIOUS IN THE CHURCH,,Filipiniana,
556,262.15D268,,DIRECTIVES FOR THE MUTUAL RELATIONS BETWEEN BISHOPS AND RELIGIOUS IN THE CHURCH : a document issued by two congregations,1978,Filipiniana,
,,"B, at the cross world and WORLD. Maimaleda","DIRECTORY , SPIRIT AND AIM , AT THE CROSS WORLD AND THE CHURCH",,BOOKLET,
363,282.0255D268,Ricardo J. Cardinal Vidal,DIRECTORY AMROC 1984,1983,Filipiniana,
8,266.2309D628,,DIRECTORY CENTRES OF SPIRITUALITY AND RETREAT HOUSES OF THE SOCIETY OF JESUS 1993,1993,GEN-REF2,
9,288.2309D628,,DIRECTORY CENTRES OF SPIRITUALITY AND RETREAT HOUSES OF THE SOCIETY OF JESUS 1995,1995,GEN-REF2,
12,262.025D628,,DIRECTORY FOR THE APPLICATION OF PRINCIPLES AND NORMS E,1993,GEN-REF2,
155,280.1D628,,DIRECTORY FOR THE APPLICATION OF PRINCIPLES AND NORMS ON ECUMENISM,1993,General Reference,
28,361.763B541,Bishops,DIRECTORY OF LOCAL AND FOREIGN DEVELOPMENT AID,1994,FILIPIANA (LIBRARY 2),
4,262.1209D875,Xavier Leon-Dufour,DIRECTORY ON THE MINISTRY AND LIFE OF PRIESTS,1994,GEN-REF2,
132,248.482D628,,DIRECTORY TO THE SPIRITUAL EXERCISES OF OUR HOLY FATHER IGNATIUS,1925,General Reference,
321,248.3B279,"William A. Barry, S.J.",DISCERMENT IN PRAYER : Paying attentions to God,1994,SPIRITUALITY,
133,    248.4D631,,DISCERNIMIENTO COMUNITARIO: EXPERIENCIAS,1975,SPECIAL COLLECTION,
97,248.4C111,"D.M. AGACINO, S.J. - C.R. CABARRÚS, S.J.",DISCERNIMIENTO ESPIRITUAL TEORIA Y PRACTICA,1990,SPECIAL COLLECTION,
31,261.8D540,DANIEL GIL,DISCERNIMIENTO SEGÚN SAN IGNACIO,,SPECIAL COLLECTION,
90, 261.8L614,"JOÃO B. LIBÂNIO, S.J.",DISCERNIMIENTO Y MEDIACONES SOCIO-POLÍTICAS,1998,SPECIAL COLLECTION,
93, 248.4C280,"TONI CATALÀ, S.J.",DISCERNIMIENTO Y VIDA COTIDIANA,1997,SPECIAL COLLECTION,
70,248.2T612,"Jules J. Toner, S.J.",DISCERNING GOD'S WILL : Ignatius of Loyola's teaching on christian decision making,1991,SPIRITUALITY,
420,248.86W832,Pierre Wolff,Discernment : The Art of CHOOSING WELL,1998,Filipiniana,
845,234.1K299,Morton Kelsey,DISCERNMENT: A study of ecstacy and evil,1978,SPIRITUALITY,
44,262.9 D631,,"Disciples on the road together : message of the fourth diocesan synod to the people of God in Cebu February 28, 1986",1986,Filipiniana,
683,248.4L959,"John M. Lozano, C.M.F.",DISCIPLESHIP :  Towards an  understanding of religious life,1980,SPIRITUALITY,
339,248.3R710,Msgr. David E. Rosage,DISCOVERING PATHWAYS TO PRAYER ,1975,SPIRITUALITY,
146,220.07T437,Rev. John Tickle,Discovering the Bible: 8 Simple Keys for Learning and Praying,1978,BIBLICAL STUDIES,
,,Bus in asia today : a guide to doing mission doing. Mofaleda,DISCOVERING THE FACE OF JESUS IN ASIA TODAY : A guide to doing mission in asia,,BOOKLET,
314,,"Gerhard Bowering, S.J",Discovery  : jesuits and the islamic world at the beginning of a new millenium,1994,PERIODICAL,
315,,"Bishop Francisco Claver, S.J",DISCOVERY : Jesuits and international mission and the basic ecclesial community,1993,PERIODICAL,
86,959.9043B456,"Joaquin G. Bernas, S.J.",DISMANTLING THE DICTATORSHIP: A collection of essay,1990,FILIPIANA (LIBRARY 2),
60,M558,Thomas Merton,DISPUTED QUESTIONS,1953,FICTION,
61,231D641c.3,,DIVES IN MISERICORDIA :  ENCYCLICAL LETTER OF THE SUPREME PONTIFF JOHN PAUL II ON THE MERCY OF GOD,,PAPAL COLLECTION,
59,231D641c.1,,DIVES IN MISERICORDIA : ENCYCLICAL LETTER OF THE SUPREME PONTIFF JOHN PAUL II ON THE MERCY OF GOD,,PAPAL COLLECTION,
60,231D641c.2,,DIVES IN MISERICORDIA : ENCYCLICAL LETTER OF THE SUPREME PONTIFF JOHN PAUL II ON THE MERCY OF GOD,,PAPAL COLLECTION,
154,242.2G114,"Fr. Gabriel of St. Mary Magdalene, O.C.D.",DIVINE INTIMACY,1996,SPIRITUALITY,
510,231.765M127,"John McCarthy, S.J.",DO MONKEYS GO TO HEAVEN? : Findings God in All Creation,2014,SPIRITUALITY,
114,248.305P8982001 no.4 c.1,,"Document on the Eucharist During the Great Jubilee: John Paul II, October–December 2001, No. 4",2004,PERIODICAL,
,248.305P8982001 no.4 c.2,,"Document on the Eucharist During the Great Jubilee: John Paul II, October–December 2001, No. 4 (numer of copies 2)",2004,PERIODICAL LIB2 (Duplicate copies),
92,271.53D659,,DOCUMENTS OF THE 31ST AND 32ND GENERAL CONGREGATIONS OF THE SOCIETY OF JESUS,1977,THEOLOGY,
275,255D659,,Documents of the 31st and 32nd General Congregations of the Society of Jesus,1977,THEOLOGY,
170,282.092D659,,Documents of the 33rd general congregation of the society of Jesus,1984,General Reference,
154,282.092D659,,DOCUMENTS OF THE THIRTY SECOND GENERAL CONGREGATION OF THE SOCIETY OF JESUS,1975,THEOLOGY,
97,264.02D659,,"DOCUMENTS ON THE LITURGY 1963-1979 : CONCILIAR ,PAPAL, AND CURIAL TEXTS",1982,General Reference,
570,232D394,"Dr. José M. de Mesa, Lode L. Wostyn, CICM",DOING CHRISTOLOGY,1989,Filipiniana,
777,282.0924B796,Jose de Broucker,DOM HELDER CAMARA : The violence  of  a peacemaker,,SPIRITUALITY,
586,282.092D714,,Don Bosco man of the media,1982,Filipiniana,
241,268.4G139c.1,"Eva Galvey, Lucille Natividad","Don't just Keep the Word, SPREAD the Word ( Catechetical Retreat and Recollection Manual)",2002,Filipiniana,
242,268.4G139c.2,"Eva Galvey, Lucille Natividad","Don't just Keep the Word, SPREAD the Word ( Catechetical Retreat and Recollection Manual)",2002,Filipiniana,
44,267.1820924M612,William D. Miller,DOROTHY DAY : A BIOGRAPHY,1982,SPIRITUALITY,
80,242.8F989,John C. Futrell,"DOSSIER ""DELIBERATIO"" C",1974,SPIRITUALITY,
479,248.24Es732c.2,,DOSSIER 'DELIBERATIO' C : essay on discernment,1981,SPIRITUALITY,
478,248.24Es732c.1,,DOSSIER 'DELIBERATIO' C : essay on discernment ,1981,SPIRITUALITY,
48,741.2Ed951,Betty Edwards,DRAWING ON THE RIGHT SIDE OF THE BRAIN,1979,REFERENCE (Library 2),
92,248.3M366,CARLO CARDINAL MARTINI,Drawn to the Lord : six stories of vocation,1987,Filipiniana,
369,261.8M366,CARLO CARDINAL MARTINI,DRAWN TO THE LORD : six stories of vocation,1987,Filipiniana,
63,398.369H559,James Hillman,DREAM ANIMALS,1997,GEN-REF2,
432,135K299,Morton Kelsey,DREAMS A WAY TO LISTEN TO GOD,1978,SPIRITUALITY,
436,248.8K299,MORTON KELSEY,DREAMS: A WAY TO LISTEN TO GOD,1994,Filipiniana,
320,248.3G820,"Thomas H. Green, S.J.",DRINKING FROM A DRY WELL : A sequel to when the well runs dry,1991,SPIRITUALITY,
130,245.2D714,Daniel Joseph Donahoe,EARLY CHRISTIAN HYMNS,1908,General Reference,
21,253.05Ea771,,"EAST ASIAN PASTORAL REVIEW, vol.27",1990,PERIODICAL,
66,264 Ea776,,EASTER LITURGY,1988,,
90,303.482An49,To Thi Anh,EASTERN AND WESTERN CULTURAL VALUES CONFLICT OR HARMONY?,1975,FILIPIANA (LIBRARY 2),
67,499.21Ea797,,EASY TAGALOG,1957,FILIPIANA (LIBRARY 2),
55,234Ec28,,"ECCLESIA DE EUCHARISTIA :  ENCYCLICAL LETTER OF HIS HOLINESS POPE JOHN PAUL II TO THE BISHOPS, PRIEST, AND DEACONS, MEN AND WOMEN IN THE CONSECRATED LIFE, AND ALL THE LAY FAITHFUL ON THE EUCHARIST IN ITS RELATIONSHIP TO THE CHURCH",,PAPAL COLLECTION,
417,271.5302W357,Evelyn Waugh,EDMUND CAMPION,1946,SPIRITUALITY,
767,242M459c.1,"Francis Xavier McMenamy, S.J.",EIGHT DAY RETREAT BASED ON THE SPIRITUAL EXERCISES OF ST. IGNATIUS,1956,SPIRITUALITY,
768,242M459c.2,"Francis Xavier McMenamy, S.J.",EIGHT DAY RETREAT BASED ON THE SPIRITUAL EXERCISES OF ST. IGNATIUS,1956,SPIRITUALITY,
113,248.4Al19,Norbert Alcover,EIGHT DAY RETREAT WITH SAINT IGNATIUS OF LOYOLA: MATERIAL FOR RESTRUCTURING YOUR LIFE,1989,SPIRITUALITY,
251,248.43Se397,Florencio Segura,Eight Days of the Spiritual exercises,2005,Filipiniana,
72,248.4R445,"FRANCESC RIERA, S.J.",EJERCICIOS EN LA VIDA ORDINARIA,1993,SPECIAL COLLECTION,
21,271.53Al21,,EL GENERAL DE LA COMPANIA DE JESUS,1979,SPECIAL COLLECTION,
78,248.4H781,"EDUARD LÓPEZ HORELANO, S.J.",EL IMAGINARIO DE IGNACIO DE LOYOLA,2010,SPECIAL COLLECTION,
84, 248.22K162,C. KAUFMANN,EL LENGUAJE DE LOS MÍSTICOS TERESA DE JESÚS,2002,SPECIAL COLLECTION,
122,  248.4B456,"CHARLES A. BERNARD, S.J.",ELEMENTS POUR UN DIRECTOIRE DES EXERCICES,1978,SPECIAL COLLECTION,
420,248.34L092,Thomas Larkin O.C.D.,ELIZABETH OF THE TRINITY,1984,SPIRITUALITY,
148,    248.4Em11,,EMAUS EN MANRESA BIBLIA Y EJERCICIOS,1991,SPECIAL COLLECTION,
80,248.4R129,"KARL RAHNER, S.J.",EN EL CORAZÓN DE LA ESPIRITUALIDAD IGNACIANA,2009,SPECIAL COLLECTION,
94, 248.4Sa387,"IGNASI SALVAT, S.J.",ENCARNACIÓN Y MISIÓN,1996,SPECIAL COLLECTION,
583,248.3Ec41,"Ignacio Echaniz, S.J.",ENCOUNTERS WITH IGNATIUS,1990,SPIRITUALITY,
4,232 R710,David E. Rosage,ENCOUNTERS WITH JESUS : forty gospel portraits for meditation on the birth of christ,1987,THEOLOGY,
44,261.85En191c.1,,ENCYCLICAL LABOREM EXERCENS ADDRESSED BY THE SUPREME PONTIFF JOHN PAUL II TO HIS VENERABLE BROTHERS IN THE EPISCOPATE TO THE PRIESTS TO THE RELIGIOUS FAMILIES TO THE SONS AND DAUGHTERS OF THE CHURCH AND TO ALL MEN AND WOMEN OF GOOD WILLL ON HUMAN WORK ON THE NINETIETH ANNIVERSARY OF RERUM NOVARUM,,PAPAL COLLECTION,
45,261.85En191c.2,,ENCYCLICAL LABOREM EXERCENS ADDRESSED BY THE SUPREME PONTIFF JOHN PAUL II TO HIS VENERABLE BROTHERS IN THE EPISCOPATE TO THE PRIESTS TO THE RELIGIOUS FAMILIES TO THE SONS AND DAUGHTERS OF THE CHURCH AND TO ALL MEN AND WOMEN OF GOOD WILLL ON HUMAN WORK ON THE NINETIETH ANNIVERSARY OF RERUM NOVARUM,,PAPAL COLLECTION,
46,261.85En191c.3,,ENCYCLICAL LABOREM EXERCENS ADDRESSED BY THE SUPREME PONTIFF JOHN PAUL II TO HIS VENERABLE BROTHERS IN THE EPISCOPATE TO THE PRIESTS TO THE RELIGIOUS FAMILIES TO THE SONS AND DAUGHTERS OF THE CHURCH AND TO ALL MEN AND WOMEN OF GOOD WILLL ON HUMAN WORK ON THE NINETIETH ANNIVERSARY OF RERUM NOVARUM,,PAPAL COLLECTION,
78,231En191,,ENCYCLICAL LETTER : DIVES IN MISERICORDIA OF THE SUPREME PONTIFF JOHN PAUL II ON THE MERCY OF GOD,,PAPAL COLLECTION,
39,262.91En191c.1,,ENCYCLICAL LETTER CENTESIMUS ANNUS ADDESED BY THE SUPREME PONTIFF JOHN PAUL II TO HIS VENERABLE BROTHERS IN THE EPISCOPATE THE PRIESTS AND DEACONS FAMILIES OF MEN AND WOMEN RELIGION ALL THE CHRISTIAN FAITHFUL AND TO ALL MEN AND WOMEN OF GOOD WILL ON THE HUNDREDTH ANNIVERSARY OF RERUM NOVARUM,1971,PAPAL COLLECTION,
40,262.91En191c.2,,ENCYCLICAL LETTER CENTESIMUS ANNUS ADDESED BY THE SUPREME PONTIFF JOHN PAUL II TO HIS VENERABLE BROTHERS IN THE EPISCOPATE THE PRIESTS AND DEACONS FAMILIES OF MEN AND WOMEN RELIGION ALL THE CHRISTIAN FAITHFUL AND TO ALL MEN AND WOMEN OF GOOD WILL ON THE HUNDREDTH ANNIVERSARY OF RERUM NOVARUM,1971,PAPAL COLLECTION,
74,261.8En191,Pope Francis,Encyclical Letter Laudato Si of the holy father pope francis on care for our common home,2015,Filipiniana,
85,261.85En191,,ENCYCLICAL LETTER OF HIS HOLINESS POPE PAUL VI : ON THE DEVELOPMENT OF PEOPLES,,PAPAL COLLECTION,
42,262.91En191,,ENCYCLICAL LETTER OF THE SUPREME PONTIFF JOHN PAUL II ON THE HOLY SPIRIT IN THE LIFE OF THE CHURCH AND THE WORLD,1986,PAPAL COLLECTION,
557,234.72En191,PIUS XI MENS Nostra,ENCYCLICAL LETTER ON RETREATS,1939,Filipiniana,
28,269En191c.1,,ENCYCLICAL LETTER REDEMPTORIS MISSIO OF THE SUPREME PONTIFF JOHN PAUL II ON THE PERMANENT VALIDITY OF THE CHURCH'S MISSIONARY MANDATE,1991,PAPAL COLLECTION,
29,269En191c.2,,ENCYCLICAL LETTER REDEMPTORIS MISSIO OF THE SUPREME PONTIFF JOHN PAUL II ON THE PERMANENT VALIDITY OF THE CHURCH'S MISSIONARY MANDATE,1991,PAPAL COLLECTION,
16,261.85En191,,ENCYCLICAL LETTER SOLLICITUDO REI SOCIALIS : OF THE SUPREME PONTIFF JOHN PAUL II TO THE BISHOPS PRESTS RELIGIOUS FAMILIES SONS AND DAUGHTER OF THE CHURCH ANDALL PEOPLE OF GOOD WILL FOR THE TWENTIETH ANNIVERSARYOF POPURUM PROGRESSIO,,PAPAL COLLECTION,
36,262.91En191,,ENCYCLICAL LETTER SOLLICITUDO REI SOCIALIS OF THE SUPREME PONTIFF JOHN PAUL II FOR THE TWENTIETH ANNIVERSARY OF POPULORUM PROGRESSIO,1988,PAPAL COLLECTION,
38,262.91En191,,ENCYCLICAL LETTER SOLLICITUDO REI SOCIALIS OF THE SUPREME PONTIFF JOHN PAUL II FOR THE TWENTIETH ANNIVERSARY OF POPULORUM PROGRESSIO,1988,PAPAL COLLECTION,
43,262.91En191c.1,,ENCYCLICAL LETTER VERITATIS SPLENDOR ADDRESED BY THE SUPREME PONTIFF POPE JOHN PAUL II TO ALL THE BISHOPS OF THE CATHOLIC REGARDING CERTAIN FUNDAMENTAL QUESTIONS OF THE CHURCH'S MORAL TEACHING,,PAPAL COLLECTION,
,262.91En191c.2, ,ENCYCLICAL LETTER VERITATIS SPLENDOR ADDRESED BY THE SUPREME PONTIFF POPE JOHN PAUL II TO ALL THE BISHOPS OF THE CATHOLIC REGARDING CERTAIN FUNDAMENTAL QUESTIONS OF THE CHURCH'S MORAL TEACHING (number of copies 2),2024,PAPAL CPLLECTION (Duplicate copies),
38,030.02En192,,ENCYCLOPÆDIA BRITANNICA ALMANAC 2003,2002,GEN-REF2,
51,822B388,Samuel Beckett,ENDGAME,1958,REFERENCE (Library 2),
83,499.2113En72,M. Jacobo Enriquez,ENGLISH - TAGALOG VOCABULARY,1949,FILIPIANA (LIBRARY 2),
31,,Louis Chaffurin,English French Dictionary,1968,SPECIAL COLLECTION LIB 2,
516,248.092En361,Charles Davis,ENGLISH SPIRITUAL WRITERS,1961,SPIRITUALITY,
54,499.2113En361,F. Macapinlac Manalili,ENGLISH-PILIPINO VISAYAN (HILIGAYNON-CEBUANO) VOCABULARY,,FILIPIANA (LIBRARY 2),
77,499.2113En361,Leo James English,ENGLISH-TAGALOG DICTIONARY,,FILIPIANA (LIBRARY 2),
37,499.211321En367,Leo James English C.Ss.R.,ENGLISH-TAGALOG DICTIONARY,1977,GEN-REF2,
,,Eilis Bergin PBVM,ENNEAGRAM 2 : A spirituality of brokenness (2 copies),1992,BOOKLET,
,,Eilis Bergin PBVM,ENNEAGRAM 3 : Paths to wholeness  (3 copies),1969,BOOKLET,
401,248.4Z837,"Suzanne Zuercher , O.S.B",ENNEAGRAM SPIRITUALITY : From compulsion to comtemplation,1979,SPIRITUALITY,
153,271.53Ep47,,EPITOME INSTITUTI SOCIETATIS IESV,1882,SPECIAL COLLECTION,
110,248.4Es64c.1,"Espero, Herminigildo",Esperituhanong Pagpalambo diha sa KASAULOGAN sa Kinabuhi,1991,Filipiniana,
111,248.4Es64c.2,"Espero, Herminigildo",Esperituhanong Pagpalambo diha sa KASAULOGAN sa Kinabuhi,1991,Filipiniana,
112,248.4Es64c.3,"Espero, Herminigildo",Esperituhanong Pagpalambo diha sa KASAULOGAN sa Kinabuhi,1991,Filipiniana,
,248.4Es64c.4 - 5,"Espero, Herminigildo",Esperituhanong Pagpalambo diha sa KASAULOGAN sa Kinabuhi (number of copies 5),1991,Filipiniana (Duplicate copies),
35,248.4Es657,,ESPIRITUALIDAD DE LA VIDA ACTIVA,1989,SPECIAL COLLECTION,
46,248.4Es657,,ESPIRITUALIDAD IGNACIANA EN AMÉRICA LATINA,1980,SPECIAL COLLECTION,
29,616.89Es741,,ESSENCE OF WELLNESS: ESSAYS IN PHILIPPINE CLINICAL AND COUNSELING PSYCHOLOGY,1993,FILIPIANA (LIBRARY 2),
476,241.67Et371,,ETHICAL AND PASTORAL DIMENSIONS OF POPULATION TRENDS : instrumentum laboris,1994,Filipiniana,
342,264.02036B457,"Paul Bernier, SSS",EUCHARIST CELEBRATING ITS RHYTHMS IN OUR LIVES,1993,SPIRITUALITY,
95,264B457,"Paul Bernier, S.S.S.",EUCHARIST: CELEBRATING ITS RHYTHMS IN OUR LIVES,1993,THEOLOGY,
11,,Cornelsen,EUROLINGUA DEUTSCH 2,1998,SPECIAL COLLECTION LIB 2,
71,269Ev141,,EVANGELII NUNTIANDI : APOSTOLIC EXHORTATION OF HIS HOLINESS JOHN PAUL VI ON EVANGELIZATION IN THE MODERN WORLD,,PAPAL COLLECTION,
87,269Ev145,,EVANGELII NUNTIANDI : APOSTOLIC EXHORTATION OF HIS HOLINESS JOHN PAUL VI ON EVANGELIZATION IN THE MODERN WORLD,,PAPAL COLLECTION,
22,262.91Ev148,,EVANGELIUM VITAE (THE GOSPEL OF LIFE) ENCYCLICAL LETTER OF POPE JOHN PAUL II,1995,PAPAL COLLECTION,
,262.91Ev148 c.2,,EVANGELIUM VITAE (THE GOSPEL OF LIFE) ENCYCLICAL LETTER OF POPE JOHN PAUL II (number of copies 2),1995,PAPAL CPLLECTION (Duplicate copies),
155,261.8Ar34,"Catalino G. Arevalo, S.J.",EVANGELIZATION IN ASIA TODAY!,n.d.,THEOLOGY,
224,261.83G437,"Pasquale T. Giordano, S.J.",EVANGELIZING PRESENCE The Challenge of Social Transformation,2004,Filipiniana,
968,248.29Ev24rc.1,,EVER TO LOVE AND TO SERVE : Prayer services on ignatian themes,1990,SPIRITUALITY,
969,248.29Ev24rc.2,,EVER TO LOVE AND TO SERVE : Prayer services on ignatian themes,1990,SPIRITUALITY,
970,248.29Ev24rc.3,,EVER TO LOVE AND TO SERVE : Prayer services on ignatian themes,1990,SPIRITUALITY,
971,248.29Ev24gc.1,,EVER TO LOVE AND TO SERVE : Prayer services on ignatian themes (second edition),1994,SPIRITUALITY,
972,248.29Ev24gc.2,,EVER TO LOVE AND TO SERVE : Prayer services on ignatian themes (second edition),1994,SPIRITUALITY,
973,248.29Ev24gc.3,,EVER TO LOVE AND TO SERVE : Prayer services on ignatian themes (second edition),1994,SPIRITUALITY,
974,248.29Ev24gc.4,,EVER TO LOVE AND TO SERVE : Prayer services on ignatian themes (second edition),1994,SPIRITUALITY,
975,248.29Ev24gc.5,,EVER TO LOVE AND TO SERVE : Prayer services on ignatian themes (second edition),1994,SPIRITUALITY,
976,248.29Ev24gc.6,,EVER TO LOVE AND TO SERVE : Prayer services on ignatian themes (second edition),1994,SPIRITUALITY,
169,261.805Ev277c.1,,EVERYBODY'S CHALLENGE  : Essential of jesuits refugee service 1980 - 2000,2000,PERIODICAL,
170,261.805Ev277c.2,,EVERYBODY'S CHALLENGE  : Essential of jesuits refugee service 1980 - 2001,2000,PERIODICAL,
452,242.3R129,"Karl Rahner, S,J",EVERYDAY FAITH,1967,SPIRITUALITY,
101,248R129,Karl Rahner,EVERYDAY THINGS,1965,SPIRITUALITY,
63,851.2G171,Ernest Rhys,EVERYMAN'S LIBRARY : Poetry and drama,,REFERENCE (Library 2),
704,242En99,Clarence Enzler,EVERYMAN'S WAY OF THE CROSS ,1970,SPIRITUALITY,
140,236.24K871,Peter Kreeft,EVERYTHING YOU EVER WANTED TO KNOW ABOUT HEAVEN :  BUT NEVER DREAMED OF ASKING,1990,SPIRITUALITY,
15,428.34Ex37,,EXERCISES FOR LISTENING COMPREHENSION AND VOCABULARY ACQUISITION,1982,FILIPIANA (LIBRARY 2),
225,,,Exercises Personally Directed no.19,1975,PERIODICAL,
2,248.4Ex37c.1,,EXERCITIA SPIRITUALIA: DIRECTORIA ANTIQUA,1919,SPECIAL COLLECTION,
3,248.4Ex37c.2,,EXERCITIA SPIRITUALIA: DIRECTORIA ANTIQUA,1919,SPECIAL COLLECTION,
670,248.2G643',"Larry Gooley, S.J.",EXPERIENCING GOD IN EVERY DAY LIFE : Exercises in spiritual growth for christian life community ,1996,SPIRITUALITY,
397,252.5J710,Alan Jones ,EXPLORING SPIRITUAL DIRECTION : An essay on christian friendship,1982,SPIRITUALITY,
128,248.3L869,"David Lonsdale S,J","EYES SEE, EARS TO HEAR ",1990,SPIRITUALITY,
288,262.1Se242,,FABC (FEDERATOPN OF ASIAN BISHOPS' CONFERENCES) SECOND PLENARY ASSEMBLY,1979,Filipiniana,
342,262.2F118c.1,B E C,FACILITATING SKILLS TRAINING for Basic Ecclessial Communities,n.d.,Filipiniana,
343,262.2F118c.2,B E C,FACILITATING SKILLS TRAINING for Basic Ecclessial Communities,n.d.,Filipiniana,
536,230.08Q406c.1,William H.Quiery,FACING GOD,1967,SPIRITUALITY,
537,230.08Q406c.2,William H.Quiery,FACING GOD,1967,SPIRITUALITY,
166,282.09F119,,FACTS AND FIGURES OF THE CATHOLIC CHURCH IN ASIA,n.d.,THEOLOGY,
27,234F172,,"FAITH , a CHURCH CONCERNED WITH SERVING, CHURCH OF REAL SPIRITUALITY …",N.D,THEOLOGY,
193,227St251,"David M. Stanley, S.J.",Faith and Religious Life,1971,BIBLICAL STUDIES,
259,230.2092R129,Karl Rahner,Faith in a Wintry Season : Conversations and interview with Karl Rahner in the last year of His life,1990,THEOLOGY,
56,248.4F210,,FAMILIARIS CONSORITO : APOSTOLIC EXHORATION OF POPE JOHN PAUL II ON THE ROLE OF THE CHRISTIAN FAMILY IN THE MODERN WORLD,1999,PAPAL COLLECTION,
44,745.5941H222,Emma Hardy,"FAST, FUN CARDS",2005,GEN-REF2,
50,613.7M923,Chrissie Gallagher-Mundy,FAT-BURNER WORKOUT,2003,GEN-REF2,
44,899.2101Ab13,Gemino H. Abad,FATHER AND DAUGHTER: THE FIGURES OF OUR SPEECH,1996,FILIPIANA (LIBRARY 2),
130,282.092C898,"Kenneth C. Bogart, S.J.",Father Culligan Selfless Shepherd,1972,Filipiniana,
343,271.97F268,,FATHER LOUIS GUANELLA A PIREST FROM THE MOUNTAIN FATHER OF THE POOR : Portrait of saint,2011,SPIRITUALITY,
45,823.914M355,Bruce Marshall,FATHER MALACHY'S MIRACLE : a heavenly story with an earthly meaning,1962,SPIRITUALITY,
357,271.97V831,Rev. Francis Vitale,FATHER MARY HANNIBAL DI FRANCIA : His life and works,1939,SPIRITUALITY,
52,282.092R710,Bishop Dency Rosales,Father Nery Satur and The Church He Died For,1997,Filipiniana,
272,248.2F268,,"FATHER OF JESUS Father of the Church of the Poor : homilies, conferences and addresses at the festival of conferences on God the father January 202-23, 1999",1999,Filipiniana,
725,922.2B697,Lisa A. Biondo,"FATHER WILLIAM E. BOYLE, S.J : A teacher remembered",1998,SPIRITUALITY,
522,261.3C839,Harvey Cox,FEAST OF FOOLS : Thelogy Essay on Festivity and Fantasy,,SPIRITUALITY,
,,Becond sunday in ordinary time  (proper feast in feast. Msantoaleda,FEAST OF THE SANTO NIÑO : Second Sunday in ordinary time  (Proper feast in  the philippines),,BOOKLET,
28,266In217,,FIDES ET IUSTITIA,1976,SPECIAL COLLECTION,
5,SP2007,,FIESTA SENOR SOUVENIR 2007,2007,VERTICAL FILE,
23,811.508F466,Robert Penn Warren,FIFTY YEARS OF AMERICAN POETRY,1984,REFERENCE (Library 2),
76,155.4C176,Maria Lourdes,FILIPINO CHILDREN UNDER STRESS: Family dynamics and therapy,1987,FILIPIANA (LIBRARY 2),
69,241.6795957M314,Ismael Ireneo Maningas,Filipino Christian Morality,2001,Filipiniana,
566,210F477,,FILIPINO RELIGIOUS EXPERIENCE AND NON-BIBLICAL REVELATION,1992,Filipiniana,
221,150.19598F477,Leonardo N. Mercado,Filipino Religious Psychology,1977,Filipiniana,
856,248.3B279,William A. Barry S.J.,FINDING GOD IN ALL THINGS ,1991,SPIRITUALITY,
38,J851,James Joyce,FINNEGANS WAKE,1939,FICTION,
29,230.25 P612,"Aloysius Pieris, S.J.",FIRE & WATER : BASIC ISSUES IN Asian Buddhism and Christianity,1996,THEOLOGY,
52,227.2077G335,"Mary Ann Getty, R.S.M.","FIRST CORINTHIANS, SECOND CORINTHIANS",1983,BIBLICAL STUDIES,
19,262.9F519,,FIRST ENCYCLICAL LETTER REDEMPTOR HOMINIS,1979,PAPAL COLLECTION,
57,248.892F847,,FIRST FRIDAY HOLY HOUR FOR THE SANCTIFICATION OF PRIESTS ( English & Tagalog versions),n.d.,Filipiniana,
288,242Sm511,"Francis J. Smith, S.J.",FIRST PRELUDE,,SPIRITUALITY,
281,262.092F519,,First Provincial Council of the Ecclesiastical Province of Cebu December 5-8 1967 Cebu Metropolitan Cathedral Cebu City Philippines,n.d.,Filipiniana,
759,242B664fc.1,"H. Pinard de Boullaye, S.J.","FIRST RETREAT OF H PINARD DE LA BOULLAYE, S.J.",,SPIRITUALITY,
760,242B664fc.2,"H. Pinard de Boullaye, S.J.","FIRST RETREAT OF H PINARD DE LA BOULLAYE, S.J.",,SPIRITUALITY,
761,242B664fc.3,"H. Pinard de Boullaye, S.J.","FIRST RETREAT OF H PINARD DE LA BOULLAYE, S.J.",1963,SPIRITUALITY,
762,242B664fc.4,"H. Pinard de Boullaye, S.J.","FIRST RETREAT OF H PINARD DE LA BOULLAYE, S.J.",1993,SPIRITUALITY,
763,242B664fc.5,"H. Pinard de Boullaye, S.J.","FIRST RETREAT OF H PINARD DE LA BOULLAYE, S.J.",1963,SPIRITUALITY,
764,242B664fc.6,"H. Pinard de Boullaye, S.J.","FIRST RETREAT OF H PINARD DE LA BOULLAYE, S.J.",1963,SPIRITUALITY,
605,250.95F586,,FIVE CONVERSATIONS ON ASIAN RELIGIOUS ,1976,Filipiniana,
123,252.3T615,Msgr. Arthur Tonne,"FIVE MINUTE HOMILIES ON THE GOSPELS OF CYCLES A,B,C",1977,THEOLOGY,
85,892.21D370,"Horacio de la Costa, S.J.",FIVE PLAYS,1982,FILIPIANA (LIBRARY 2),
72,390.095995F718,,FOL CULTURE OF THE CENTRAL VISAYAS,1986,FILIPIANA (LIBRARY 2),
86,248.482V318,Jean Vanier,FOLLOWERS OF JESUS,1984,SPIRITUALITY,
191,248.2G135,Judette A. Gallares,Following God's Call : scripture meditations for vocation discernment,1990,Filipiniana,
192,248.2G135,Judette A. Gallares,Following God's Call : scripture meditations for vocation discernment,1990,Filipiniana,
636,248.3B465,"Antonio Betancor, S.J.",FOLLOWING IN THE WAY OF THE PILGRIM,1990,SPIRITUALITY,
8,248.4G133c.1,Segundo Galilea,FOLLOWING JESUS,1983,Filipiniana,
9,248.4G133c.2,Segundo Galilea,Following Jesus,1981,Filipiniana,
697,248.8F727, ,FOLLOW-UP ON GENREAL CONGREGATION XXXII,,SPIRITUALITY,
248,262.1F740,,FOR ALL THE PEOPLES OF ASIA The Church in Asia: Asian Bishops' Statements on Mission Community and Ministry 1970-1983 Volume One: Texts and Documents,1984,Filipiniana,
489,248.2F740,,FOR FAITH AND SERVICE TOWARDS THE INTEGRAL FORMATION OF FILIPINO PRIESTS AND RELIGIOUS,1985,Filipiniana,
,,"Foomas G. Glarke, S.J",FOR THE GREATER GLORY : Jesuit,,,
361,271.97R319,JAMES B. REUTER S.J.,FOR THE YOUNG AT HEART : highlights from the history of the Sisters of Saint Paul De Chartres,1965,Filipiniana,
292,248.2019G892,Benedict J. Groeschel,FOR THOSE WHO SEEK SPIRITUAL PASSAGES: The psychology of Spirituality Development,1992,SPIRITUALITY,
448,242F740,,"FOR YOU, O GOD : A book of prayer",1998,SPIRITUALITY,
13,910.45F764,"Fr. Francis X. Hezel, S.J.",FOREIGN SHIPS IN MICRONESIA,1979,FILIPIANA (LIBRARY 2),
32,499.2215T754,Mimi B. Trosdal,FORMAL-FUNCTIONAL GRAMMAR OF THE CEBUANO LANGUAGE WITH A FUNCTIONALLY LABELLED ENGLISH-CEBUANO VOCABULARY,1992,FILIPIANA (LIBRARY 2),
230,,,"FORMATION OF THE LAITY THROUGH IGNATIAN SPIRITUALITY vol.17,no.51",1986,PERIODICAL,
229,,,"FORMATION OF THE LAITY THROUGH IGNATIAN SPIRITUALITY vol.17,no.52 - 53",1986,PERIODICAL,
403,291.1G683,"Vitaliano R. Gorospe, S.J.",Forming the Filipnio Social Conscience : social theology from a filipino christian perspective,1997,Filipiniana,
2,,Jean -Thierry Le Bougnec,FORUM : Method De Français 3,1957,SPECIAL COLLECTION LIB 2,
3,,Annie Berthet,FORUM : Method De Français 3,2002,SPECIAL COLLECTION LIB 2,
902,248M478,,FOUNDATIONS,1994,SPIRITUALITY,
270,230.2R129,Karl Rahner,Foundations of Christian Faith: An Introduction to the Idea of Christianity,1978,THEOLOGY,
50,821.912E144,T.S Elliot,FOUR QUARTERS,1943,REFERENCE (Library 2),
75,301.2109599F825,"Frank Lynch , compiler",FOUR READINGS ON PHILIPPINE VALUES,1968,FILIPIANA (LIBRARY 2),
481,242.34F825,,FOUR WEEKS OF ADVENT,,SPIRITUALITY,
104,282.092F828,,Fourth Centennial of the Christianization of the Philippines,1965,Filipiniana,
86,282.0924Sch868 v.4,"George Schurhammer, S. J","FRANCIS XAVIER :HIS LIFE , HIS TIMES VOLUME IV",1982,General Reference,
89,282.0924Sch868 v.1,"George Schurhammer, S. J","FRANCIS XAVIER :HIS LIFE ,HIS TIMES VOLUME |",1973,General Reference,
88,282.0924Sch868 v.2,"George Schurhammer, S. J","FRANCIS XAVIER :HIS LIFE ,HIS TIMES VOLUME ||",1977,General Reference,
87,282.0924Sch868 v.3,"George Schurhammer, S. J","FRANCIS XAVIER :HIS LIFE ,HIS TIMES VOLUME |||",1980,General Reference,
833,271.302B632,Murray Bado,FRANCIS: The journey and the dream,1988,SPIRITUALITY,
58,261F865,,FRATELLI TUTTI ENCYCLICAL :  LETTER OF THE HOLY FATHER FRANCIS ON FRATERNITY AND SOCIAL FRIENDSHIP,2020,PAPAL COLLECTION,
81,150.1952G25,Peter Gay,FREUD : A life for our time,1984,REFERENCE (Library 2),
307,271.53092F915,HORACIO DE LA COSTA S.J.,FRIEND OF THE LORD : a small collection of reflections on being Jesuit and being Filipino,1997,Filipiniana,
309,248.3M366,"C.C. Martindale, S.J.",FROM BYE-WAYS AND HEDGES,1935,SPIRITUALITY,
665,248.2G767,"W. Harold Grant, Magdala Thompson, Thomas E. Clarke",FROM IMAGE TO LIKENESS : A jungian pathin the gospel journey,1983,SPIRITUALITY,
72,264 W168,"Eugene A. Walsh, S.S.",FROM RUBRICS TO RITUAL: CELEBRATING THE DIFFERENCE!,1988,THEOLOGY,
65,255F925,,From Seduction To Mission : An Asian Commentary to Consecrated Life,1997,Filipiniana,
603,271.53092L773,Joanna Selina N. Llorin,"FROM THE BRONX TO BICOL : The presence of Fr.Jack Phelan, S.J",2002,Filipiniana,
103,899.211Ar38,"Fr. Guido F. Arguelles, S.J.",From the Depths…,n.d.,Filipiniana,
582,231.2B12,Bishop Teodoro C. Bacani,From Yaweh to the trinity,n.d.,Filipiniana,
205,266.2 P134,Frank Padilla,Fulfilling the Mandate: the work of authentic evangelization,2004,Filipiniana,
63,230.2 C439c.1,Richard Chilson,FULL CHRISTIANITY : a catholic response to fundamental questions,1985,THEOLOGY,
64,230.2 C439c.2,Richard Chilson,FULL CHRISTIANITY : a catholic response to fundamental questions,1985,THEOLOGY,
214,248.4G283,"Donald L. Gelpi, S.J.",FUNCTIONAL ASCETICISM : a guideline for American Religious,1966,THEOLOGY,
387,248.844C314,"John R. Cavanach, M.D",FUNDAMENTAL MARRIAG COUNSELING  : A catholic viewpoint,1963,SPIRITUALITY,
338,269.2F172c.1,B E C,FVFIS… SEMINAR WORKSHOP for Basic Ecclessial Communities,n.d.,Filipiniana,
339,269.2F172c.2,B E C,FVFIS… SEMINAR WORKSHOP for Basic Ecclessial Communities,n.d.,Filipiniana,
23,SP2016-2017,,GALILEANS 2016-2017,2016-2017,VERTICAL FILE,
480,234.52Al 16,MONS. PAT ALCAZAREN,GAMAYNG ABYAN SA PARI,1997,Filipiniana,
413,271.5302Ec41,"J. Echaniz, S.J.",GARATE THE GENTLE,1986,SPIRITUALITY,
415,242.2G224,,GATHERED AROUND JESUS : proceedings of the consultation congress on seminary formation and the diamond jubilee alumni homecoming,2004,Filipiniana,
192,282.092G286c.1,,GC 32 SJ,1976,SPIRITUALITY,
193,282.092G286c.2,,GC 32 SJ,1976,SPIRITUALITY,
103,248.3En631,"John English, S.J",GCHOOISNG LIFE,1978,SPIRITUALITY,
248,271.53G286, ,General Examination Summary of Bulls,1951,THEOLOGY,
117,264G286,,GENERAL INSTRUCTION OF THE ROMAN MISSAL ( Liturgy Documentary series 2 ),2002,THEOLOGY,
613,268.4G286,,GENERAL PRINCIPLES OF THE CHRISTIAN LIFE COMMUNITY,1990,Filipiniana,
85,616.5042Sy14,Virginia P. Sybert,GENETIC SKIN DISORDERS,1997,GEN-REF2,
506,248.22G335,,Getting Acquainted with ST. JOHN OF THE CROSS ( San Juan de la Cruz ),1991,Filipiniana,
72,928.2w210, Maisie Ward,GILBERT KEITH CHESTERTON,1943,REFERENCE (Library 2),
68,891.4414T129,Rabindranath Tagore,GITANJALI (Song offerings),1926,REFERENCE (Library 2),
370,234.5K295,"Robert Kelly, S.J.",GIVE GOD A CHANCE : How to let God take charge of your life (marked copy),1993,SPIRITUALITY,
37,610.924G135,Teresa Gallagher,GIVE JOY TO MY MOUTH,1965,REFERENCE (Library 2),
439,242.2G449,,GIYA SA PAGSAULOG SA HOME RETREAT,n.d.,Filipiniana,
121,  248.4M366,CARLO M. MARTINI,GLI ESERCIZI IGNAZIANI ALLA LUCE DI S. GIOVANNI,1977,SPECIAL COLLECTION,
55,248.4M366,P. CARLO M. MARTINI,GLI ESERCIZI IGNAZIANI ALLA LUCE DI S. MATTEO,,SPECIAL COLLECTION,
117, 248.4G49,LUIS M. ET AL.,GLI ESERCIZI IGNAZIANI E LA BIBBIA,1979,SPECIAL COLLECTION,
128,  248.4G49,LUIS M. ET AL.,GLI ESERCIZI IGNAZIANI E LA BIBBIA,1979,SPECIAL COLLECTION,
250,220Ar38,"Fr. Guido F. Arguelles, S.J.",Glimpses of life: Glory or Tragedy?,n.d.,Filipiniana,
532,232Al141,"Rev. James Alberione, S.S.P., S.T.D.",GLORIES AND VIRTUES OF MARY,1982,SPIRITUALITY,
519,242.2Q416,"Jose V. Quilongquilong, S.J.",Glorify God in your Body: A Guide to Body Prayer,1990,Filipiniana,
188,248.32B279,"William A. Barry, S.J.",GOD AND YOU : PRAYERS AS A PERSONAL RELATIONSHIP,1987,SPIRITUALITY,
120,248.4W151,David Walker,GOD IS A SEA : the dynamics of christian living,1977,Filipiniana,
211,248.8C130,Callahan & McDonnell,GOD IS CLOSE TO THE BROKENHEARTED : good news for those who are depressed,1999,Filipiniana,
556,242Su531,"Mother Kathryn Sullivan, R.S.C.J.",GOD IS FAITHFUL,1963,SPIRITUALITY,
846,291.44C145,Julia Cameron,GOD IS NO LAUGHING MATTER : Observations and objections on the spiritual path,1978,SPIRITUALITY,
633,291.43Ea797,Eknath Easwaran,GOD MAKES THE RIVERS TO FLOW : Passages for meditation,1982,SPIRITUALITY,
513,291.211G830,"Barbara Greene, Victor Gollancz",GOD OF A HUNDRED NAMES : Prayer of many people & creeds collected ,1962,SPIRITUALITY,
724,248.4H874,Gerard W. Hughes,GOD OF SURPRISES,1985,SPIRITUALITY,
163,261.57Sp331,William David Spencer & Aida Besancon Spencer,God through the looking glass : glimpses from the arts,1998,THEOLOGY,
802,242P745,"Raoul Plus, S.J.",GOD WITHIN US,1924,SPIRITUALITY,
527,261.8P286,"Louis Paulussen, S.J.",God Works Like That: Origins of the Christian Life Community,,SPIRITUALITY,
836,291.43D717,"James F. Donelan, S.J.",GOD'S CROOKED LINES THE SEARCH FOR TRUTH,1998,SPIRITUALITY,
156,252D717,"James F. Donelan, S.J.",GOD'S CROOKED LINES: THE SEARCH FOR TRUTH,1998,THEOLOGY,
684,231.6M297,"George A. Maloney, S.J.",GOD'S INCREDIBLE MERCY ,1989,SPIRITUALITY,
,,"Lo. English , G.J",GODS LOVE,,BOOKLET,
23,N548,Adam Nicolson,GOD'S SECRETARIES: THE MAKING OF THE KING JAMES BIBLE,2003,FICTION,
540,220.6G54,,GOD'S WORD: LIVING HOPE AND LASTING PEACE 4th asia-oceania biblical congress,2005,Filipiniana,
4,SP2002,,"GOLDEN JUBILEE (1952-2002) AND PARISH FIESTA JUNE 7,2002 : In the service of chinese and filipino catholic",2002,VERTICAL FILE,
152,784.17H997,,GOSPEL : HYMNS FOR UKULELE,,General Reference,
237,261.8M815,"Juan Ramon Moreno, SJ",GOSPEL AND MISSION : Spirituality and the Poor,1995,Filipiniana,
75,226.1G694,,GOSPEL PARALLELS : a synopsis of the first three gospels with alternative readings from the manuscripts and noncanonical parallels,1973,BIBLICAL STUDIES,
23,248.2Ai98,Jerome Aixala S.J.,GOSPEL SILHOUETTES : sketches of persons that moved around Jesus,1982,SPIRITUALITY,
25,242.643M961,Lorraine V. Murray,GRACE NOTES : embracing the joy ofchrist in a broken world,2002,SPIRITUALITY,
239,282.0924N856,Henri J.M. Nouwen,GRACIAS,1983,SPIRITUALITY,
11,Si531,Simon,GRAHAM GREENE THE TENTH MAN,1985,FICTION,
5,,Michael Boulares,GRAMMAIRE : Progressive Du Français avec 400 exercises.,1997,SPECIAL COLLECTION LIB 2,
25,,Michael Boulares,GRAMMAIRE : Progressive Du Français avec 400 exercises.,1997,SPECIAL COLLECTION LIB 2,
70,725.090511G789,,GREAT BUILDINGS OF THE WORLD,2004,GEN-REF2,
147,221.922082G789,,GREAT WOMEN OF THE BIBLE : IN ART AND LITERATURE,1994,General Reference,
409,253.53D744,Rose Mary Dougherty ,GROUP OF SPIRITUAL DIRECTION: Community for Discernment,1995,SPIRITUALITY,
382,248.4F988,J.M. FUSTER S.J.,Growing in Christ : a practical method,1983,Filipiniana,
14,248.85D360,Alfons Deeken,GROWING OLD AND HOW TO COPE WITH IT,1972,REFERENCE (Library 2),
199,248.2F112,Frederick William Faber,GROWTH IN HOLINESS OR THE PROGRESS OF THE SPIRITUAL LIFE,1854,SPIRITUALITY,
470,248.482R764c.1,"Francois Roustang, S.J.",GROWTH IN THE SPIRIT : An initiation into the spiritual life on the lines of the Spiritual Exercises ,1966,SPIRITUALITY,
471,248.482R764c.2,"Francois Roustang, S.J.",GROWTH IN THE SPIRIT : An initiation into the spiritual life on the lines of the Spiritual Exercises ,1966,SPIRITUALITY,
16,VP2005,,GUARD AND DEFEND THE CHILDREN OF MARY!,2005,VERTICAL FILE,
114,271K295,"Gerald Kelly, S.J.",GUIDANCE FOR RELIGIOUS,1956,SPIRITUALITY,
3,255 G941,,GUIDE FOR SUPERIORS OF THE SOCIETY OF JESUS,1952,THEOLOGY,
100,282.092G941,,GUIDE TO THE TRAINING OF FUTURE PRIESTS CONCERNING THE INSTRUMENTS OF SOCIAL COMMUNICATION,n.d.,THEOLOGY,
156,253.5G941,,GUIDELINES FOR LOCAL SUPERIORS : GUIDELINES FOR THE RELATIONSHIP BETWEEN THE SUPERIOR AND THE DIRECTOR OF THE WORK,1998,General Reference,
820,248.4M270c.1,"Jose Magana, S.J.",GUIDELINES FOR TOTAL REDEMPTION,,SPIRITUALITY,
821,248.4M270c.2,"Jose Magana, S.J.",GUIDELINES FOR TOTAL REDEMPTION,,SPIRITUALITY,
822,248.4M270c.3,"Jose Magana, S.J.",GUIDELINES FOR TOTAL REDEMPTION,,SPIRITUALITY,
823,248.4M270c.4,"Jose Magana, S.J.",GUIDELINES FOR TOTAL REDEMPTION,,SPIRITUALITY,
95,031.02G948,,GUINNESS WORLD RECORDS 2004 : Hundreds of new record inside,2003,GEN-REF2,
6,D541,Jared Diamond,"GUNS, GERMS, AND STEEL: THE FATES OF HUMAN SOCIETIES",1997-1999,FICTION,
95, 234.3M735,"J.I GONZÁLEZ FAUS, S.J., D. MOLLÁ, S.J.",HAGAMOS REDENCIÓN DEL GÉNERO HUMANO,1997,SPECIAL COLLECTION,
82,291.4H191,"Richard Carlson, editor",HANDBOOK FOR THE SOUL,1995,General Reference,
18,307.6Sa795c.1,Robert L. Sassone,HANDBOOK ON POPULATION SIXTH EDITION,1998,GEN-REF2,
19,307.6Sa795c.2,Robert L. Sassone,HANDBOOK ON POPULATION SIXTH EDITION,1998,GEN-REF2,
20,307.6Sa795c.3,Robert L. Sassone,HANDBOOK ON POPULATION SIXTH EDITION,1998,GEN-REF2,
21,307.6Sa795c.4,Robert L. Sassone,HANDBOOK ON POPULATION SIXTH EDITION,1998,GEN-REF2,
563,226.206T162,Rev. Fr. Gerardo R. Tapiador,Hark the Herald : how the bible tells Us when Jesus was born,2005,Filipiniana,
115,220.7N317,William Neil,Harper's Bible Commentary,1962,BIBLICAL STUDIES,
9,220.3H231,Paul J. Archtemeier,Harper's Bible Dictionary,1985,General Reference,
34,220.3M612,Madeleine S. Miller & J. Lane Miller,Harper's Bible Dictionary,1952,General Reference,
61,220.61H874,Gerald Hughes and Stephen Travis,Harper's Introduction to the Bible,1981,BIBLICAL STUDIES,
62,225.95Y148,Edwin Yamauchi,Harper's World of the New Testament,1981,BIBLICAL STUDIES,
12,,Hueber Verlag,HAUPTKURS AUSGABE 2008,2008,SPECIAL COLLECTION LIB 2,
13,,Hueber Verlag,HAUPTKURS AUSGABE 2008,2008,SPECIAL COLLECTION LIB 2,
75,248.3G157c.4,George E. Ganss S.J.,HE SPIRITUAL EXERCISES OF ST. IGNATIUS A TRANSLATION AND COMMENTARY,1993,SPIRITUALITY,
555,242P871,"John Powell, S.J.",HE TOUCHED ME : My Pilgrimage of prayer,1974,SPIRITUALITY,
368,248.86G223,KAY GATES,HEALING FROM THE INSIDE OUT,n.d.,Filipiniana,
104,248.86L649,Dennis Linn & Matthew Linn,HEALING LIFE'S HURTS HEALING MEMORIES THROUGH THE FIVE STAGES OF FORGIVENESS,1978,SPIRITUALITY,
146,242.2Or18c.1,"Fr. Jerry M. Orbos, SVD",HEALING MOMENTS,2019,Filipiniana,
147,242.2Or18c.2,"Fr. Jerry M. Orbos, SVD",HEALING MOMENTS,2019,Filipiniana,
148,242.2Or18c.3,"Fr. Jerry M. Orbos, SVD",HEALING MOMENTS,2019,Filipiniana,
126,248.86L649,DENNIS AND MATTHEW LINN,HEALING OF MEMORIES,1993,Filipiniana,
620,248.86L649,DENNIS AND MATTHEW LINN,HEALING OF MEMORIES,1993,Filipiniana,
712,243.131Sh696c.1,Barbara Leahy Shlemon,HEALING PRAYER,1976,SPIRITUALITY,
713,243.131Sh696c.2,Barbara Leahy Shlemon,HEALING PRAYER,1976,SPIRITUALITY,
391,248.4L649c.1,"Mary Jane Linn, Dennis Linn, & Matthew Linn",HEALING THE DYING,1979,SPIRITUALITY,
392,248.4L649c.2,"Mary Jane Linn, Dennis Linn, & Matthew Linn",HEALING THE DYING,1979,SPIRITUALITY,
604,261.8L498,"Antonio J. Ledesma, S.J",HEALING THE PAST BUILDING THE FUTURE (Sounding from Mindanao),2005,Filipiniana,
566,248.3M236,Father Francis MacNutt,HEALING THROUGH PRAYER,1974,SPIRITUALITY,
60,615.852B652,Caron Bosler,HEALTHY INSPIRATION MASSAGE,2005,GEN-REF2,
63,Ea83,Evelyn Eaton,HEART IN PILGRIMAGE,1948,FICTION,
41,252G945,"Nil Guillemette, S.J.",HEARTS BURNING: HOMILIES FOR THE SUNDAYS OF THE YEAR,2006,Filipiniana,
136,248.482B328,Ramon Ma. Bautista,Hearts-Burning : the consciousness examen as an authentic Ignatian Formation in discerning love,1990,Filipiniana,
33,438.2B757,Karl Breul,HEATH'S NEW GERMAN-ENGLISH DICTIONARY WITH A PHONETIC KEY TO THE PRONUNCIATION OF THE GERMAN WORDS,1936,GEN-REF2,
611,248.823C355,"John Chambers, S.J.",HELLO AGAIN ZAMBOANGA : Reflection 2000-2003,2004,Filipiniana,
12,148.2P541,Gerald M. Phillips,HELP FOR SHY PEOPLE & ANYONE ELSE WHO EVER FELT ILL AT EASE ON ENTERING A ROOM FULL OF STRANGERS…,1981,REFERENCE (Library 2),
589,253.5D68,E.F. O'Doherty,HELPING THE DISTURBED RELIGIOUS,,SPIRITUALITY,
983,253.5Od51c.1,E. F O'Doherty,HELPING THE DISTURBED RELIGIOUS,,SPIRITUALITY,
984,253.5Od51c.2,E. F O'Doherty,HELPING THE DISTURBED RELIGIOUS,,SPIRITUALITY,
286,248Sa246,"George A. St. Paul, S.J.",HERE AND HEREAFTER,1956,SPIRITUALITY,
816,282.092M264,Fiona Maddocks,HILDEGARD OF BINGEN : The woman of her age,2001,SPIRITUALITY,
287,248.22H542,,HILDEGARD OF BINGEN SCIBAS : The classic of western spirituality,1990,SPIRITUALITY,
69,248.4P773,ROSA MARIA PIQUER I POMÉS,HILDEGARDA DE BINGEN UN MENSAJE PARA NUESTRO TIEMPO,2004,SPECIAL COLLECTION,
231,282.092Ai98,"Fr. Jerome Aixala, S.J.",HIS HEART AND HIS SOCIETY,1956,SPIRITUALITY,
716,248.2Sa86,"Fr A Sauliere, S.J.",HIS STAR IN THE EAST,1995,SPIRITUALITY,
39,956.9T851,George A. Turner,Historical Geography of the Holy Land,1973,General Reference,
228,265.1R129,Karl Rahner,Holy Baptism,1970,THEOLOGY,
82,226.206N151,,Holy Bible,,BIBLICAL STUDIES,
128,220.520834H747,,Holy Bible : containing the old and new testaments,n.d.,BIBLICAL STUDIES,
196,262.142082Z131,Phyllis Zagano,HOLY SATURDAY : an argument for the restoration of the female diaconate in the catholic church,2000,THEOLOGY,
378,262.5En61,Joseph Enn S.J,HOLY SCRIPTURE AND THE SPIRITUAL EXERCISES : A collection  of passes from scripture for the central themes of the exercises,1963,SPIRITUALITY,
465,264.03H747 c.1,,"HOLY WEEK MISSAL. CHRIST HAS DIED, CHRIST HAS RISEN, CHRIST WILL COME AGAIN",n.d.,Filipiniana,
466,264.03H747 c.2,,"HOLY WEEK MISSAL. CHRIST HAS DIED, CHRIST HAS RISEN, CHRIST WILL COME AGAIN",n.d.,Filipiniana,
467,264.03H747 c.3,,"HOLY WEEK MISSAL. CHRIST HAS DIED, CHRIST HAS RISEN, CHRIST WILL COME AGAIN",n.d.,Filipiniana,
468,264.03H747 c.4,,"HOLY WEEK MISSAL. CHRIST HAS DIED, CHRIST HAS RISEN, CHRIST WILL COME AGAIN",n.d.,Filipiniana,
469,264.03H747 c.5,,"HOLY WEEK MISSAL. CHRIST HAS DIED, CHRIST HAS RISEN, CHRIST WILL COME AGAIN",n.d.,Filipiniana,
470,264.03H747 c.6,,"HOLY WEEK MISSAL. CHRIST HAS DIED, CHRIST HAS RISEN, CHRIST WILL COME AGAIN",n.d.,Filipiniana,
287,265.85T161h,FR.LARRY TAN SDB,"HOMEBOUND ""Preparation for death""", 2005/2011,Filipiniana,
494,248.3H757,,HONGKONG JOURNAL OF CATHOLIC STUDIES: Spiritual Exercises and Ignatian Spirituality Direction in Contemporary Times,2021,SPIRITUALITY,
220,234.2H224,Bernard Haring,Hope is the Remedy,1973,THEOLOGY,
30,821.8L243,Justus George Lawler,HOPKINS RE-CONSTRUCTED,2017,REFERENCE (Library 2),
82, 248.4L770,"DARÍO MOLLÀ LLÀCER, S.J.",HORIZONTES DE VIDA (VIVIR A LA IGNACIANA),2009,SPECIAL COLLECTION,
256,262.001H830,,How to be a missionary synodal Church INSTRUMENTUM LABORIS FOR THE SECOND SESSION (OCTOBER 2024),2024,Filipiniana,
753,248.4Ip1c.1,"Ignatuis Iparraguirre, S.J.",HOW TO GIVE A RETREAT : Practical notes,1959,SPIRITUALITY,
754,248.4Ip1c.2,"Ignatuis Iparraguirre, S.J.",HOW TO GIVE A RETREAT : Practical notes,1959,SPIRITUALITY,
425,248.3R679,Fr. John Roothaan,HOW TO MEDITATE,1945,SPIRITUALITY,
790,242R679,"Rev. Louis J. Puhl, S.J.",HOW TO MEDITATE BY FATHER JOHN ROOTHAAN,1945,SPIRITUALITY,
662,242R128,"Yves Raguin, S.J.",HOW TO PRAY TODAY : A book of spiritual reflection,1974,SPIRITUALITY,
196,227.N789,Marilyn Norquist,How to Read and Pray Saint Paul,1979,BIBLICAL STUDIES,
544,242.7N789,Marilyn Norquist,HOW TO READ AND PRAY THE GOSPELS,1978,SPIRITUALITY,
186,220.61C839,Harvey Cox,HOW TO READ THE BIBLE,2015,BIBLICAL STUDIES,
144,225.61C383,Etienne Charpentier,How to Read the New Testament,1981,BIBLICAL STUDIES,
65,220.07H830,,How to study bible,1973,BIBLICAL STUDIES,
10,158.2K221w,Kathleen Keating,HUG THERAPY 2 THE WONDERFUL LANGUAGE OF HUGS,1987,REFERENCE (Library 2),
89,720.924H873,,"HUGH NEWELL JACOBSEN, ARCHITECT",1988,GEN-REF2,
44,155.05H880v.12,,HUMAN DEVELOPMENT : The Jesuit Educational Center for Human Development vol .12,1991,PERIODICAL,
48,155.05H880,,HUMAN DEVELOPMENT : The Jesuit Educational Center for Human Development vol. 1 ,1981,PERIODICAL,
43,155.05H880v.10,,HUMAN DEVELOPMENT : The Jesuit Educational Center for Human Development vol. 10,1989,PERIODICAL,
49,155.05H880,,HUMAN DEVELOPMENT : The Jesuit Educational Center for Human Development vol. 2,1984,PERIODICAL,
50,155.05H880,,HUMAN DEVELOPMENT : The Jesuit Educational Center for Human Development vol. 3,1984,PERIODICAL,
51,155.05H880,,HUMAN DEVELOPMENT : The Jesuit Educational Center for Human Development vol. 4,1983,PERIODICAL,
52,155.05H880,,HUMAN DEVELOPMENT : The Jesuit Educational Center for Human Development vol. 5,1984,PERIODICAL,
56,155.05H880,,HUMAN DEVELOPMENT : The Jesuit Educational Center for Human Development vol.11,1990,PERIODICAL,
57,155.05H880,,HUMAN DEVELOPMENT : The Jesuit Educational Center for Human Development vol.13,1992,PERIODICAL,
46,155.05H880,,HUMAN DEVELOPMENT : The Jesuit Educational Center for Human Development vol.14,1993,PERIODICAL,
53,155.05H880,,HUMAN DEVELOPMENT : The Jesuit Educational Center for Human Development vol.15,1994,PERIODICAL,
47,155.05H880,,HUMAN DEVELOPMENT : The Jesuit Educational Center for Human Development vol.16,1995,PERIODICAL,
54,155.05H880,,HUMAN DEVELOPMENT : The Jesuit Educational Center for Human Development vol.17,1986,PERIODICAL,
45,155.05H880,,HUMAN DEVELOPMENT : The Jesuit Educational Center for Human Development vol.17,1996,PERIODICAL,
58,155.05H880,,HUMAN DEVELOPMENT : The Jesuit Educational Center for Human Development vol.18,1997,PERIODICAL,
41,155.05H880v.6,,HUMAN DEVELOPMENT : The Jesuit Educational Center for Human Development vol.6,1985,PERIODICAL,
55,155.05H880,,HUMAN DEVELOPMENT : The Jesuit Educational Center for Human Development vol.8,1987,PERIODICAL,
42,155.05H880v.9,,HUMAN DEVELOPMENT: The Jesuit Educational Center for Human Development vol. 9,1988,PERIODICAL,
74,241.63H880c.1,,HUMANAE VITAE : ENCYCLICAL OF HIS HOLINESS POPE PAUL VI ON THE REGULATION OF BIRTH,1968,PAPAL COLLECTION,
75,241.63H880c.2,,HUMANAE VITAE : ENCYCLICAL OF HIS HOLINESS POPE PAUL VI ON THE REGULATION OF BIRTH,1968,PAPAL COLLECTION,
593,248.92M363,Ralph Martin,HUNGRY FOR GOD:Practical help in personal prayer,1974,SPIRITUALITY,
384,226.206G945,"Nil Guillemette, S.J.",Hungry No More,1989,Filipiniana,
549,234.72G945,"NIL GUILLEMETTE, SJ",HUNGRY NO MORE : EXERGESIS AND REFLECTIONS,1989,Filipiniana,
85,264.2Am1,Sacred Heart Parish,I AM THE RESURRECTION AND THE LIFE,n.d.,Filipiniana,
212,238B412,,I BELIEVE : A LITTLE CATHOLIC CATECHISM,2013,THEOLOGY,
172,260H754,"Elmer G, Homrighausen",I BELIEVE IN THE CHURCH,1959,THEOLOGY,
26,T74,Walter Trobisch,I LOVED A GIRL,1962-1964,FICTION,
87,226.5W66,,I WILL TURN to the FATHER : the gospel according to Luke; the first letter from Peter ; The book of Amos ; ASelection of Psalms,1999,BIBLICAL STUDIES,
167,226.5N168,,I. THE NARRRATIVE OF BOOK FOUR: THE ITINERANT JESUS PREPARES FOR THE CHURCH BY HIS DEEDS ( photocopy),n.d.,BIBLICAL STUDIES,
533,248.29N171c.1,"Robert Nash, S.J",IDEAL TO LIVE BY : A guide to the spiritual exercises of St. Ignatius loyola,1959,SPIRITUALITY,
534,248.29N171c.2,"Robert Nash, S.J",IDEAL TO LIVE BY : A guide to the spiritual exercises of St. Ignatius loyola,1959,SPIRITUALITY,
535,248.29N171c.3,"Robert Nash, S.J",IDEAL TO LIVE BY : A guide to the spiritual exercises of St. Ignatius loyola,1959,SPIRITUALITY,
476,242Z238,Dom Hubert Van Zeller,IDEAS FOR PRAYER :  200 suggestions,1966,SPIRITUALITY,
118,271.5302R747,MARK ROTSAERT,IGNACE DE LOYOLA,1982,SPECIAL COLLECTION,
66,248.4M331,CARLES MARCET,"IGNACIO DE LOYOLA ACOMPAÑADO, ACOMPAÑANTE, EN COMPAÑIA",2018,SPECIAL COLLECTION,
307,248.2Su531,"Francis A. Sullivan, S.J.",IGNATIAN EXERCISES CHARISMATIC RENEWAL: Similarities? Differences? Constrast? Convergences? (Marked copy and notes),1977,SPIRITUALITY,
962,248.29M471,"Daniel F. X. Meenan, S.J.",IGNATIAN INSIGHT : VISION OR CHIMERA,1974,SPIRITUALITY,
881,248.4C632c.1,"Rev. H. Coathalem, S.J.",IGNATIAN INSIGHTS : A guide to complete spiritual exercises,1971,SPIRITUALITY,
882,248.4C632c.2,"Rev. H. Coathalem, S.J.",IGNATIAN INSIGHTS : A guide to complete spiritual exercises,1971,SPIRITUALITY,
883,248.4C632c.3,"Rev. H. Coathalem, S.J.",IGNATIAN INSIGHTS : A guide to complete spiritual exercises,1971,SPIRITUALITY,
884,248.4C632c.4,"Rev. H. Coathalem, S.J.",IGNATIAN INSIGHTS : A guide to complete spiritual exercises,1971,SPIRITUALITY,
402,248.2B796c.1,"Alexandre Brou, S.J.",IGNATIAN METHODS OF PRAYER,1949,SPIRITUALITY,
403,248.2B796c.2,"Alexandre Brou, S.J.",IGNATIAN METHODS OF PRAYER,1949,SPIRITUALITY,
164,248.05W364i,,IGNATIAN SPIRITUALITY AND CONTEMPLATIVE PRAYER,2002,PERIODICAL,
386,248.29R627,Judith Roemer,IGNATIAN SPIRITUALITY AND THE DIRECTED RETREAT : A study manual to be used with the video series,1991,SPIRITUALITY,
121,248.4Ig5,,IGNATIAN SPIRITUALITY IN JESUIT APOSTOLATE,1992,SPIRITUALITY,
359,248.324Ig5,,"IGNATIAN SPIRITUALITY SINCE CG 32 : Articles , Report, Bibliographies",1975,SPIRITUALITY,
963,248.29Ig5,"Spidlik,Rulla, Carroll, Arrupe",IGNATIAN SPIRITUALITY: FOUR ESSAYS,1979,SPIRITUALITY,
125,248.2Iq5,,IGNATIANA,1955,SPIRITUALITY,
,,"David G. Creamer,  S.J",IGNATIUS LOYOLA : From knight - at- arms to knight of God,,BOOKLET,
38,248.3T291, Joseph A. Tetlow,Ignatius Loyola : spiritual exercises,1992,SPIRITUALITY,
79,248.22092Eg13,"Harvey D. Egan, S.J.",IGNATIUS LOYOLA THE MYSTIC,1987,SPIRITUALITY,
786,271.5302Id25,Jose Ignacio Tellechea Idigoras,IGNATIUS OF LOYOLA THE PILGRIM SAINT,1994,SPIRITUALITY,
787,271.5302M479,"W. W. Meissner, S.J., M.D.",IGNATIUS OF LOYOLA THE PSYCHOLOGY OF A SAINT,1992,SPIRITUALITY,
117,282.092R129m,Hugo Ranher,IGNATIUS: THE MAN AND THE PRIEST,1977,SPIRITUALITY,
92,248.05 Ig71994c.1," Jose Maria Fuentes , S.J,editor","IGTING :  Lay people in mission in the spirit of St. Ignatius Loyola, no.7 (c.1)",1994,PERIODICAL,
93,248.05 Ig71994c.2," Jose Maria Fuentes , S.J,editor","IGTING :  Lay people in mission in the spirit of St. Ignatius Loyola, no.7 (c.2)",1994,PERIODICAL,
,248.05 Ig71994c.3 - 5," Jose Maria Fuentes , S.J,editor","IGTING :  Lay people in mission in the spirit of St. Ignatius Loyola, no.7 (number of copies 5)",1994,PERIODICAL LIB2 (Duplicate copies),
97,248.05 Ig71994c.1," Jose Maria Fuentes , S.J,editor","IGTING : ""GIVING THE EXERCISES"", no.6 (c.1)",1994,PERIODICAL,
98,248.05 Ig71994c.2," Jose Maria Fuentes , S.J,editor","IGTING : ""GIVING THE EXERCISES"", no.6 (c.2)",2006,PERIODICAL,
,248.05 Ig71994c.3," Jose Maria Fuentes , S.J,editor","IGTING : ""GIVING THE EXERCISES"", no.6(number of copies 3)",2006,PERIODICAL LIB2 (Duplicate copies),
86,248.05 Ig7 1993c.1," Jose Maria Fuentes , S.J,editor","IGTING : ""The society of jesus""  A body for mission, no.5",1993,PERIODICAL,
,248.05 Ig7 1993c.2-3," Jose Maria Fuentes , S.J,editor","IGTING : ""The society of jesus""  A body for mission, no.5(number of copies 3)",1993,PERIODICAL LIB2 (Duplicate copies),
94,248.05 Ig71995c.1," Jose Maria Fuentes , S.J,editor","IGTING : On going formation of lay partners in mission , no.8",1995,PERIODICAL,
,248.05 Ig71995c.2," Jose Maria Fuentes , S.J,editor","IGTING : On going formation of lay partners in mission , no.8(number of copies 2)",2005,PERIODICAL LIB2 (Duplicate copies),
95,248.05 Ig71991c.1," Jose Maria Fuentes , S.J,editor",IGTING :Ignatian Spirituality in Jesuit Apostolate no.1 (c.1),1991,PERIODICAL,
96,248.05 Ig71991c.2," Jose Maria Fuentes , S.J,editor",IGTING :Ignatian Spirituality in Jesuit Apostolate no.1 (c.2),1991,PERIODICAL,
,248.05 Ig71991c.3-5," Jose Maria Fuentes , S.J,editor",IGTING :Ignatian Spirituality in Jesuit Apostolate no.1 (number of copies 5),1991,PERIODICAL LIB2 (Duplicate copies),
33,248.05Ig7,,IGTING 1-4 :  Ignatian Spirituality in Jesuit Apostolate,1991,PERIODICAL,
34,248.05Ig7,,IGTING 1-8 :  Ignatian Spirituality in Jesuit Apostolate,1991,PERIODICAL,
89,248.05 Ig71991," Jose Maria Fuentes , S.J,editor","IGTING: ""Ignatian Spirituality in the Jesuits’ Apostolate"" part 2, no.3",1991,PERIODICAL,
90,248.05 Ig71993c.1," Jose Maria Fuentes , S.J,editor","IGTING: ""The spiritual exercises and todays world "" part 3, no.4 (c.1)",1993,PERIODICAL,
,248.05 Ig71993c.2 - 3," Jose Maria Fuentes , S.J,editor","IGTING: ""The spiritual exercises and todays world "" part 3, no.4 (number of copies 3 )",1993,PERIODICAL LIB2 (Duplicate copies),
91,248.05 Ig71994," Jose Maria Fuentes , S.J,editor","IGTING: ""The spiritual exercises and todays world "" part 3, no.5 (c.2)",1994,PERIODICAL,
87,248.05 Ig71992c.1," Jose Maria Fuentes , S.J,editor","IGTING: ""The spiritual exercises and todays world "" part I, no.2",1992,PERIODICAL,
,248.05 Ig71992c.2-5," Jose Maria Fuentes , S.J,editor","IGTING: ""The spiritual exercises and todays world "" part I, no.2 (number of copies 5)",1992,PERIODICAL LIB2 (Duplicate copies),
88,248.05 Ig71992c.1," Jose Maria Fuentes , S.J,editor","IGTING: The Spiritual Exercises and Today’s World, part 2,  no.3",1992,PERIODICAL,
,248.05 Ig71992c.2-6," Jose Maria Fuentes , S.J,editor","IGTING: The Spiritual Exercises and Today’s World, part 2,  no.3(number of copies 6)",1992,PERIODICAL LIB2 (Duplicate copies),
158,232.9P919,,II. THE PREPARATION FOR THE PUBLIC MINISTRY OF JESUS ( photcopy),n.d.,BIBLICAL STUDIES,
72,225C771,,Ikaduhang Basahon Daang Testamento ANG BIBLIYA NGA INARAWAN,2004,Filipiniana,
25,248.4G941,"ARMANDO GUIDETTI, S.J.",IL DISCERNIMENTO DEGLI SPIRITI IN S. BERNARDINO DA SIENA E IN S. IGNAZIO DI LOYOLA,1982,SPECIAL COLLECTION,
101, 726.509456OIl1,,IL GESÙ DI ROMA CHURCH OF JESUS - ROME L'EGLISE DE JESUS - ROME KIRCHE VON JESUS - ROM IGLESIA DEL JESUS - ROMA,1969,SPECIAL COLLECTION,
500,291.43W676,Marianne Williamson,"ILLUMINATA : Thought , Prayer, Rites of Passage",1994,SPIRITUALITY,
161,252L648,"Mark Link, S.J.",ILLUSTRATED DAILY HOMILIES,1987,THEOLOGY,
74,252L648,,ILLUSTRATED DAILY HOMILIES : YEAR 1 GOSPEL,1987,General Reference,
49,363.6909599,Melva Rodriguez Java,ILLUSTRATED MANUAL FOR THE REPAIR AND MAINTENANCE OF SPANISH PERIOD STRUCTURES IN THE PHILIPPINES,2018,FILIPIANA (LIBRARY 2),
42,616.891H240,"Thomas A. Harris, M.D.",I'M OK- YOU'RE OK,1955,REFERENCE (Library 2),
6,248.4D340,"ANTONIA MA. DE ALDAMA, S.J.",IMAGEN IGNACIANA DEL JESUITA EN LOS ESCRITOS DE POLANCO EXTRACTOS,1975,SPECIAL COLLECTION,
159,248.3405 C333i,,IMAGES AND IMAGINATION IN THE IGNATIAN EXERCISES,1987,PERIODICAL,
235,222.1068G135,Judette A. Gallares,Images of Faith : spirituality of women in the old testament from a Third world perspective,1992,Filipiniana,
501,248.482Sh436,"Philip Sheldrake, S.J.",IMAGES OF HOLINESS: Exploration in contemporary spirituality,1988,SPIRITUALITY,
105,248.2H164,"Marlene Halpin, Dominican",Imagine That! Using Fantasy in Spiritual Direction,1989,Filipiniana,
267,268.4H676,"Johannes Hofinger, S.J.",Imparting the Christian Message,1961,THEOLOGY,
127,271.53C769,"Joseph F. Conwell, S.J.",IMPELLING SPIRIT- REVISITING A FOUNDING EXPERIENCE: 1539 IGNATIUS OF LOYOLA AND HIS COMPANIONS,1997,SPIRITUALITY,
867,248.8M366,C. C. Martindale. S. J.,IN GOD'S ARMY,1949,SPIRITUALITY,
3,248.8M366 c.1,C. C. Martindale. S. J.,IN GOD'S ARMY : Christ's Cadets,1917,SPIRITUALITY,
337,267.182P949,RICHARD J. PRTTEY,IN HIS FOOTSTEPS :The Priest and the Catholic Charismatic Renewal,1997,Filipiniana,
61,262B817,Dr. Paul Brand & Philip Yancey,IN HIS IMAGE,1984,Filipiniana,
61,282.092In11,,"IN ILLOTEMPORE : Memoirs of Rt. Rev. Msgr. Constantino R. Batoctoy, H.P",2011,FILIPIANA (LIBRARY 2),
,,"DavidRsselin, S.J","IN LOVING REMEMBRANCE OF FARHER PEDRO ARRUPE , S.J",,BOOKLET,
,,"DavidN rsselin, S.J","In loving remembrance of father Pedro Arrupe, S.J (3 copies)",,,
153,899.211Ab13,Gemino H. Abad,In Ordinary Time,2004,Filipiniana,
657,242C382,"François Charmot, S.J.",IN RETREAT WITH THE SACRED HEART,1975,SPIRITUALITY,
21,248.8K11,"Adrian Van Kaam, C.S.Sp.",IN SEARCH OF SPIRITUAL IDENTITY,1975,SPIRITUALITY,
599,248.2C233,Carlo Carretto,IN SEARCH OF THE BEYOND,,SPIRITUALITY,
247,248.4r631,Barbara J. Rogers,IN THE CENTER : The Story of a retreat ,1983,SPIRITUALITY,
404,248.4In11,,IN THE FOOTSTEPS OF FRANCIS XAVIER,,SPIRITUALITY,
92,297.09R290,John Renard,IN THE FOOTSTEPS OF MUHAMMAD: UNDERSTANDING THE ISLAMIC EXPERIENCE,1992,FILIPIANA (LIBRARY 2),
61,232 L518,Edward Leen. C.S.S.P.,IN THE LIKENESS OF CHRIST,1936,THEOLOGY,
553,234.52N856,Henri J.M Nouwen,IN THE NAME OF JESUS : REFLECTION ON CHRISTIAN LEADERSHIP,1995,Filipiniana,
292,241.67In11,FRANCISCO F. CLAVER Et al.,"IN THE PHILIPPINES TODAY: CHRISTIAN FAITH, IDEOLOGIES… MARXISM",1982,Filipiniana,
360,266.2R15,KEVIN M. RANAGHAN,IN THE POWER OF THE SPIRIT: EFFECTIVE CATHOLIC EVANGELIZATION,1993,Filipiniana,
71,959.91C228,Atty. Jose Maria Z. Carpio,INA AND THE BIKOL PEOPLE : A JOURNEY OF FAITH,2002,General Reference,
119,266.2St241,"Nicolas Standaert, S.J.",Inculturation : the gospel and cultures,1994,Filipiniana,
233,261.2 In217,"Jaime C. Bulatao, S.J. et al","Inculturation, Faith and Christian Life",1978,Filipiniana,
27,248.4Se599,,INCULTURAZIONE,1979,SPECIAL COLLECTION,
115, 271.53In222c.1,,INDEX DE L'EXAMEN GÉNÉRAL ET DES CONSTITUTIONS,1973,SPECIAL COLLECTION,
116, 271.53In222c.2, ,INDEX DE L'EXAMEN GÉNÉRAL ET DES CONSTITUTIONS,1973,SPECIAL COLLECTION,
58,271.53Al21,ANTONI M. DE ALDAMA,INICIACIÓN AL ESTUDIO DE LAS CONSTITUCIONES,1981,SPECIAL COLLECTION,
125, 271.53Al21,ANTONI M. DE ALDAMA,INICIACIÓN AL ESTUDIO DE LAS CONSTITUCIONES,1981,SPECIAL COLLECTION,
842,271.53024In51,Joseph A. Munitiz S.J.,INIGO : DISCERMENT LOG-BOOK : The spiritual diary of saint ignatius loyola,1987,SPIRITUALITY,
,,Iilis Bergin PBVM,INIGO : Introduction main lyrics applications & initiatives (2 copies),,BOOKLET,
212,271.5302L569,"Pedro Leturia, S.J.",INIGO DE LOYOLA,1949,SPIRITUALITY,
322,248.4In51,,"INIGO: INTRODUCTION, MAIN LYRICS, APPLICATIONS & INITIATIVES",,SPIRITUALITY,
18,Oc13,Sean O'Casey,INISHFALLEN FARE THEE WELL,1949,FICTION,
583,248.2Sca634,Michael Scanlan,Inner Healing : ministering to the human spirit through the power of prayer,1974,Filipiniana,
146,016.27153In717,,INSCRIPTIONES EPISTOLARUM SOCIETATIS IESU,1996,SPECIAL COLLECTION,
191,227.07In725,"Philip Yancey, noted",INSIGHT: The NIV New testament ,1978,BIBLICAL STUDIES,
179,261.83In784c.2,,"INSTRUCTION ON CERTAIN ASPECTS OF THE "" THEOLOGY OF LIBERATION""",1984,THEOLOGY,
326,261.8T634,,"INSTRUCTION ON CERTAIN ASPECTS OF THE ""THEOLOGY OF LIBERATION""",1984,Filipiniana,
178,261.83In784c.1,,"INSTRUCTION ON CERTAIN ASPECTS OF THE ""THEOLOGY OF LIBERATION""",1984,THEOLOGY,
98,261In784c.1,,INSTRUCTION ON CHRISTIAN FREEDOM AND LIBERATION ( Congregation for the Doctrine of the Faith),1986,THEOLOGY,
99,261In784c.2,,INSTRUCTION ON CHRISTIAN FREEDOM AND LIBERATION ( Congregation for the Doctrine of the Faith),1986,THEOLOGY,
219,255In784,,Instruction on Temporal Administration,1981,THEOLOGY,
383,265.1158D364,"Fr. Robert DeGrandis, S.S.J.",INTEGRATING HEALING IN THE PARISH COMMUNITY,1997,Filipiniana,
1,499.221M987Bh.3,Wilfredo A. Muyargas,INTENSIVE CEBUANO FOR EXPATRIATES ,1990,FILIPIANA (LIBRARY 2),
2,499.221M987Bh.2,Wilfredo A. Muyargas,INTENSIVE CEBUANO FOR EXPATRIATES ,1990,FILIPIANA (LIBRARY 2),
218,262.14In813c.1,BEC Service Office,Inter-BEC CONSULTATIONS,1988,Filipiniana,
219,262.14In813c.2,BEC Service Office,Inter-BEC CONSULTATIONS,1989,Filipiniana,
220,262.14In813c.3,BEC Service Office,Inter-BEC CONSULTATIONS,1989,Filipiniana,
83,221.61H237,"Daniel Harrington, S.J.",INTERPRESTING THE OLD TESTAMENT: A Practical Guide,1981,BIBLICAL STUDIES,
619,248.34K221,Thomas Keating ,INTIMACY WITH GOD,1994,Filipiniana,
707,253.5N856,Henri J.M. Nouwen,INTIMACY: Pastoral psychological essays,1969,SPIRITUALITY,
7,271.53C651,"AUGUSTO COEMANS, CARLO MARTINI, MARIO GIOIA",INTRODUCCION AL ESTUDIO DE LA FORMULA DEL INSTITUTO S. I.,1974,SPECIAL COLLECTION,
173,225.6H916,Archibald M. Hunter,INTRODUCING THE NEW TESTAMENT,1957,THEOLOGY,
895,248.4P745,"Raoul Plus, S.J.",INWARD PEACE,,SPIRITUALITY,
33,305.31B629,Robert Bly,IRON JOHN A BOOK ABOUT MEN,1990,REFERENCE (Library 2),
73,919Is49,,ISLES OF THE SOUTH PACIFIC,1968,GEN-REF2,
93,956.94Is72,,ISRAEL : English Edition,1993,GEN-REF2,
86, 248.22M489,"JAVIER MELLONI, S.J.",ITINERARIO JACIA UNA VIDA EN DIOS,2001,SPECIAL COLLECTION,
454,248.4Iw1,Daughters of Saint Paul,IWAG SA AKONG DALAN : mga butang nga angayng hibaloan sa mga katoliko uban ang Sakripisyo sa misa,1995,Filipiniana,
84,B789,Charlotte Bronte,JANE EYRE,1960-1982,FICTION,
208,230.2Ar699,Pedro Arrupe S.J.,JESUIT APOSTOLATE IN SECONDARY EDUCATION: TODAY AND TOMORROW,1980,SPIRITUALITY,
337,271.53Ar699,Pedro Arrupe S.J.,JESUIT APOSTOLATES TODAY : An Anthology of letters and Addresses lll,1981,SPIRITUALITY,
550,248.2J499,,JESUIT DIRECTIONS,1975,SPIRITUALITY,
151,248.3405 C333j,,JESUIT EDUCATION ITS SOURCE AND INSPIRATION: IGNATIAN SPIRITUALITY,1981,PERIODICAL,
157,271.53Ar699c.1,Father Pedro Arrupe S.J.,JESUIT GENERAL IN THE PHILIPPINES,1972,Filipiniana,
158,271.53Ar699c.2,Father Pedro Arrupe S.J.,JESUIT GENERAL IN THE PHILIPPINES,1972,Filipiniana,
159,271.53Ar699c.3,Father Pedro Arrupe S.J.,JESUIT GENERAL IN THE PHILIPPINES,2005,Filipiniana,
160,271.53Ar699c.4,Father Pedro Arrupe S.J.,JESUIT GENERAL IN THE PHILIPPINES,1972,Filipiniana,
24,266.25997J499v.1,"Jose S. Arcilla, S.J.",JESUIT MISSIONARY LETTERS FROM MINDANAO Vol. 1,1990,Filipiniana,
25,266.25997J499v.2,"Jose S. Arcilla, S.J.",JESUIT MISSIONARY LETTERS FROM MINDANAO Vol. 2,1993,Filipiniana,
39,264.02J499,,Jesuit Ordo Philippine Province 2013-2014,n.d.,Filipiniana,
502,282.092J499,,JESUIT PRIEST,,SPIRITUALITY,
181,255J499,,Jesuit Religious Life,1976,General Reference,
89,271.53J499,,"JESUIT RELIGIOUS LIFE : a summary of orientation and norms on our manner of life, personal and ..",1977,SPIRITUALITY,
137,271.53Se89,Smyth Sewn,JESUIT RELIGIOUS LIFE TODAY,1977,SPIRITUALITY,
7,266.2309J499,,JESUIT RETREAT AND RENEWAL MINISTRIES MEMBERSHIP DIRECTORY 1992-1993 UNITED STATES AND CANADA,1993,GEN-REF2,
219,271.53022T971c.1,"Joseph N. Tylenda, S.J.",JESUIT SAINTS & MARTYRS,1984,SPIRITUALITY,
220,271.53022T971c.2,"Joseph N. Tylenda, S.J.",JESUIT SAINTS & MARTYRS,1984,SPIRITUALITY,
153,248.3405 C333j,,JESUIT VOCATIONS TODAY RESULTS OF A WORLDWIDE SURVEY,1981,PERIODICAL,
221,271.53022T971c.3,"Joseph N. Tylenda, S.J.","JESUIT, SAINTS & MARTYRS",1984,SPIRITUALITY,
140,271.53J869,,JÉSUITES NOUBELLES DE LA PROVINCE DE FRANCE,2017,SPECIAL COLLECTION,
142,271.53J869,,JÉSUITES NOUBELLES DE LA PROVINCE DE FRANCE,2012,SPECIAL COLLECTION,
184,226.2C577,"Bishop Francisco Claver, S.J",JESUITS AND INTERNATIONAL MISSION : the basic ecclesial community ,1973,THEOLOGY,
79,248.3405 C333j,,JESUITS AND THE CHARISMATIC RENEWAL,1984,PERIODICAL,
737,248.4Ec41c.1,"Ignacio Echaniz, S.J.",JESUITS AT PRAYER,1996,SPIRITUALITY,
738,248.4Ec41c.2,"Ignacio Echaniz, S.J.",JESUITS AT PRAYER,1996,SPIRITUALITY,
739,248.4Ec41c.3,"Ignacio Echaniz, S.J.",JESUITS AT PRAYER,1996,SPIRITUALITY,
,248.4Ec41c.4 -6,"Ignacio Echaniz, S.J.",JESUITS AT PRAYER (number of copies 6),1996,SPIRITUALITY Library 2 (Duplicate copies),
224,,,"JESUITS EDUCATION : Its source and inspiration , Ignatian spirituality vol.12,no.38",1981,PERIODICAL,
93,282.09J499,Alfred A. Yuson,JESUITS IN MINDANAO : THE MISSION,2013,General Reference,
96,271.5J499,,JESUITS IN THE PHILIPPINES 1993-1996,1994,,
40,271.53L119,Jean Lacouture,Jesuits: A Multibiography,1995,General Reference,
133,248.4N856,Henri J.M. Nouwen,JESUS & MARY FINDING OUR SACRED CENTER,1993,SPIRITUALITY,
595,234.72P643,by A Pilgrim,"Jesus , can we talk ?",2018,Filipiniana,
33,232.901 M612,John W. Miller,JESUS AT THIRTY : a psychological and historical portrait,1997,THEOLOGY,
562,234.72P643,by a Pilgrim,JESUS CAN WE TALK?,2018,Filipiniana,
108,232G764,"Leonce de Grandmaison, S.J.",JESUS CHRIST,1961,THEOLOGY,
80,232.9P887,"Ferdinand Prat, S. J","JESUS CHRIST : HIS LIFE ,HIS TEACHING,AND HIS WORK VOLUME ||",1950,General Reference,
68,232 F391,"Jesus V. Fernandez, S.J.",JESUS CHRIST: YESTERDAY...TODAY... FOREVER,1997,THEOLOGY,
88,248.08 M891,Malcolm Muggeridge,JESUS REDISCOVERED,1969,THEOLOGY,
59,242 L961,Chiara Lubich,JESUS THE HEART OF HIS MESSAGE : unity and Jesus forsaken,1985,THEOLOGY,
159,232.9P367,"Donald E. Pelotte, S.S.S.",JOHN COURTNEY MURRAY: THEOLOGIAN IN CONFLICT,1976,THEOLOGY,
152,282.092N414,"Albert M. Nevett, S.J.",JOHN DE BRITTO AND HIS TIMES,1980,SPIRITUALITY,
98,252.55D370,Jesselyn Garcia De La Cruz,JOHN PAUL || : WE LOVE YOU,1995,General Reference,
98,282.092J613,,JOHN PAUL II WE LOVE YOU,1995,GEN-REF2,
74,M928,Russell Munson,JONATHAN LIVINGSTON SEAGUL A STORY,1970,FICTION,
38,264.34J826,editedby Edith Barnecut,JOURMEY WITH THE FATHERS : commentaries on the Sunday gospels Year C,1994,THEOLOGY,
698,282.092J613,Pope John,JOURNAL OF A SOUL,1965,SPIRITUALITY,
954,248.29L648j,Mark Link S.J.,JOURNEY : A meditation program based on the spiritual exercises of St. Ignatius,1988,SPIRITUALITY,
98,248.3B419,Fr. Ben Beltran,Journey Into Solitude : A MANUAL FOR RETREATS AND RECOLLECTIONS,n.d.,Filipiniana,
831,248J826,"Pierre Aubin, George Cotter",JOURNEY OF YEARNING JOY FOR GOD,1984,SPIRITUALITY,
15,282.092Ac47,"P.S de Achutegui, S.J",JOURNEY TO PUEBLA : The speeches of john paul II,1979,PAPAL COLLECTION,
521,242.2C233,Carlo Carretto,JOURNEY WITHOUT END,1989,SPIRITUALITY,
536,226.3G329v.6,MSGR. MARCEL GERVAIS,JOURNEY: EPISTLES AND REVELATION (VOLUME VI),1984,Filipiniana,
533,226.2G329v.4c.1,MSGR. MARCEL GERVAIS,"JOURNEY: MARK, LUKE, ACTS (VOLUME IV)",1984,Filipiniana,
534,226.2G329v.4c.2,MSGR. MARCEL GERVAIS,"JOURNEY: MARK, LUKE, ACTS (VOLUME IV)",1984,Filipiniana,
535,226.2G329v.5,MSGR. MARCEL GERVAIS,"JOURNEY: MARK, LUKE, ACTS (VOLUME IV)",1984,Filipiniana,
531,224.07G329v.2,MSGR. MARCEL GERVAIS,JOURNEY: PROPHETS (VOLUME II),1984,Filipiniana,
530,222.107G329v.1,MSGR. MARCEL GERVAIS,JOURNEY: TORAH (VOLUME I),1984,Filipiniana,
532,225G329v.3,MSGR. MARCEL GERVAIS,JOURNEY: WRITINGS (VOLUME III),1984,Filipiniana,
216,248.5L552,Peter Leonard,JOURNEYING with OTHERS,1989,Filipiniana,
564,242M366,,JOURNEYING WITH THE LORD,1997,Filipiniana,
238,262.099595J826,PAUL BERNIER ,JOURNEYING WITH THE SPIRIT :a commentary on PCP-II,1993,Filipiniana,
53,248.4Ev22,Louis Evely,JOY,1968,SPIRITUALITY,
97,282.1092J874,,JUBILAEUS 50 YEARS OF MARY THE QUEEN PARISH,,GEN-REF2,
8,K849,Nick Kotz,JUDGEMENT DAYS,2005,FICTION,
5,153.3J954,,JUNG ON ACTIVE IMAGINATION,1997,REFERENCE (Library 2),
733,979.4020924D413,Don DeNevi & Noel Francis Moholy,JUNIPERO SERRA,1985,SPIRITUALITY,
263,242Or18,"Fr. Jerry M. Orbos, SVD",Just a moment : 365 anecdotes and reflections I've shared through the years,2007,Filipiniana,
45,D373,John P. Delaney,JUST FOR FUN AND OTHER STORIES,1971,FICTION,
24,811.54R36,Helen Steiner Rice,JUST FOR YOU ,1968,REFERENCE (Library 2),
232,261.8Ar699,Pedro Arrupe,Justice in the World Synod of Bishops 2 : Witnessing to justice,1972,THEOLOGY,
234,261.8Al 282,Juan Alfaro,Justice in the world synod of Bishops 3 : theology of justice in the world,1973,THEOLOGY,
215,261.88 W210,Barbara Ward,Justice in the World Synod of Bishops 5 :  NEW CREATION? REFLECTIONS ON THE ENVIRONMENTAL ISSUE,1973,THEOLOGY,
412,224.6J984,,JUSTICE NOW!,1974,SPIRITUALITY,
252,261.8Ar699,Pedro Arrupe S.J.,Justice with Faith Today,1980,THEOLOGY,
86,264.2K836,,"KASAULOGAN sa mga PAGBASA, kon TINIEBLAS",n.d.,Filipiniana,
28,264K15a,,KASAULOGAN TUIG ABC,1998,Filipiniana,
30,264K15c,,KASAULOGAN TUIG B,1998,Filipiniana,
29,264K15b,,KASAULOGAN TUIG C,1998,Filipiniana,
268,238K156,,Katesismo sa mga Pagtulon-ang Kristohanon alang sa Arzobispado sa Cagayan De Oro ,1988,Filipiniana,
199,231.72W715,John Wimber,Kingdom Come: Understanding what the bible says about the reign of god,1989,BIBLICAL STUDIES,
3,K611,,KING'S PAWN,1990,FICTION,
256,266.20924P769,"Charles W. Polzer, S.J.",KINO GUIDE II: HIS MISSIONS - HIS MONUMENTS,1982,SPIRITUALITY,
841,231.4H338,Roger Hazelton,KNOWING THE LIVING GOD,1969,SPIRITUALITY,
44,Un27,Sigrid Undset,KRISTIN LAVRANSDATTER,1925-1953,FICTION,
158, 248.4M366,CARLO M. MARTINI,L' ITINERARIO SPIRITUALE DEI DODOCI,1980,SPECIAL COLLECTION,
76,248.4C46,"ADOLFO MARIA CHÉRCOLES, S.J.",LA AFECTIVIDAD Y LOS DESEOS,1995,SPECIAL COLLECTION,
291,"282.05C499,n.0118c.1",,"LA CIVILTÀ CATTOLICA 15 JANUARY 2018 MONTHLY YEAR 2 , no.0118 (c.1)",2017,PERIODICAL,
,"282.05C499,n.0118c.2-4",,"LA CIVILTÀ CATTOLICA 15 JANUARY 2018 MONTHLY YEAR 2 , no.0118 (number of copies 4)",2017,PERIODICAL LIB2 (Duplicate copies),
292,"282.05C499,n.0218c.1",,"LA CIVILTÀ CATTOLICA 15 JANUARY 2018 MONTHLY YEAR 2 , no.0218 (c.1)",2017,PERIODICAL,
,"282.05C499,n.0218c.2 - 3",,"LA CIVILTÀ CATTOLICA 15 JANUARY 2018 MONTHLY YEAR 2 , no.0218 (number of copies 3)",2017,PERIODICAL LIB2 (Duplicate copies),
293,"282.05C499,n.0318c.1",,"LA CIVILTÀ CATTOLICA 15 JANUARY 2018 MONTHLY YEAR 2 , no.0318 (c.1)",2017,PERIODICAL,
,"282.05C499,n.0318c.2 - 3",,"LA CIVILTÀ CATTOLICA 15 JANUARY 2018 MONTHLY YEAR 2 , no.0318 (number of copies 3)",2017,PERIODICAL LIB2 (Duplicate copies),
,"282.05C499,n.0418c.2 - 3",,"LA CIVILTÀ CATTOLICA 15 JANUARY 2018 MONTHLY YEAR 2 , no.0418  (number of copies 3)",2017,PERIODICAL LIB2 (Duplicate copies),
294,"282.05C499,n.0418c.1",,"LA CIVILTÀ CATTOLICA 15 JANUARY 2018 MONTHLY YEAR 2 , no.0418 (c.1)",2017,PERIODICAL,
295,"282.05C499,n.0618c.1",,"LA CIVILTÀ CATTOLICA 15 JANUARY 2018 MONTHLY YEAR 2 , no.0618 (c.1)",2017,PERIODICAL,
,"282.05C499,n.0618c.2",,"LA CIVILTÀ CATTOLICA 15 JANUARY 2018 MONTHLY YEAR 2 , no.0618 (number of copies 2)",2017,PERIODICAL LIB2 (Duplicate copies),
296,"282.05C499,n.0818c.1",,"LA CIVILTÀ CATTOLICA 15 JANUARY 2018 MONTHLY YEAR 2 , no.0818 (c.1)",2017,PERIODICAL,
,"282.05C499,n.0818c.2",,"LA CIVILTÀ CATTOLICA 15 JANUARY 2018 MONTHLY YEAR 2 , no.0818 (number of copies 2)",2017,PERIODICAL LIB2 (Duplicate copies),
297,"282.05C499,n.0918c.1",,"LA CIVILTÀ CATTOLICA 15 JANUARY 2018 MONTHLY YEAR 2 , no.0918 (c.1)",2017,PERIODICAL,
,"282.05C499,n.0918c.2",,"LA CIVILTÀ CATTOLICA 15 JANUARY 2018 MONTHLY YEAR 2 , no.0918 (number of copies 2)",2017,PERIODICAL LIB2 (Duplicate copies),
298,"282.05C499,n.1118c.1",,"LA CIVILTÀ CATTOLICA 15 JANUARY 2018 MONTHLY YEAR 2 , no.1118 (c.1)",2017,PERIODICAL,
,"282.05C499,n.1118c.2",,"LA CIVILTÀ CATTOLICA 15 JANUARY 2018 MONTHLY YEAR 2 , no.1118 (number of copies 2)",2017,PERIODICAL LIB2 (Duplicate copies),
299,"282.05C499,n.1218c.1",,"LA CIVILTÀ CATTOLICA 15 JANUARY 2018 MONTHLY YEAR 2 , no.1218 (c.1)",2017,PERIODICAL,
,"282.05C499,n.1218c.2",,"LA CIVILTÀ CATTOLICA 15 JANUARY 2018 MONTHLY YEAR 2 , no.1218 (number of copies 2)",2017,PERIODICAL LIB2 (Duplicate copies),
156,271.53Ex713,,LA COMMUNAUTE DANS LA COMPAGNIE DE JESUS,1978,SPECIAL COLLECTION,
59,248.4D340,ALFONSO DE LA MORA,LA DEVOCION EN EL ESPIRITU DE SAN IGNACIO,1982,SPECIAL COLLECTION,
16,248.4Sa319c.1,RODRIGO MEJIA SALDARRIAGA,LA DINÁMICA DE LA INTEGRACIÓN ESPIRITUAL,1980,SPECIAL COLLECTION,
17,248.4Sa319c.2,RODRIGO MEJIA SALDARRIAGA,LA DINÁMICA DE LA INTEGRACIÓN ESPIRITUAL,1980,SPECIAL COLLECTION,
18,248.4Sa319c.3,RODRIGO MEJIA SALDARRIAGA,LA DINÁMICA DE LA INTEGRACIÓN ESPIRITUAL,1980,SPECIAL COLLECTION,
61,248.4J87c.1,BENIGNO JUANES,LA ELECCIÓN IGNACIANA POR EL SEGUNDO Y TERCER TIEMPO,1980,SPECIAL COLLECTION,
62,248.4J87c.2,BENIGNO JUANES,LA ELECCIÓN IGNACIANA POR EL SEGUNDO Y TERCER TIEMPO,1980,SPECIAL COLLECTION,
14,248.4G589,MANUEL M. GONZALEZ,LA ESPIRITUALIDAD IGNACIANA,1986,SPECIAL COLLECTION,
126,271.53L11,,LA FORMULA DELL' ISTITUTO S.J.,1977,SPECIAL COLLECTION,
77,248.4M317,"FERNANDO MANRESA, S.J.",LA ORACIÓN CON EL SENTIMIENTO DE UNA PRESENCIA,1996,SPECIAL COLLECTION,
15,248.4C365,"ALBERT CHAPELLE, S.J.",LA PRATIQUE LITTERALE DES EXERCICES SPIRITUELS INDIVIDUELLEMENT GUIDES,1986,SPECIAL COLLECTION,
89, 248.4R637,"JAIME ROIG, S.J.",LA SOLEDAD,1998,SPECIAL COLLECTION,
123,  248.4L11,,LA TERZA ETA' NELLA VITA RELIGIOSA,1979,SPECIAL COLLECTION,
96,271.53Al21,"ANTONIO M. DE ALDAMA, S.J.",LA VIDA RELIGIOSA EN LA COMPAÑIA DE JESUS,1989,SPECIAL COLLECTION,
66,262.91L113,,LABOREM EXERCENS : ENCYCLICAL LETTER OF THE SUPREME PONTIFF JOHN PAUL II ON HUMAN WORK,,PAPAL COLLECTION,
54,822.8W644,Oscar Wilde,LADY WINDERMERE'S FAN A WOMAN OF NO IMPORTANCE AN IDEAL HUSBAND THE IMPORTANCE OF BEING EARNEST SALOMÉ,1968,REFERENCE (Library 2),
171,230.05L231v.18 no.1,,"LANDAS JOURNAL OF LOYOLA SCHOOL OF THEOLOGY VOL. 18, NO. 1 (2004)",2004,PERIODICAL,
172,230.05L231v.18 no.2,,"LANDAS JOURNAL OF LOYOLA SCHOOL OF THEOLOGY VOL. 18, NO. 2 (2004)",2004,PERIODICAL,
173,230.05L231v.21 no.1,,"LANDAS JOURNAL OF LOYOLA SCHOOL OF THEOLOGY VOL. 21, NO. 1 (2007)",2007,PERIODICAL,
174,230.05L231v.21 no.2,,"LANDAS JOURNAL OF LOYOLA SCHOOL OF THEOLOGY VOL. 21, NO. 2 (2007)",2007,PERIODICAL,
176,230.05L231v.22 no.1,,"LANDAS JOURNAL OF LOYOLA SCHOOL OF THEOLOGY VOL. 22, NO. 1 (2008)",2008,PERIODICAL,
175,230.05L231v.22 no.2,,"LANDAS JOURNAL OF LOYOLA SCHOOL OF THEOLOGY VOL. 22, NO. 2 (2008)",2008,PERIODICAL,
177,230.05L231v.23 no.1,,"LANDAS JOURNAL OF LOYOLA SCHOOL OF THEOLOGY VOL. 23, NO. 1 (2009)",2009,PERIODICAL,
178,230.05L231v.23 no.2,,"LANDAS JOURNAL OF LOYOLA SCHOOL OF THEOLOGY VOL. 23, NO. 2 (2009)",2009,PERIODICAL,
179,230.05L231v.24 no.1,,"LANDAS JOURNAL OF LOYOLA SCHOOL OF THEOLOGY VOL. 24, NO. 1 (2010)",2010,PERIODICAL,
180,230.05L231v.24 no.2,,"LANDAS JOURNAL OF LOYOLA SCHOOL OF THEOLOGY VOL. 24, NO. 2 (2010)",2010,PERIODICAL,
57,261.88L363c.1,,LAUDATE DEUM APOSTOLIC EXHORTATION OF THE HOLY FATHER FRANCIS TO ALL PEOPLE OF GOOD WILL ON THE CLIMATE CRISIS,2023,PAPAL COLLECTION,
,261.88L363c.3 -6,,LAUDATE DEUM APOSTOLIC EXHORTATION OF THE HOLY FATHER FRANCIS TO ALL PEOPLE OF GOOD WILL ON THE CLIMATE CRISIS (number of copies 6 ),2023,PAPAL CPLLECTION (Duplicate copies),
340,262.15L451c.1,B E C,LAY LEADERSHIP SEMINAR for Basic Ecclessial Communities,n.d.,Filipiniana,
341,262.15L451c.2,B E C,LAY LEADERSHIP SEMINAR for Basic Ecclessial Communities,n.d.,Filipiniana,
119,271.53L46,,LE COSTITUZIONI DELLA COMPAGNIA DI GESU',1974,SPECIAL COLLECTION,
134,271.53C365,ALBERT CHAPELLE,LE QUATRIÉME VOEU DE LA COMPAGNIE,1978,SPECIAL COLLECTION,
141,271.53C365,ALBERT CHAPELLE,LE QUATRIÉME VOEU DE LA COMPAGNIE,1978,SPECIAL COLLECTION,
280,,Jane E. Ayer,"LEADER'S GUIDE GUIDED MEDITATIONS FOR ADULTS: SALVATION, JOY, FAITH, HEALING",1996,PERIODICAL,
410,271.53092L469c.1,,LEADERSHIP FOR SERVICE : the visit of Father Pedro Arrupe to the Philippines and Thailand,1983,Filipiniana,
411,271.53092L469c.2,,LEADERSHIP FOR SERVICE : the visit of Father Pedro Arrupe to the Philippines and Thailand,1983,Filipiniana,
412,271.53092L469c.3,,LEADERSHIP FOR SERVICE : the visit of Father Pedro Arrupe to the Philippines and Thailand,1983,Filipiniana,
413,271.53092L469c.4,,LEADERSHIP FOR SERVICE : the visit of Father Pedro Arrupe to the Philippines and Thailand,1983,Filipiniana,
840,303.34G533,"Johnny C. Go, SJ",LEADING WITH DEPTH  : A practitioners guide ignatian leadership,2024,SPIRITUALITY,
371,262.15L470,,LEAGUE OF EUCHARISTIC GUARDIANS OF THE PHILIPPINES,n.d.,Filipiniana,
9,248.4D340,FRANCESCO ROSSI DE GASPERIS,LECTIO DIVINA' E ORAZIONE IGNAZIANA,1978,SPECIAL COLLECTION,
24,248.4D340,FRANCESCO ROSSI DE GASPERIS,LECTIO DIVINA' E ORAZIONE IGNAZIANA,1978,SPECIAL COLLECTION,
19,SP2003,,LENTEN REFLECTIONS 2003,2003,VERTICAL FILE,
47,248.4L563,,LES EXERCICES 'DANS LA VIE COURANTE' ÉSULTATS D'UNE ENQUÊTE (1966-1976),1976,SPECIAL COLLECTION,
23,,"Gilles Cusson, S.J",Les Exercises Dans La Vie Courante: Resultats d'une enquete,1976,SPECIAL COLLECTION LIB 2,
155,271.53l563,,LES JÈSUITES SPIRITUALITÈ ET ACTIVITÈS,1974,SPECIAL COLLECTION,
640,264.1B294,"Bernard Basset, S.J.",LET'S START PRAYING AGAIN : Field work in meditation,1972,SPIRITUALITY,
591,248.3L493,Francis P. Lebuffe S.J.,LET'S TRY MENTAL PRAYER,1945,SPIRITUALITY,
17,248.8L569,,LETTER OF HIS HOLINESS POPE JOHN PAUL II TO THE ELDERLY,1999,PAPAL COLLECTION,
81,261.8L569,,LETTER OF JOHN PAUL II TO WOMEN,1995,PAPAL COLLECTION,
47,253L569,,LETTER OF THE SUPREME PONTIFF JOHN PAUL II : TO ALL THE PRIESTS OF THE CHURCH OF THE OCCASION OF HOLY THURSDAY,,PAPAL COLLECTION,
41,248.4L569,,LETTER TO FAMILIES FROM POPE JOHN PAUL II,1994,PAPAL COLLECTION,
76,248.4L569,,LETTER TO FAMILIES FROM POPE JOHN PAUL II  : Year of the family,1994,PAPAL COLLECTION,
341,232.95P872,Isaias Powers,LETTERS FROM AN UNDERSTANDING FRIEND: Jesus on the way Jerusalem,1985,SPIRITUALITY,
40,895.91408Es18,Isabel Taylor Escoda,LETTERS FROM HONG KONG,1989,FILIPIANA (LIBRARY 2),
43,920C355,"John Chambers, S.J.",LETTERS FROM LEPERS' ISLE,1989,FILIPIANA (LIBRARY 2),
277,266.2Aq66,John Correia-Alfonso,Letters from the Mughal Court,1980,THEOLOGY,
608,248.823C355,"John Chambers, S.J.",LETTERS FROM ZAMBOANGA PHILIPPINES : Reflections of a jesuit teacher-priest,1993,Filipiniana,
25,227.366D742,William G. Doty,LETTERS IN PRIMITIVE CHRISTIANITY,1987,THEOLOGY,
92,220.7016B235,William Barclay,Letters of John and Jude,1971,BIBLICAL STUDIES,
289,242.5L569,,LETTERS OF ST. IGNATIUS OF LOYOLA,1959,SPIRITUALITY,
144,487.4Z769,"FRANCISCO ZORELL, S.I.",LEXICON GRAECUM NOVI TESTAMENTI,1931,SPECIAL COLLECTION,
16,371.32L616,,LIBRO SA ESKUELAHAN,1982,FILIPIANA (LIBRARY 2),
237,261.8M162,Sallie McFague,Life Abundant : rethinking theology and economy for a planet in Peril,2000,THEOLOGY,
97,236.2Oc51,"Matthew J. O'Connell, S.J.",LIFE AFTER DEATH,1963,BIBLICAL STUDIES,
67,236.1 D875,Xavier Leon Dufour,LIFE AND DEATH IN THE NEW TESTAMENT : the teaching of Jesus and Paul,1979,THEOLOGY,
551,242.2M558,Thomas Merton,LIFE AND HOLINESS,1963,SPIRITUALITY,
175,271.102L626,Pope St. Gregory ,LIFE AND MIRACLES OF ST. BENEDICT,1972,SPIRITUALITY,
333,255L959,John M. Lozano,Life as parable : reinterpreting the religious life,1986,Filipiniana,
36,248.3P867,"Edouard Pousset, S.J.",LIFE IN FAITH AND FREEDOM : an essay presenting Gaston Fessard's analysis of the dialectic of the spiritual exercises of St. Ignatius,1980,SPIRITUALITY,
70,959.95B772c.1,Concepcion G. Briones,LIFE IN OLD PARIAN,1983,FILIPIANA (LIBRARY 2),
71,959.95B772c.2,Concepcion G. Briones,LIFE IN OLD PARIAN,1983,FILIPIANA (LIBRARY 2),
597,242T272,Mother Teresa,"LIFE IN THE SPIRIT: reflections, mediatation and  prayer",1983,SPIRITUALITY,
346,269.2L626c.1,B E C,LIFE IS A JOURNEY SEMINAR WORKSHOP for Basic Ecclessial Communities,n.d.,Filipiniana,
347,269.2L626c.2,B E C,LIFE IS A JOURNEY SEMINAR WORKSHOP for Basic Ecclessial Communities,n.d.,Filipiniana,
483,242.22G619c.1,"Archbishop Alban Goodier, S.J..",LIFE THAT IS LIGHT: THE PASSION,,SPIRITUALITY,
484,242.22G619c.2,"Archbishop Alban Goodier, S.J..",LIFE THAT IS LIGHT: THE PASSION,,SPIRITUALITY,
485,242.22G619c.3,"Archbishop Alban Goodier, S.J..",LIFE THAT IS LIGHT: THE PASSION,,SPIRITUALITY,
486,242.22G619c.4,"Archbishop Alban Goodier, S.J..",LIFE THAT IS LIGHT: THE PASSION,,SPIRITUALITY,
529,222.107G329,ARCHBISHOP ALBAN GOODIER,LIFE THAT IS LIGHT: THE PASSION,n.d.,Filipiniana,
27,641.563L626,,LIGHT & HEALTHY,2000,GEN-REF2,
282,232.5B456,"Luis M. Bermejo, S.J.",Light Beyond Death : The risen Christ and the transfiguration of man,1996,THEOLOGY,
327,271.5309599D370c.1,"HoRacio De La Costa, S.J.",LIGHT CAVALRY,1997,Filipiniana,
328,271.5309599D370c.2,HORACIO DE LA COSTA S.J.,LIGHT CAVALRY,1997,Filipiniana,
162,248.22L626,"Louis Dupre & James A. Wiseman, O.S.B",LIGHT FROM LIGHT : An anthology of christian mysticism ,1958,SPIRITUALITY,
32,282M612,Michael J. Miller and Adrian  J. Walker,"LIGHT OF THE WORLD : The pope , the church and the signs of the times ",2010,PAPAL COLLECTION,
40,613.7046Iy1,B.K.S Iyengar,LIGHT ON YOGA,1968,REFERENCE (Library 2),
525,248.22F877,Laurence Freeman,Light within : the inner path of meditation foreword by Sir Yehudi Menuhin,1990,Filipiniana,
330,248.489332M297,"George A. Maloney, S.J.","LISTEN, PROPHETS!!",,SPIRITUALITY,
6,,Nicole Boundeau,LITTERATURE :  Progressive Du Français avec 400 exercises.,2003,SPECIAL COLLECTION LIB 2,
577,263.9R111 v.1,"Bernhard Raas, SVD",LITURGICAL YEAR VOLUME 1,1998,Filipiniana,
576,263.9R111 v.2,"Bernhard Raas, SVD",LITURGICAL YEAR VOLUME 2,1998,Filipiniana,
596,264Sch566,"Walter J. Schmitz, S.S.",LITURGIKON,1977,Filipiniana,
510,264.0232L737,,LITURGY FOR THE ORDINATION TO THE PRESBYTERATE ( booklet),1993,Filipiniana,
31,264.02 P337,"Keith Pecklers, S.J.",LITURGY IN A POSTMODERN WORLD,2003,THEOLOGY,
180,264.02H865,Gabe Huck,LITURGY WITH STYLE AND GRACE,1984,THEOLOGY,
837,248.4Y75,K.P YOHANNAN,LIVING BY FAITH NOT BY SIGHT,2003,SPIRITUALITY,
236,250 Oh13,James O'Halloran SDB,LIVING CELLS : Developing Small Christian Community,1985,Filipiniana,
306,254C176,Jose Luis Caravias,"Living in Christ : basic christian communities, christ centered communities",1990,Filipiniana,
58,747K287,Charlotte Kelley,LIVING IN THE ARTS AND CRAFTS STYLE : Complete home decorating guide,2001,GEN-REF2,
389,248.3B623,Anthony Bloom,LIVING PRAYER,1966,SPIRITUALITY,
157, ,Anthony Bloom ,LIVING PRAYER ,1997,SPIRITUALITY,
86,362.29L761,,LIVING SOBER,1975,REFERENCE (Library 2),
124,248.305P8982000no.2,,LIVING THE EUCHARIST ,2000,PERIODICAL,
80,863.64M348,Gabriel Garcia Marquez,LIVING TO TELL THE TALE : Winner of the noble price,2003,FILIPIANA (LIBRARY 2),
344,248.4V243,"C. Valles, S.J.",LIVING TOGETHER,1984,SPIRITUALITY,
245,225G412,Anthony E. Gilles,Living words ,1985,THEOLOGY,
124,  248.4L780,,LO SPIRITO DELLA COMPAGNIA -UNA SINTESI-,1978,SPECIAL COLLECTION,
22,940.5481M793,Alita M. Morman,"LOLA, WHAT DID YOU DO IN THE WAR?",,FILIPIANA (LIBRARY 2),
26,170.9599M672,"Fr. Dionisio M. Miranda, SVD",LOOB: THE FILIPINO WITHIN,1988,FILIPIANA (LIBRARY 2),
487,253.53C764,"Maureen Conroy, R.S.M",LOOKING INTO THE WELL : Supervision of spiritual directors,1995,SPIRITUALITY,
71,G569,William Golding,LORD OF THE FLIES,1954,FICTION,
159, 248.4En16,"Por El P. Antonio Encinas, S.J",LOS EJERCICIOS DE SAN IGNACIO,1953,SPECIAL COLLECTION,
91, 248.4M489,"XAVIER MELLONI, S.J.",LOS EJERCICIOS EN LA TRADICIÓN DE OCCIDENTE,1998,SPECIAL COLLECTION,
74,248.4C648,"VÍCTOR CODINA, S.J.",LOS EJERCICIOS EN LA VIDA DEL PUEBLO LATINO AMERICANO,1994,SPECIAL COLLECTION,
68,248.4R352,JAVIER MELLONI RIBAS,LOS EJERCICIOS Y TRADICIONES DE ORIENTE,2004,SPECIAL COLLECTION,
149,709.892M459,C.J McNASPY,LOST CITIES OF PARAGUAY,1982,General Reference,
112,282.092C139,P.J. Kenedy & Sons,LOUISE DE MARILLAC,1958,SPIRITUALITY,
109,241L941,,LOVE AND VIOLENCE,1954,THEOLOGY,
,," Guido Arguelles, S.J",LOVE ETCHED ON HIS BODY : Reflection for holy week,,BOOKLET,
84,248.4L942,,LOVE IS LIFE,1990,Filipiniana,
579,242V714,,LOVE LIKE JESUS THOUGHTS OF THE HEART,2003,Filipiniana,
898,289.3D612,"E.H. Dineen, S.J.",LOVE WAS THEIR LIFE,1979,SPIRITUALITY,
908,248.34D922c.1,John S. Dunne,LOVE'S MIND : An essay on contemplative life,1993,SPIRITUALITY,
909,248.34D922c.2,John S. Dunne,LOVE'S MIND : An essay on contemplative life,1993,SPIRITUALITY,
181,226.4 L969 n.1,,LUKE I-IX  ( 7-11 )  pp.682-907,n.d.,BIBLICAL STUDIES,
182,226.4L969 n.2,,LUKE X-XXIV ( 11-16)  pp. 908-1135,n.d.,BIBLICAL STUDIES,
183,226.4 L969 n.3,,"LUKE X-XXIV (1-7,-22, 1-2 ) pp. 1136-1371",n.d.,BIBLICAL STUDIES,
180,226.4L969 n.4,,"LUKE X-XXIV Passion ( 22, 3 - 24 ) pp.1372- 1593",n.d.,BIBLICAL STUDIES,
227,242.2C253,Francis Carvajal,LUKEWARMNESS: THE DEVIL IN DISGUISE,1992,Filipiniana,
54,262.5L97,,LUMEN GENTIUM : DOGMATIC CONSTITUTION ON TH E CHRUCH PROMULGATED,1999,PAPAL COLLECTION,
56,248.82L986u.1,,LYFE IN GOD'S FAITHFULNESS UNIT 1,2019,GEN-REF2,
55,248.82L986u.4,,LYFE IN GOD'S FAITHFULNESS UNIT 4,2019,GEN-REF2,
57,248.42L986r,,LYFE IN RESPONSIBLE FREEDOM IN CHRIST,2019,GEN-REF2,
246,225M112c.1,Philippine Bible Society,Maayong Balita Alang Kanimo,1973,Filipiniana,
247,225M112c.2,Philippine Bible Society,Maayong Balita Alang Kanimo,1973,Filipiniana,
201,220.59971M112c.1,Philippine Bible Society,Maayong Balita alang Kanimo ( Adunay Deuterocanon) ( Biblia nga gihubad sa pinulongan Cebuano),n.d.,Filipiniana,
202,220.59971M112c.2,Philippine Bible Society,Maayong Balita alang Kanimo ( Adunay Deuterocanon) ( Biblia nga gihubad sa pinulongan Cebuano),n.d.,Filipiniana,
877,248T851,Uri Geller,MADE FOR LIFE:  A compelling story of the human spirit quest for fulfilment,1996,SPIRITUALITY,
316,,,MAG- AMBAHAN KITA TUIG 30,2022,PERIODICAL,
260,282.092G346,Modesto Giacon,MAGDALENE OF CANOSSA : Humility in Charity ,1998,SPIRITUALITY,
245,242R710,Msgr. David Rosage,MAGSALITA KAYO PANGINOON: Nakikinig ang Inyong Lingkod,,Filipiniana,
72,153.8J954,"Carl G. Jung,editor",MAN AND HIS SYMBOLS,1964,GEN-REF2,
981,261.5R129,"Hugo Rahner,S.J",MAN AT PLAY ,1963,SPIRITUALITY,
67,231K295,"Frederic Joseph Kelly, S.J.",MAN BEFORE GOD : Thomas Merton on social responsibility,1964,SPIRITUALITY,
55,W283,Dale Wasserman,MAN OF LA MANCHA: A MUSICAL PLAY,1965-1968,FICTION,
79,443.2Sh818,J. E. Mansion,MANSION'S SHORTER : FRENCH AND ENGLISH DICTIONARY Part one,1934,General Reference,
265,242M828,Robert F. Morneau,MANTRAS FOR THE EVENING : The experience of holistic prayer,1982,SPIRITUALITY,
540,242M828,Robert F. Morneau,MANTRAS FOR THE MORNING : An introduction to holistics prayer,1982,SPIRITUALITY,
46,262.9M319,,MANUAL FOR JURIDICAL PRACTICE OF THE SOCIETY OF JESUS,1997,SPIRITUALITY,
144,255M319,,MANUAL FOR JURIDICAL PRACTICE OF THE SOCIETY OF JESUS,1999,General Reference,
547,232.9P112,Juan Pablo II,MANUNUBOS SA KATAWHAN : ENCYCLICAL REDEMPTOR HOMINIS,,Filipiniana,
174,226.3H237,"Wilfrid Harrington, O.P.",MARK,1979,BIBLICAL STUDIES,
76,940.541273M340,"Lee Steedle,editor",MARK FREEDOM PAID : A combat anthology Thirty fighting men from a world war 11 batallion,1997,REFERENCE (Library 2),
124,270.2Au456  Pt.1 v.9,,"MARRIAGE AND VIRGINITY:The Excellence of marriage, holy virginity, the excellence of widowedhood, adulterous marriages, continence ",1990,General Reference,
114,252Sw74,Liam Swords,MARRIAGE HOMILIES,1985,THEOLOGY,
167,264.9C286,Catholic Trade School,MARRIAGE RITE for the Philippines,1973,Filipiniana,
496,232.91M337,Robert F. Morneau,MARY : Four weeks with the mother of jesus,2006,SPIRITUALITY,
449,232B917,"Thomas J.M. Burke, S.J",MARY AND MODERN MAN,1954,SPIRITUALITY,
238,232.96P214,Jose Cristo Rey Garcia Paredes,MARY AND THE REIGN OF GOD : a sysnthesis of mariology ,1990,SPIRITUALITY,
62,242.74H224,"Bernard Haring, C.SS.R.",Mary and Your Everyday Life : A Book of Meditations,1984,Filipiniana,
97,232.94P182,"Paul F. Palmer, S.J., S.T.D.",MARY IN THE DOCUMENTS OF THE CHURCH,1952,THEOLOGY,
270,226.92D171,"William J. Dalton, S.J.",Mary in the New Testament,1984,Filipiniana,
546,232.91M369,,MARY IN THE NEW TESTAMENT,1987,Filipiniana,
211,232.91M369,"Raymond E. Brown, et. Al. , editor",MARY IN THE NEW TESTAMENT,1978,THEOLOGY,
625,232R129,Karl Rahner,MARY MOTHER OF THE LORD,1963,SPIRITUALITY,
232,232.96Su123,Federico Suarez,MARY OF NAZARETH,1982,SPIRITUALITY,
34,232.91P363,Jaroslav Pelikan,MARY THROUGH THE CENTURIES : her place in the history of culture,1996,SPIRITUALITY,
225,232.91M369,Jaroslav Pelikan & David Flusser & Justin Lang,MARY: IMAGES OF THE MOTHER OF JESUS IN JEWISH AND CHRISTIAN PERSPECTIVE,1986,SPIRITUALITY,
629,232M297c.1,"George A. Maloney, S.J.",MARY; THE WOMB OF GOD : A vivid and powerful study of the greatest woman who ever lived ,1976,SPIRITUALITY,
630,232M297c.2,"George A. Maloney, S.J.",MARY; THE WOMB OF GOD : A vivid and powerful study of the greatest woman who ever lived ,1976,SPIRITUALITY,
21,899.2103M267,Reneto E. Madrid,MASS FOR THE DEATH OF AN ENEMY,2000,FILIPIANA (LIBRARY 2),
203,264.0204M431,,MASS OF CHRISTIAN BURIAL : ST. ALOYSIUS CHURCH,1978,THEOLOGY,
64,499.2215B167,Elpidio S. Bajao,MASTERING CEBUANO PRONUNCTATION: Through discrimination and production,1972,FILIPIANA (LIBRARY 2),
65,499.2213M393c.1,,MASTERING CEBUANO PRONUNCTATION: Through discrimination and production,1987,FILIPIANA (LIBRARY 2),
66,499.2213M393c.2,,MASTERING CEBUANO PRONUNCTATION: Through discrimination and production,1987,FILIPIANA (LIBRARY 2),
776,269.6D393,"Carlos G. Valles, S.J.",MASTERING SADHANA ON RETREAT WITH ANTHONY DE MELLO,1976,SPIRITUALITY,
34,779.995991M377,,MASTERRE: A TRIBUTE TO THE PHILIPPINE CORDILLERA,1999,FILIPIANA (LIBRARY 2),
400,270.092Sa551 c.1,"Mateo Sanchez, SJ",Mateo Sanchez : glimpses & gratitude,2018,Filipiniana,
,270.092Sa551c.2 - 3,"Mateo Sanchez, SJ",Mateo Sanchez : glimpses & gratitude (number of copies 3),2018,Filipiniana (Duplicate copies),
73,261.1M417,"William J. Gibbons, S.J",MATTER ET MAGISTRA: RNCYCLICAL LETTER OF HIS HOLINESS POPE JOHN XXIII CHRISTIANITY AND SOCIAL PROGRESS,1961,PAPAL COLLECTION,
130,226.2M475,John P. Meier,MATTHEW ( New Testament Message ) a biblical-theological commentary,1980,BIBLICAL STUDIES,
527,226.2T371,William G. Thompson,Matthew's story : good news for uncertain times,1992,Filipiniana,
155,248.4Ev67,"John J. Evoy, S.J. & Van F. Christoph, S.J.",MATURITY IN THE RELIGIOUS LIFE,1965,SPIRITUALITY,
565,242.8W832,Pierre Wolf,MAY I HATE GOD?,,SPIRITUALITY,
45,641.3K575,"Faye Kinder, Nancy R. Green, Natholyn Harris",MEAL MANAGEMENT SIXTH EDITION,1984,REFERENCE (Library 2),
58,828.33Sh152,William Shakespeare,MEASURE FOR MEASURE,1965,REFERENCE (Library 2),
65,874.03W117,Helen Waddell,MEDIAVAL LATIN LYRICS,1951,REFERENCE (Library 2),
626,291.657M791,Thomas Moore,MEDITATIONS : On the Monks Who Dwells in Daily Life,1957,SPIRITUALITY,
648,248.2D685,James R. Dolan,MEDITATIONS FOR LIFE : Meditations for personal prayer,1990,SPIRITUALITY,
253,252.4R129,Karl Rahner,Meditations on Priestly Life ,1970,THEOLOGY,
176,232.92Od52 c.1,"Desmond O'Donnell, O.M.I",Meet Jesus in LUKE,1980,BIBLICAL STUDIES,
177,232.92Od52 c.2,"Desmond O'Donnell, O.M.I",Meet Jesus in LUKE,1980,,
197,226.73Od52,Desmond O'Donell O.M.I,Meet Jesus in Mark,1981,Filipiniana,
125,232.92Si52,"Paul Siebert, O.M.I.",Meet Jesus in MATTHEW : praying the scriptures,1981,BIBLICAL STUDIES,
231,259M442,,"Meeting of Father Arrupe with the ""Youths"" Eucharistic movement : supplement to prayer and service",1980,THEOLOGY,
55,248.22B588,Raymond Bernard Blakney,MEISTER ECKHART : a central source and inspiration of dominant currents in philosophy and theology since Aquinas,1941,SPIRITUALITY,
257,271.53M519,,MEMORIAL OF THE COOPERATIVE STUDY OF THE SPIRITUAL EXERCISES OF SAINT IGNATIUS BY THE TERTIANS OF 1955-1956,,SPIRITUALITY,
6,282.092P281,John Paul II,MEMORY & IDENTITY : Personal reflections],2005,PAPAL COLLECTION,
741,271.53073M147,Peter McDonough,MEN ASTUTELY TRAINED : A history of the jesuits in the american century,1992,SPIRITUALITY,
82,271.53073M147,Peter McDonough,MEN ASTUTELY TRAINED A HISTORY OF THE JESUITS IN THE AMERICAN CENTURY,1992,GEN-REF2,
310,248.842K835c.1,Peter H. Kolvenbach,MEN OF GOD MEN FOR OTHERS,1990,Filipiniana,
311,248.842K835c.2,Peter H. Kolvenbach,MEN OF GOD MEN FOR OTHERS,1991,Filipiniana,
617,248.4K835c.1,Peter H. Kolvenbach,MEN OF GOD MEN FOR OTHERS,1991,Filipiniana,
618,248.4K835c.2,Peter H. Kolvenbach,MEN OF GOD MEN FOR OTHERS,1991,Filipiniana,
545,284.4G121,"Frederick Von Gagern, M.D",MENTAL AND SPIRITUAL HEALTH,1970,SPIRITUALITY,
72,253M529,"Rev. Gerald C. Treacy , S.J",MENTI NOSTRAE :  APOSTOLIC EXHORTATION OF POPE PLUS XII TO THECLERGY OF THE ENTIRE WORLD ON THE DEVELOPMENT OF HOLINESS INPRIESTLY LIFE,,PAPAL COLLECTION,
243,253.53Se489,Edward C. Sellner,MENTORING THE MINISTRY OF SPIRITUAL KINSHIP,1990,SPIRITUALITY,
274,230L585,C.S Lewis,"Mere Christianity : Combining the case for Christianity , Christian Behaviour and Beyond Personality",1943,THEOLOGY,
16,271.125024M558,Paul Wilkes,MERTON BY THOSE WHO KNEW HIM BEST,1984,REFERENCE (Library 2),
177,282.097959D631,,"MESSAGE OF THE FOURTH DIOCESAN SYNOD TO THE PEOPLE OF GOD IN CEBU February 28, 1986 ( Disciples on the road together )",1986,Filipiniana,
7,,Y. Berchiche,METHOD DE FRANÇAIS : Cours De La Sorbonne,2000,SPECIAL COLLECTION LIB 2,
8,,Jacky Girardet,METHOD DE FRANÇAIS : Pan Rama DE La language Français,2000,SPECIAL COLLECTION LIB 2,
10,248.3B220c.1,MIGUEL B. LAMBINO,Mga Banal na Pagsasanay ni San Ignacio de Loyola,1991,Filipiniana,
11,248.3B220c.2,"Miguel B. Pambino, S.J.",Mga Banal na Pagsasanay ni San Ignacio de Loyola,1991,Filipiniana,
12,248.3B220c.3,"Miguel B. Pambino, S.J.",Mga Banal na Pagsasanay ni San Ignacio de Loyola,1991,Filipiniana,
13,248.3B220c.4,"Miguel B. Pambino, S.J.",Mga Banal na Pagsasanay ni San Ignacio de Loyola,1991,Filipiniana,
14,248.3B220c.5,"Miguel B. Pambino, S.J.",Mga Banal na Pagsasanay ni San Ignacio de Loyola,1991,Filipiniana,
297,262.83Sa383,,MGA DEKRETO SA IKADUHANG KONSILYO PLENARYO SA PILIPINAS (PCP - II Decrees),n.d.,Filipiniana,
5,248.4G133c.1,Liwayway A. Arceo,Mga Pagsasanay na Espiritwal ni San Ignacio,1992,Filipiniana,
6,248.4G133c.2,Liwayway A. Arceo,Mga Pagsasanay na Espiritwal ni San Ignacio,1992,Filipiniana,
144,248.3M898c.1,Fr. Bernard J. Mulhern,Mga Pamalandong sa EHERSISYOS ESPIRITUALES ni San Ignacio de Loyola,1975,Filipiniana,
145,248.3M898c.2,"Fr. Bernard J. Mulher, S.J.",Mga Pamalandong sa EHERSISYOS ESPIRITUALES ni San Ignacio de Loyola,1975,Filipiniana,
,248.3M898c.3 - 17,Fr. Bernard J. Mulhern,Mga Pamalandong sa EHERSISYOS ESPIRITUALES ni San Ignacio de Loyola (number of copies 17 ),1975,Filipiniana (Duplicate copies),
334,264R512,MARYKNOLL LANGUAGE SCHOOL,MGA RITO (SACRAMENTAL RITES),n.d.,Filipiniana,
100,751.7309456M582,,MICHELANGELO AND RAPHAEL IN THE VATICAN,,GEN-REF2,
528,248.3L959,"John M. Lozano, Et. Al.",Ministerial Spiritual and Religious Life,1986,Filipiniana,
133,226.406M366,Carlo M. Martini,Ministers of the Gospel : medititations on St. Luke's gospel  translated by Susan Leslie,1983,Filipiniana,
240,262.14373F356,James C. Fenhagen,Ministry For A New Time,1995,THEOLOGY,
195,234.3R129,Karl Rahner,"MISSION AND GRACE , VOL. 1",1963,THEOLOGY,
5,235R129,"Karl Rahner, S.J.",MISSION AND GRACE VOLUME 3,1966,SPIRITUALITY,
168,266Am131,"Michael Amaladoss,S.J",MISSION AND MISSSIONERS IN TODAY'S GLOBAL CONTEXT ,1992,PERIODICAL,
621,266.009599C55,"Francis X. Clark, S.J",MISSION AND THE PHILIPPINES ,1981,Filipiniana ,
171,255M691,,Mission Guidelines : elaborated by the jesuit misssions board of directors for use by Jesuit provencials of the american assistancy,1981,General Reference,
522,266G133c.2,Segundo Galilea,Mission in the Gospel,185,Filipiniana,
521,266G133c.1,Segundo Galilea,Mission in the Gospel ( Pastoral Exchanges series no. 9 ),1982,Filipiniana,
,,,MISSION ORIENTATION MODULES : Evangelized and eucharistics communities called to contemplate and to proclaim with mary,,BOOKLET,
202,248.8Am131c.1,"Michael Amaladoss, S.J.",MISSION TODAY: REFLECTIONS FROM AN IGNATIAN PERSPECTIVE,1989,SPIRITUALITY,
203,248.8Am131c.2,"Michael Amaladoss, S.J.",MISSION TODAY: REFLECTIONS FROM AN IGNATIAN PERSPECTIVE,1988,SPIRITUALITY,
204,248.8Am131c.3,"Michael Amaladoss, S.J.",MISSION TODAY: REFLECTIONS FROM AN IGNATIAN PERSPECTIVE,1988,SPIRITUALITY,
361,248.42R128,"Yves E. Raguin, S.J.",MISSIONARY SPIRITUALITY,1972,SPIRITUALITY,
550,248.842M699,,MIXED MARRIAGE: Pastoral and Liturgical Guidelines,1976,Filipiniana,
555,248.842M699,,MIXED MARRIAGE: Pastoral and Liturgical Guidelines,1979,Filipiniana,
348,232.91L959,JOHN M. LOZANO,MODEL OF DISCIPLES MARY MOTHER OF THE LORD foreword by Pedro de Achutegui,1985,Filipiniana,
31,821.91082M720,Louis Untermeyer,MODERN AMERICAN POETRY MODERN BRITISH POETHRY A CRITICAL ANTHOLOGY,1942,REFERENCE (Library 2),
3,499.223T834,"Mario ""Guese"" Tungol",MODERN ENGLISH-PILIPINO CEBUANO DICTIONARY,,GEN-REF2,
126,248.482N856,Henri J.M. Nouwen,MODERN SPIRITUAL MASTERS SERIES,1998,SPIRITUALITY,
66,248.0922H349,Charles J. Healey,Modern spiritual writers their legacies of  prayer,1989,SPIRITUALITY,
563,241.66K295,"Gerald Kelly, S.J., A.M., S.T.D.",MODERN YOUTH AND CHASTITY,1941,SPIRITUALITY,
441,242.2M284,JOHN MAIN,MOMENT OF CHRIST : THE PATH OF MEDITATION,n.d.,Filipiniana,
130,248.4H433,Dan Herr & Joel Wells,MOMENTS OF TRUTH,1968,SPIRITUALITY,
524,282.092R684,Henri Daniel Rops,MONSIEUR VINCENT :  The Story of St. Vincent de Paul,1961,SPIRITUALITY,
16,255.5302G68p,,Monumenta Ignatiana: Tomus Primus — Monumenta Constitutionum Praevia,1934,General Reference,
17,255.5302G68t,,Monumenta Ignatiana: Tomus Tertius — Textus Latinus,1938,General Reference,
27,959.902M813,Jorge Mojarro,MORE HISPANIC THAN WE ADMIT 3,2020,FILIPIANA (LIBRARY 2),
393,242P828,,MORNING PRAISE : When morning comess fill us with your love .  And then we shall celebrate all your days,,SPIRITUALITY,
495,266P339,Ignacio Russel Estoconing - Pecore,MOTHER IGNACIA DEL ESPíRITU SANTO AND THE RELIGIOUS OF THE VIRGIN MARY AND THEIR ROLES IN THE 500 YEARS OF PHILIPPINE EVANGELIZATION,2021,SPIRITUALITY,
104,232.91C917,Lawrence Cunningham,MOTHER OF GOD,1982,General Reference,
96,641.59M869,,MOVE ON...,2006,GEN-REF2,
888,248.482H295c.1,"Richard J. Hauser, S.J.",MOVING IN THE SPIRIT: BECOMING A CONTEMPLATIVE IN ACTION,1986,SPIRITUALITY,
889,248.482H295c.2,"Richard J. Hauser, S.J.",MOVING IN THE SPIRIT: BECOMING A CONTEMPLATIVE IN ACTION,1986,SPIRITUALITY,
896,242L493c.1,Francis P. Lebuffe S.J.,MY CHANGELESS FRIEND : Meditations for everyday of the year,1961,SPIRITUALITY,
897,242L493c.2,"Francis P. Lebuffe, S.J.",MY CHANGELESS FRIEND : Meditations for everyday of the year,1961,SPIRITUALITY,
75,940.54M454,Mary Mckey Maynard ,MY FARAWAY HOME,2001,REFERENCE (Library 2),
88,Oc53,Frank O'Connor,MY FATHER'S SON,1968,FICTION,
168,291.09W210,Hiley H. Ward,MY FRIENDS' BELIEFS : a young reader's guide to the world religions,1988,General Reference,
320,265.85T161m,FR.LARRY TAN SD,MY HOMEBOUND PLANNER: A Practical Guide to Planning Your Funeral,2011,Filipiniana,
729,248.2B835,Claude Brunet,MY JOYS HOPES AND TRIALS,,SPIRITUALITY,
70,914.7D340,Carherine De Hueck,MY RUSSIAN YESTERDAY,1951,REFERENCE (Library 2),
46,398.209599D934,"Francisco Demetrio, S.J.",MYTHS AND SYMBOLS PHILIPPINES,1987,FILIPIANA (LIBRARY 2),
154,299.7M363,Joel W. Martin,NATIVE AMERICAN RELIGION,1999,General Reference,
62,613.9423N219,,NATURAL FAMILY PLANNING AND FAMILY LIFE EDUCATION SERVICE INSTALLATION,1987,FILIPIANA (LIBRARY 2),
44,616.99449Sh72,Lillie Shockney,NAVIGATING BREAST CANCER,2007,REFERENCE (Library 2),
115,282.09W322,E. I . Watkin,NEGLECTED SAINTS,1955,SPIRITUALITY,
2,N331,,NELSON MANDELA IN HIS OWN WORDS,2003,FICTION,
15,220.52054N420a,,NEW AMERICAN BIBLE,n.d,BIBLICAL STUDIES,
597,220.7N420,,NEW AMERICAN BIBLE : HANDY EDGE MARKING INDEX,1991,Filipiniana,
57,220.5204N420,,New American Standard Bible,1960,BIBLICAL STUDIES,
892,248D835c.1,"Francis K. Drolet, S.J",NEW COMMUNITIES FOR CHRISTIANS,,SPIRITUALITY,
893,248D835c.2,"Francis K. Drolet, S.J.",NEW COMMUNITIES FOR CHRISTIANS,,SPIRITUALITY,
59,262N420,"Ted Gresh , editor",NEW MINISTRIES IN THE CHURCH : AN INTERNATIONAL SURVEY,1978,SPIRITUALITY,
18,225.08B812,"Raymond E. Brown, S.S.",NEW TESTAMENT ESSAYS,1965,BIBLICAL STUDIES,
113,225.6B812,"Raymond E. Brown, S.S",New Testament Essays,1965,BIBLICAL STUDIES,
189,225.6608 R197,"Josef Reus, Alois Stoger",New Testament for Spiritual Reading : THE Epistle to Titus  and The Epistle to Philemon ,1971,BIBLICAL STUDIES,
80,221.6St949,Carroll Stuhlmueller,New Testament Reading guide  3 : the gospel of Saint Luke                                   ,1960,BIBLICAL STUDIES,
121,225.61Si151,"Robert T. Siebeneck, C.PP.S.","NEW TESTAMENT READING GUIDE 10 : The Pastoral Epistles, First Timothy, Titus, Second Timothy",1952,BIBLICAL STUDIES,
122,225.61M134,"John F. McConnell, M.M.",NEW TESTAMENT READING GUIDE 11 : The Epistles to the Hebrews,1952,BIBLICAL STUDIES,
123,225.61M299,Eugene H. Maly,"NEW TESTAMENT READING GUIDE 12 : The Epistles to Saints James, Jude, Peter",1952,BIBLICAL STUDIES,
126,225.61Sl 59,Gerard S. Sloyan,NEW TESTAMENT READING GUIDE 2 : The Gospels of Saint Mark,1952,BIBLICAL STUDIES,
127,225.61 St251,"David M. Stanley, S.J.",NEW TESTAMENT READING GUIDE 4 : The Gospels of St. Matthew,1952,BIBLICAL STUDIES,
118,225.61Ah34,"Barnabas M. Ahern, C.P.",NEW TESTAMENT READING GUIDE 7 : The Epistle to the Galatians and the epistle to the Romans,1952,BIBLICAL STUDIES,
119,225.61P351,"Claude J. Peifer, O.S.B.","NEW TESTAMENT READING GUIDE 8 : First Corinthians, Second Corinthians ; The First and Second Epistles of St. Paul to the Corinthians",1952,BIBLICAL STUDIES,
120,225.61Su531,"Kathryn Sullivan, R.S.C.J.","NEW TESTAMENT READING GUIDE 9 : St. Paul's Epistles to the Philippians, Philemon, Colossians Ephesians; The Captivity Epistles Philippians Philemon Colossians Ephesians",1952,BIBLICAL STUDIES,
117,225.61V473,"Bruce Vawter, C.M.","NEW TESTAMENT READING GUIDE: Introduction to the Pauline Epistles 6 ; I Thessalonians, II Thessalonians /Introduction to the Pauline letters first and second Thessalonians",1952,BIBLICAL STUDIES,
114,487.4B235w,Wiliam Barclay,New Testament Words,1964,BIBLICAL STUDIES,
102,261.1K835,"Peter Hans Kolvenbach, S.J.",NEW VIGOR FOR THE CHURCH,1993,THEOLOGY,
111,230.2W149,"J - H Walgrave, O,P",NEWMAN THE THEOLOGIAN,1960,SPIRITUALITY,
81, 248.4R143,"JOSEP M. RAMBLA, S.J.",NO ANTICIPARSE AL ESPÍRITU VARIACIONES SOBRE EL ACOMPAÑAMIENTO ESPIRITUAL,2010,SPECIAL COLLECTION,
139,241.6762M523,Jose Tolentino Mendonca,NO JOURNEY WILL BE TOO LONG :  Friendship inChristian Life,2012,SPIRITUALITY,
27,M558,Thomas Merton,NO MAN IS AN ISLAND,1955-1983,FICTION,
338,282.0922H649,"Boniface Hnaley, O.F.M.",NO STRANGERS TO VIOLENCE NO STRANGERS TO LOVE: Twentieth Century Christian Heroes,1983,SPIRITUALITY,
53,271.53Al21,ANTONI M. DE ALDAMA,NOTAS PARA UN COMENTARIO A: LA FORMULA DEL INSTITUTO DE LA COMPAÑIA DE JES?S,1981,SPECIAL COLLECTION,
,,"David T. Asselin, S.J",NOTES ON ADAPTING THE EXERCISES OF St. IGNATIUS ,,BOOKLET,
61,252M366,"Hugo Rahner, S.J",NOTES on THE SPIRITUAL EXERCISES,1956,SPIRITUALITY,
919,248.29R679c.1,"John Roothaan, S.J",NOTES ON THE SPIRITUAL OF ST. IGNATIUS LOYOLA ,,SPIRITUALITY,
920,248.29R679c.2,"John Roothaan, S.J",NOTES ON THE SPIRITUAL OF ST. IGNATIUS LOYOLA ,,SPIRITUALITY,
921,248.29R679c.3,"John Roothaan, S.J",NOTES ON THE SPIRITUAL OF ST. IGNATIUS LOYOLA ,,SPIRITUALITY,
922,248.29R679c.4,"John Roothaan, S.J",NOTES ON THE SPIRITUAL OF ST. IGNATIUS LOYOLA ,,SPIRITUALITY,
923,248.29R679c.5,"John Roothaan, S.J",NOTES ON THE SPIRITUAL OF ST. IGNATIUS LOYOLA ,,SPIRITUALITY,
924,248.29R679c.6,"John Roothaan, S.J",NOTES ON THE SPIRITUAL OF ST. IGNATIUS LOYOLA ,,SPIRITUALITY,
925,248.29R679c.7,"John Roothaan, S.J",NOTES ON THE SPIRITUAL OF ST. IGNATIUS LOYOLA ,,SPIRITUALITY,
926,248.29R679c.8,"John Roothaan, S.J",NOTES ON THE SPIRITUAL OF ST. IGNATIUS LOYOLA ,,SPIRITUALITY,
158,248.2R129,"Hugo Rahner, S,J",NOTES ON THE SPIRITUALEXERCISES,1925,SPIRITUALITY,
109,282.845N858,,Novena & triduum to St. John Ma. Vianney : patron saint of all priests who have pastoral care of souls with short biography,1988,Filipiniana,
490,234.72N858,,NOVENA OF GRACE FOR MORE VOCATIONS,1981,Filipiniana,
51,262.7N857,,"NOVO MILLENNIO INEUNTE APOSTOLIC LETTER OF HIS HOLINESS POPE JOHN PAUL II TO THE BISHOPS, CLERGY AND LAY FAITHFUL AT THE CLOSE OF THE GREAT JUBILEE OF THE YEAR 2000",2001,PAPAL COLLECTION,
52,641.5955N86,,NOW YOU'RE COOKIN' THAI,2003,GEN-REF2,
54,248.4Ob21,,OBEDIENCE-THE GREATEST FREEDOM,1968,SPIRITUALITY,
40, 248.4L315,,OBRAS COMPLETAS DE S. IGNACIO DE LOYOLA EDICION MANUAL,1952,SPECIAL COLLECTION,
38,248.4Ob61,,OBRAS COMPLETAS DE SAN IGNACIO DE LOYOLA,,SPECIAL COLLECTION,
280,252Oc13,edited by Liam Swords,OCCASIONAL HOMILIES FOR THIRTY MAJOR OCCASIONS,1988,Filipiniana,
83, 248.4T790,"ORIOL TUÑÍ, S.J.",OCHO DIAS CON JESÚS EJERCICIOS ESPIRITUALES SIGUIENDO LA CRISTOLOGÍA Y LA DINÀMICA DEL EVANGELIO DE LUCAS,2010,SPECIAL COLLECTION,
24,W357,Evelyn Waugh,ODMUND CHAMPION,1946,FICTION,
5,262.11Of22,,OFFICAL CATHOLIC DIRECTORY ARCDIOCESE OF AGANA 1987,1987,GEN-REF2,
59,651.3H787,"Margaret Horsfall, Shirley Cairns",OFFICE SKILLS A PRACTICAL APPROACH,2001,GEN-REF2,
100,282.73Of24,DIOCESE OF AGANA,OFFICIAL CATHOLIC DIRECTORY : Diocese of Agana 1981,1981,General Reference,
4,,C. Favret,Oh lá lá :Method De Français 3,2004,SPECIAL COLLECTION LIB 2,
68,252.03Onh11,Carmela D. Ortigas,ON A MISSION OF MERCY AND COMPASSION: Homilies and Speeches of Pope Francis in His Pastoral Visit to the Philippines,2015,Filipiniana,
56,824B417,H. Belloc,ON EVERYTHING,1927,REFERENCE (Library 2),
446,261.8D370,HORACIO DE LA COSTA,"On Faith and Justice, II FAITH, IDEOLOGIES AND CHRISTIAN OPTIONS",1976,Filipiniana,
50,271.53 Ar699,Father Arrupe,ON FOSTERING VOCATIONS TO THE SOCIETY OF JESUS,n.d.,THEOLOGY,
83,248.3On11,"Martin E. Palmer, S.J",ON GIVING THE SPIRITUAL EXERCISES : the early jesuit manuscript directories and the official directory of 1599,1996,General Reference,
80,261.85En191,,ON HUMAN WORK: ENCYCLICAL LETTER OF HIS HOLINESS POPE JOHN PAUL II,,PAPAL COLLECTION,
189,223.106G447,Gustavo Gutierrez,ON JOB : GOD- TALK AND THE SUFFERING OF THE INNOCENT,1997,THEOLOGY,
232,261.8Ar699,Fr. Pedro Arrupe,On Justice with Faith Today,1981,Filipiniana,
2,128.4D340,Pierre Teilhard De Chardin,ON LOVE & HAPPINESS,1966,REFERENCE (Library 2),
585,226.3On11,,On Mark and the new world the good news letters from Carlos Abesamis,1983,Filipiniana,
463,248.2C312,"Jean Pierre de Caussade, S.J","ON PRAYER : Spiritrual instructions on the various states of prayer according to the doctrine of bossuet, bisop of meaux",1949,SPIRITUALITY,
289,242.62G945,"Nil Guillemette , S,J",ON THE EAGLES WINGS: GOD - TALES FOR YPUNG & OLD,1990,Filipiniana,
544,225.07G945,"NIL GUILLEMETTE, SJ",ON THE EVENING OF THE THIRD DAY : HOW TO STUDY THE NEW TESTAMENT,1989,Filipiniana,
373,248.482L177c.1,"ANTONIO B. LAMBINO, S.J. & THOMAS E. CLARKE, S.J.","ON THE IGNATIAN EXERCISES EXPERIENCE, DISCERNMENT, DECISION",1977,Filipiniana,
374,248.482L177c.2,"ANTONIO B. LAMBINO, S.J. & THOMAS E. CLARKE, S.J.","ON THE IGNATIAN EXERCISES EXPERIENCE, DISCERNMENT, DECISION",1977,Filipiniana,
375,248.482L177c.3,"ANTONIO B. LAMBINO, S.J. & THOMAS E. CLARKE, S.J.","ON THE IGNATIAN EXERCISES EXPERIENCE, DISCERNMENT, DECISION",1977,Filipiniana,
209,248.3On11,,ON THE INVOCATION OF THE NAME OF JESUS,,SPIRITUALITY,
199,242.42 M749,a Monk of the Eastern Church,On the Invocation of the Name of Jesus,1976,Filipiniana,
192,242.5M,by Monk of the Eastern Church,ON THE INVOCATION OF THE NAME OF JESUS,1970,THEOLOGY,
40,282.092 Oc14,Peter Occhiogrosso,ONCE A CATHOLIC : a prominent catholics and ex-catholics discuss the influence of the church on their lives and work,1987,THEOLOGY,
41,200.95K913,James H. Kroeger,ONCE UPON A TIME IN ASIA: STORIES OF HARMONY AND PEACE,2006,FILIPIANA (LIBRARY 2),
169,255.53Ar699c.1,Pedro Arrupe S.J.,ONE JESUIT'S SPIRITUAL JOURNEY,1986,SPIRITUALITY,
170,255.53Ar699c.2,Pedro Arrupe S.J.,ONE JESUIT'S SPIRITUAL JOURNEY,1986,SPIRITUALITY,
21,226.06H384,H. HENDRICK,ONE JESUS FOUR GOSPELS,1984,BIBLICAL STUDIES,
70,226.06H384,H. HENDRICK,ONE JESUS FOUR GOSPELS,n.d.,BIBLICAL STUDIES,
775,242D393,"Anthony de Mello, S.J.",ONE MINUTE NONSENCE,1982,SPIRITUALITY,
770,242D393c.1,"Anthony de Mello, S.J.",ONE MINUTE WISDOM,1985,SPIRITUALITY,
771,242D393c.2,"Anthony de Mello, S.J.",ONE MINUTE WISDOM,1985,SPIRITUALITY,
772,242D393c.3,"Anthony de Mello, S.J.",ONE MINUTE WISDOM,1985,SPIRITUALITY,
773,242D393c.4,"Anthony de Mello, S.J.",ONE MINUTE WISDOM,1985,SPIRITUALITY,
774,242D393c.5,"Anthony de Mello, S.J.",ONE MINUTE WISDOM,1985,SPIRITUALITY,
96,282.092On21,John C. Murray,ONE OF A KIND : essays in TRIBUTE TO FATHER GUSTAVE WEIGEL ,1967,SPIRITUALITY,
93,362.293083M52,Santos G. Mena,ONLY A FOOL!,2002,FILIPIANA (LIBRARY 2),
13,F247,Walter Farrell O.P,ONLY SON,1953,FICTION,
105,248.894Or82,Ladislas M. Orsy,OPEN TO THE SPIRIT RELIGIOUS LIFE AFTER VATICAN II,1968,SPIRITUALITY,
336,242.2G820,"Thomas H. Green, S.J.",Opening to God : a guide to prayer,1977,Filipiniana,
319,248.4G820,"Thomas H. Green, S.J.",OPENING TO GOD: A guide prayer,1981,SPIRITUALITY,
65,248.4B648,"PERE BORRÀS, S.J.",ORACIÓN DESDE LA VIDA,1996,SPECIAL COLLECTION,
85, 248.4Es652,"LUIS ESPINAL, S.J.",ORACIONES A QUEMARROPA,2001,SPECIAL COLLECTION,
351,248.3V548mv.2c.2,"J. Veltri, S.J.",ORIENTATIONS VOLUME 2,1981,SPIRITUALITY,
352,248.3V548mv.2c.3,"J. Veltri, S.J.",ORIENTATIONS VOLUME 2,1981,SPIRITUALITY,
353,248.3V548bv.2c.1,"John A. Ventri, S.J.",ORIENTATIONS VOLUME 2: PART B,1998,SPIRITUALITY,
354,248.3V548bv.2c.2,"John A. Ventri, S.J.",ORIENTATIONS VOLUME 2: PART B,1998,SPIRITUALITY,
346,248.3V548c.1,"J. Veltri, S.J.",ORIENTATIONS VOLUME I A COLLECTIONOF HELPS FOR PRAYER,1979,SPIRITUALITY,
347,248.3V548c.2,"J. Veltri, S.J.",ORIENTATIONS VOLUME I A COLLECTIONOF HELPS FOR PRAYER,1979,SPIRITUALITY,
348,248.3V548c.3,"J. Veltri, S.J.",ORIENTATIONS VOLUME I A COLLECTIONOF HELPS FOR PRAYER,1979,SPIRITUALITY,
349,248.3V548c.4,"J. Veltri, S.J.",ORIENTATIONS VOLUME I A COLLECTIONOF HELPS FOR PRAYER,,SPIRITUALITY,
350,248.3V548mv.2c.1,"J. Veltri, S.J.",ORIENTATIONS VOLUME II,,SPIRITUALITY,
300,249Ou71,,OUR FAMILY AND OUR PRIEST AT PRAYER ANG AMING PAMILYA AT ANG AMING PARI SA PANANALANGIN HOME CELEBRATIONS AND PRAYERS,2004,Filipiniana,
478,234.77Ou71,,OUR FAMILY CONSECRATION TO THE SACRED HEART OF JESUS,n.d.,Filipiniana,
165,282.092D641,"Parmananda Divarkar, S.J.",OUR HEARTS BURNING: A JESUIT EXPERIENCE,1975,SPIRITUALITY,
196,282.092Ou71,Cardinal Bea Institute,Our Jesuit Life,1990,Filipiniana,
167,271.53092J499,,OUR JESUITS LIFE,1990,General Reference,
167,248.3405C333o,,OUR LADY I IGNATIAN SPIRITUALITY,1988,PERIODICAL,
586,232.9Ou71,,"OUR LADY OF PERPETUAL HELP: The icon , favors and Shrines",1998,SPIRITUALITY,
24,SP2001,,OUR LADY'S SCAPULAR 750th ANNIVERSARY CELEBRATIONS,2001,VERTICAL FILE,
310,242N856c.1,Henri J.M. Nouwen,OUT OF SOLITUD : Three meditations on the christian life,1974,SPIRITUALITY,
311,242N856c.2,Henri J.M. Nouwen,OUT OF SOLITUD : Three meditations on the christian life,1974,SPIRITUALITY,
246,262.5H361,Virginia Mary Hefferman,Outlines of the 16 Documents of Vatican II,,THEOLOGY,
29,,,P4VM800,2005,SPECIAL COLLECTION LIB 2,
276,,,PACIFICA :Australasian Theological Studies ,2012,PERIODICAL,
15,242.2 C337,Tarcisio da Cervinara,PADRE PIO'S MASS : the stigmatist of the Gargano mountain reveals how the passion of Jesus was re-actualized in his flesh,1975,THEOLOGY,
241,272.9092R815,Fanchon Royer,PADRE PRO : Modern Apostle And Martyr,1954,SPIRITUALITY,
,,"Jorge (entelles, A.J",PAG - AMPO UBAN SA BIBLIYA ( 22 copies),,,
,,Pilis Bergin PBVM,PAG AMPO UBAN SA BIBLIYA (6 copies),,BOOKLET,
313,264.23P14c.1,,PAG-AMPO SA KRISTOHANONG KATILINGBAN,n.d.,Filipiniana,
314,264.23P14c.2,,PAG-AMPO SA KRISTOHANONG KATILINGBAN,n.d.,Filipiniana,
315,264.23P14c.3,,PAG-AMPO SA KRISTOHANONG KATILINGBAN,n.d.,Filipiniana,
316,264.23P14c.4,,PAG-AMPO SA KRISTOHANONG KATILINGBAN,n.d.,Filipiniana,
317,264.23P14c.5,,PAG-AMPO SA KRISTOHANONG KATILINGBAN,n.d.,Filipiniana,
318,264.23P14c.6,,PAG-AMPO SA KRISTOHANONG KATILINGBAN,n.d.,Filipiniana,
,264.23P14c.7,,PAG-AMPO SA KRISTOHANONG KATILINGBAN (number of copies 7),n.d.,Filipiniana (Duplicate copies),
5,282.092F249,John Farrow,PAGEANT OF THE POPE ,1942,PAPAL COLLECTION,
90,708.55P166,,PAINTINGS IN THE UFFIZI & PITTI GALLERIES,1994,GEN-REF2,
19,796.3523L585,Beverly Lewis,PALY BETTER GOLF: PERFECTING YOUR SHORT GAME CURE YOUR PUTTING PROBLEMS,1991,REFERENCE (Library 2),
108,282.092D370,"De La Cruz, Jesselyn Garcia",Papal Visit 1995 Manila JOHN PAUL II We Love You,1995,Filipiniana,
143,226 W292,Steven W. Waterhouse,"Papias and Matthew, Papias and his "" Elder John""",2014,BIBLICAL STUDIES,
247,264.202P219,"Mary Ann Simcoe, editor",Parish Path Through Advent and Christmastime,1983,THEOLOGY,
370,226.8H384,FR. HERMANN HENDRICKX,PASSION NARRATIVES,1990,Filipiniana,
448,264.023P268,,PASTORAL CARE OF THE SICK: RITES OF ANOINTING AND VIATICUM,1982,Filipiniana,
53,261G233,,PASTORAL CONSTITUTION ON THE CHURCH IN THW MODERN WORLD GAUDIUM ET SPES ,,PAPAL COLLECTION,
299,261.52P268,,"PASTORAL INSTRUCTION ""Communio et Progressio"" on the Means of Social Communication",1971,Filipiniana,
200,262.23C286,,"Pastoral letter : Education for Justice , Manila September ,1978 ( Catholic Bishops Conference of the Philippines )",1978,Filipiniana,
78,241.66P268,,"PASTORAL LETTER of the CATHOLIC HIERARCHY of the PHILIPPINES ON THE ENCYCLICAL LETTER ""HUMANAE VITAE""",n.d.,Filipiniana,
6,P1995,,PASTORAL PLANNING BOARD : CEBU ARCHDIOCESAN 4th CENTENNIAL CELEBRATION,1995,VERTICAL FILE,
11,P2006,,PASTORAL PLANNING BOARD :CEBU ARCHDIOCESAN GUIDELINES FOR COMMUNITY CHAPELS IN A PARISH,2006,VERTICAL FILE,
10,P2001,,"PASTORAL PLANNING BOARD :CEBU ARCHDIOCESAN PASTORAL THRUST 2002 (CAPT 2002)	",2001,VERTICAL FILE,
13,P1998,,PASTORAL PLANNING BOARD: CEBU ARCHDIOCESAN GUIDE LINES FOR THE OPERATION OF THE PARISH PASTORAL ADMINISTRATION,1998,VERTICAL FILE,
9,P2001,,PASTORAL PLANNING BOARD: CEBU ARCHDIOCESAN PASTORAL THRUST 2001 (CAPT 2001),2001,VERTICAL FILE,
12,P2001, ,PASTORAL PLANNING BOARD: CEBU ARCHDIOCESAN PASTORAL THRUST 2001 (CAPT 2001),2001,VERTICAL FILE,
7,P2005,,PASTORAL PLANNING BOARD: CEBU ARCHDIOCESAN PASTORAL THRUST 2005 (CAPT 2005),2005,VERTICAL FILE,
8,P2007,,PASTORAL PLANNING BOARD: CEBU ARCHDIOCESAN PASTORAL THRUST 2007 (CAPT 2007),2006,VERTICAL FILE,
416,252P273,,Pathway.. To Priestly Sanctity  edited by Vicente G. Cajilig,1989,Filipiniana,
4,282.092L578,Mogsignor Virgilio Levi,PAUL II : A  tribute in words and pictures,1999,PAPAL COLLECTION,
2,282.092H353,Peter Hebblethwaite,PAUL IV : The first modern pope,1993,PAPAL COLLECTION,
7,261.1B812,Dr. Francis J. Brown,PEACE ON EARTH (Pacem in terris) : Volume V,1965,PAPAL COLLECTION,
118,261.8H384,Herman Hendrickx,"PEACE, ANYONE? : biblical reflections on peace and violence",1986,Filipiniana,
109,248.305P8982005no.2c.1,,"PEAYER AND SERVICE, april - june 2001,no.2",2005,PERIODICAL,
,248.305P8982005no.2c.2,,"PEAYER AND SERVICE, april - june 2001,no.2 (number of copies 2 )",2005,PERIODICAL LIB2 (Duplicate copies),
51,738.52F918,Ann Frith,PEBBLE MOSAICS,2002,GEN-REF2,
,,,PEDRO ARRUPE : 28 General Superior of the society of jesus (3 copies),1991,BOOKEET,
,,"Jorge 5entelles, 5.J",Pedro Arrupe 14 November 1907 - 5 February 1991 ,,BOOKLET,
164,282.097959Ar34c. 1,"C.G. AREVALO, S.J.",Pedro Calungsod Young Visayan 'Proto-Martyr' (+2 April 1672),1998,Filipiniana,
165,282.097959Ar34c.2,"C.G. AREVALO, S.J.",Pedro Calungsod Young Visayan 'Proto-Martyr' (+2 April 1672),1998,Filipiniana,
166,282.097959Ar34c.3,"C.G. AREVALO, S.J.",Pedro Calungsod Young Visayan 'Proto-Martyr' (+2 April 1672),1998,Filipiniana,
437,282.092095Ar15,"C.G Arevalo , S.J",PEDRO CALUNGSUD : young Visayan Proto-Martyr,2007,Filipiniana,
81,Em61,Jane Austen Emma,PENGUIN CLASSICS,1966,FICTION,
240,282.092G949,"Georges Guitton, S.J.","PERFECT FRIEND: THE LIFE OF BLESSED CLAUDE LA COLOMBIERE, S. F. 1641-1682",1956,SPIRITUALITY,
19,248.8K11,"Adrian Van Kaam, C.S.Sp.",PERSONALITY FULFILLMENT IN THE SPIRITUAL LIFE,1966,SPIRITUALITY,
466,248.4B799,"Paul Broutin, S.J",PERSPECTIVES OF THE CHURCH IN THE SPIRITUAL EXERCISES ,1956,SPIRITUALITY,
94,551.42D228,Frank J. Daniels,PETRIFIED WOOD,1998,GEN-REF2,
101,142.7B87,"Jaime C. Bulatao, S.J.",PHENOMENA AND THEIR INTERPRETATION : landmark essays 1957-1989,1992,Filipiniana,
13,959.905P538,,"PHIILIPPINE STUDIES , vol.45",1997,PERIODICAL,
116,271.530599M38,"Miguel Saderra Maso, S.J.",PHILIPPINE JESUITS 1581-1768 & 1859-1924,1974,Filipiniana,
17,759.4C427,Denys Chevalier,PICASSO,,REFERENCE (Library 2),
731,284.482F497,Virginia Sullivan Finn,PILGRIMS IN THIS WORLD A LAY IN SPIRITUALITY : A lay spirituality,1990,SPIRITUALITY,
273,248.3P690c.1,,PLACE ME WITH YOUR SON :  The spiritual exercises in everyday life,1986,SPIRITUALITY,
274,248.3P690c.2,,PLACE ME WITH YOUR SON :  The spiritual exercises in everyday life,1986,SPIRITUALITY,
275,248.3P690c.3,,PLACE ME WITH YOUR SON :  The spiritual exercises in everyday life,1986,SPIRITUALITY,
,248.3P690c.4 - c.6,,PLACE ME WITH YOUR SON :  The spiritual exercises in everyday life (number of copies 6),1986,SPIRITUALITY Library 2 (Duplicate copies),
197,248.29D641,"Parmananda R. Divarkar, S.J.",PLACE WITH CHRIST : The making of an Apostle,1980,SPIRITUALITY,
157,220.6R139,Margaret Nutting Ralph,Plain Words about Biblical Images :  Growing in Our Faith Through the Scriptures,1989,BIBLICAL STUDIES,
22,282.0922D373,John J. Delaney,Pocket Dictionary of Saints,1980,General Reference,
79,895.91408Ab13,Gemino H. Abad,POEMS AND PARABLES,1988,FILIPIANA (LIBRARY 2),
64,861.62l883,Federico Garcia Lorca,POET IN NEW YORK,1995,REFERENCE (Library 2),
261,248.29H883c.1,"Franz Von Hummelauer, S.J.",POINTS FOR THE MEDITATIONS AND CONTEMPLATIONS OF ST. IGNATIUS OF LOYOLA,1955,SPIRITUALITY,
262,248.29H883c.2,"Franz Von Hummelauer, S.J.",POINTS FOR THE MEDITATIONS AND CONTEMPLATIONS OF ST. IGNATIUS OF LOYOLA,1955,SPIRITUALITY,
263,248.29H883c.3,"Franz Von Hummelauer, S.J.",POINTS FOR THE MEDITATIONS AND CONTEMPLATIONS OF ST. IGNATIUS OF LOYOLA,1955,SPIRITUALITY,
264,248.29H883c.4,"Franz von Hummelauer, S.J.",POINTS FOR THE MEDITATIONS AND CONTEMPLATIONS OF ST. IGNATIUS OF LOYOLA,1955,SPIRITUALITY,
318,,,"PONDERING THE WORD : The anawim way  liturgical meditations, 04, 2018",2018,PERIODICAL,
319,,,"PONDERING THE WORD : The anawim way  liturgical meditations, 05, 2018",2018,PERIODICAL,
317,,,"PONDERING THE WORD : The anawim way  liturgical meditations, 05,2018",2018,PERIODICAL,
477,248.842P778,,PONTIFICAL COUNCIL OF THE FAMILY : PREPARATION FOR THE SACRAMENT OF MARRIAGE,1996,Filipiniana,
160,248.05W364p,,POPULAR DEVOTIONS,2001,PERIODICAL,
83,261.85P819,,POPULORUM PROGRESSIO : ENCYCLICAL LETTER OF HIS HOLINESS POPE PAUL VI ON THE DEVELOPMENT OF PEOPLES,,PAPAL COLLECTION,
29,B459,Daniel Berrigan,PORTRAITS OF THOSE I LOVE,1982,FICTION,
201,248.3L522,"Alex Lefrank, S.J",POST SYNODAL APOSTOLIC EXHORTATION,,SPIRITUALITY,
52,255V83,,POST- SYNODAL APOSTOLIC EXHORTION VITA CONSECRATA OF THE HOLY FATHER JOHN PAUL II TO THE BISHOPSAND CLERGY RELIGIOUS ORDERS AND CONGREGATIONS SOCIETIES OF APOSTOLIC LIFE SECULAR INSTITUTES AND ALL THE FAITHFUL ON THE CHURCH AND IN THE WORLD,1996,PAPAL COLLECTION,
27,262.9P845,,POST-SYNODAL APOSTOLIC EXHORTATION CHRISTIFIDELES LAICI OF HIS HOLINESS JOHN PAUL II ON THE VOCATION AND THE MISSION OF THE LAY FAITHFUL IN THE CHURCH AND IN THE WORLD,1990,PAPAL COLLECTION,
24,253P845c.1,,POST-SYNODAL APOSTOLIC EXHORTATION PASTORES DABO VOBIS OF HIS HOLINESS JOHN PAUL II TO THE BISHOPS CLERGY AND FAITHFUL ON THE FORMATION OF PRIESTS IN THE CIRCUMSTANCES OF THE PRESENT DAY,1992,PAPAL COLLECTION,
25,253P845c.2,,POST-SYNODAL APOSTOLIC EXHORTATION PASTORES DABO VOBIS OF HIS HOLINESS JOHN PAUL II TO THE BISHOPS CLERGY AND FAITHFUL ON THE FORMATION OF PRIESTS IN THE CIRCUMSTANCES OF THE PRESENT DAY,1992,PAPAL COLLECTION,
26,253P845c.3,,POST-SYNODAL APOSTOLIC EXHORTATION PASTORES DABO VOBIS OF HIS HOLINESS JOHN PAUL II TO THE BISHOPS CLERGY AND FAITHFUL ON THE FORMATION OF PRIESTS IN THE CIRCUMSTANCES OF THE PRESENT DAY,1992,PAPAL COLLECTION,
62,234.5P845c.1,,POST-SYNODAL APOSTOLIC EXHORTATION RECONCILIATIO ET PAENITENTIA OF JOHN PAUL II TO THE BISHOPS CLERGY AND FAITHFUL ON RECONCILIATION AND PENANCE IN THE MISSION OF THE CHURCH TODAY,,PAPAL COLLECTION,
63,234.5P845c.2,,POST-SYNODAL APOSTOLIC EXHORTATION RECONCILIATIO ET PAENITENTIA OF JOHN PAUL II TO THE BISHOPS CLERGY AND FAITHFUL ON RECONCILIATION AND PENANCE IN THE MISSION OF THE CHURCH TODAY,,PAPAL COLLECTION,
10,248.4B456,"CHARLES A. BERNARD, S.J.",POUR MIEUX DONNER LES EXERCICES IGNATIENS,1980,SPECIAL COLLECTION,
48,248.4B456,"CHARLES A. BERNARD, S.J.",POUR MIEUX DONNER LES EXERCICES IGNATIENS,1979,SPECIAL COLLECTION,
143,248.4D367,Catherine de Hueck Doherty,POUSTINIA: CHRISTIAN SPIRITUALITY OF THE EAST FOR WESTERN MAN,1975,SPIRITUALITY,
301,241.4M568c.1,Johannes B. Metz,POVERTY OF SPIRIT,1968,SPIRITUALITY,
302,241.4M568c.2,Johannes B. Metz,POVERTY OF SPIRIT,1968,SPIRITUALITY,
303,241.4M568c.3,Johannes B. Metz,POVERTY OF SPIRIT,1968,SPIRITUALITY,
304,241.4M568c.4,Johannes B. Metz,POVERTY OF SPIRIT,1968,SPIRITUALITY,
305,241.4M568c.5,Johannes B. Metz,POVERTY OF SPIRIT,1968,SPIRITUALITY,
165,271.5K835 1991,Peter - Hans Kolvenbach,PRACTICA QUAEDA : norms for correspondence with Father general and other concrete business matters,1991,General Reference,
166,271.5K835 1997,Peter - Hans Kolvenbach,PRACTICA QUAEDA : norms for correspondence with Father general and other concrete business matters,1997,General Reference,
132,271.53P881,,PRACTICA QUAEDAM DE COMMERCIO EPISTOLARI ET REBUS CUM PATRE GENERALI AGENDIS,1973,SPECIAL COLLECTION,
142,255.5P881,,PRACTICAL COMPENDIUM OF THE LAW OF THE SOCIETY OF JESUS,1991,General Reference,
1,499.21G165,Ben E. Garcia,PRACTICAL CONVERSATIONS ENGLISH-CEBUANO FOR ALL OCCASIONS,1998,GEN-REF2,
94,499.2213G165,Ben E. Garcia,PRACTICAL CONVERSATIONS: ENGLISH-CEBUANO FOR ALL OCCASIONS,1989,FILIPIANA (LIBRARY 2),
251,248.2R618v.2,"Alphonsus Rodriguez, S.J.",PRACTICE OF PERFECTION AND CHRISTIAN VIRTUES,1929,SPIRITUALITY,
252,248.2R618v.1,"Alphonsus Rodriguez, S.J.",PRACTICE OF PERFECTION AND CHRISTIAN VIRTUES,1929,SPIRITUALITY,
499,242.2P884gc.1,,"PRAISE THE LORD, YOU SERVANTS OF THE LORD : morning and evening prayers for a retreat ( green cover )",1977,Filipiniana,
500,242.2P884gc.2,,"PRAISE THE LORD, YOU SERVANTS OF THE LORD : morning and evening prayers for a retreat ( green cover )",1977,Filipiniana,
501,242.2P884gc.3,,"PRAISE THE LORD, YOU SERVANTS OF THE LORD : morning and evening prayers for a retreat ( green cover )",1977,Filipiniana,
502,242.2P884gc.4,,"PRAISE THE LORD, YOU SERVANTS OF THE LORD : morning and evening prayers for a retreat ( green cover )",1977,Filipiniana,
503,242.2P884gc.5,,"PRAISE THE LORD, YOU SERVANTS OF THE LORD : morning and evening prayers for a retreat ( green cover )",1977,Filipiniana,
504,242.2P884gc.6,,"PRAISE THE LORD, YOU SERVANTS OF THE LORD : morning and evening prayers for a retreat ( green cover )",1977,Filipiniana,
505,242.2P884gc.7,,"PRAISE THE LORD, YOU SERVANTS OF THE LORD : morning and evening prayers for a retreat ( green cover )",1977,Filipiniana,
493,242.2P884yc.,,"PRAISE THE LORD, YOU SERVANTS OF THE LORD : morning and evening prayers for a retreat ( yellow cover)",1977,Filipiniana,
494,242.2P884yc.2,,"PRAISE THE LORD, YOU SERVANTS OF THE LORD : morning and evening prayers for a retreat ( yellow cover)",1977,Filipiniana,
495,242.2P884yc..3,,"PRAISE THE LORD, YOU SERVANTS OF THE LORD : morning and evening prayers for a retreat ( yellow cover)",1977,Filipiniana,
496,242.2P884yc.4,,"PRAISE THE LORD, YOU SERVANTS OF THE LORD : morning and evening prayers for a retreat ( yellow cover)",1977,Filipiniana,
497,242.2P884yc.5,,"PRAISE THE LORD, YOU SERVANTS OF THE LORD : morning and evening prayers for a retreat ( yellow cover)",1977,Filipiniana,
498,242.2P884yc.6,,"PRAISE THE LORD, YOU SERVANTS OF THE LORD : morning and evening prayers for a retreat ( yellow cover)",1977,Filipiniana,
,242.2P884yc.7,,"PRAISE THE LORD, YOU SERVANTS OF THE LORD : morning and evening prayers for a retreat ( yellow cover,number of copies 7 )",1977,Filipiniana (Duplicate copies),
25,248.3H871,"Richard J. Huelsman, S.J.",Pray : Moderator's Manual ( an introduction to the spiritual life for busy people,1976,General Reference,
24,264.10H871,"Richard J. Huelsman, S.J.",Pray : Participant's Handbook ( an introduction to the spiritual life for busy people),1976,General Reference,
548,248.2N856c.1,Henri J.M. Nouwen,PRAY TO LIVE,1972,SPIRITUALITY,
549,248.2N856c.2,Henri J.M. Nouwen,PRAY TO LIVE,1972,SPIRITUALITY,
213,248.32G349,Fabio Giardini,PRAY WITHOUT CEASING : toward a systematic psychotheology of christian prayerlife,1998,THEOLOGY,
827,248.3B217,Hans Urs Von Balthasar,PRAYER,1961,SPIRITUALITY,
243,248.3C111,Nicolas Caballero,PRAYER : Human Foundations and Techniques translated by Colette Joly Dees,1987,Filipiniana,
809,248.32M912,"Michael Mueller, C.Ss.R",PRAYER : The key to salvation ,1978,SPIRITUALITY,
947,248.3L315c.1,"Jean Laplace, S.J.",PRAYER ACCORDING TO THE SCRIPTURES,,SPIRITUALITY,
948,248.3L315c.2,"Jean Laplace, S.J.",PRAYER ACCORDING TO THE SCRIPTURES,,SPIRITUALITY,
853,248G820,"Thomas H. Green, S.J.",PRAYER AND COMMON SENSE,1995,SPIRITUALITY,
275,242.2G820,"Thomas H. Green, S.J.",Prayer and common sense,1996,Filipiniana,
409,242.2Sch61,"Fr. Bill Schock, SJ",Prayer and personal growth : reflections on prayer and the spiritual life exercises in personal growth,1990,Filipiniana,
110,248.305P8982006no.2,,"PRAYER AND SERVICE ,april - june 2006,no.2",2006,PERIODICAL,
105,248.305P8982006no.1,"Peter- Hans Kolvenbach, S.J","PRAYER AND SERVICE : The apostleship of prayer on the eay to the third millennium, no.1",2006,PERIODICAL,
106,248.305P8982008no.1c.1,,"PRAYER AND SERVICE : The eucharistics youth movement, no.1",2008,PERIODICAL,
,248.305P8982008no.1c.2,,"PRAYER AND SERVICE : The eucharistics youth movement, no.1 (number of copies 2 )",2008,PERIODICAL LIB2 (Duplicate copies),
78,248.305P898 1990,,PRAYER AND SERVICE 1990 - 1992,1990,PERIODICAL,
36,248.305P898,,PRAYER AND SERVICE 1992 - 1993,1994,PERIODICAL,
37,248.305P898,,PRAYER AND SERVICE 1994 - 1995,1994,PERIODICAL,
38,248.305P898,,PRAYER AND SERVICE 1996,1997,PERIODICAL,
77,248.305P898 1999,,PRAYER AND SERVICE 1999 - 2000,1999,PERIODICAL,
121,248.305P8982004no.4,,"PRAYER AND SERVICE october - december 2002, no.4",2004,PERIODICAL,
120,248.305P8982002no.4,,"PRAYER AND SERVICE october - december 2002, no.4 ",2002,PERIODICAL,
108,248.305P8982001no.1,,"PRAYER AND SERVICE, april - june 2001,no.1",2001,PERIODICAL,
111,248.305P8982007no.2,,"PRAYER AND SERVICE, april - june 2007, no.2",2007,PERIODICAL,
99,248.305P8982003no.1c.1,,"PRAYER AND SERVICE, january 2003 - march,no.1",2003,PERIODICAL,
,248.305P8982003no.1c.2,,"PRAYER AND SERVICE, january 2003 - march,no.1 (number of copies 2 )",2003,PERIODICAL LIB2 (Duplicate copies),
100,248.305P8982007no.2c.1,,"PRAYER AND SERVICE, JOHN PAUL II : Reflections on the Psalms (II), no.2",2007,PERIODICAL,
,248.305P8982007no.2c.2-4,,"PRAYER AND SERVICE, JOHN PAUL II : Reflections on the Psalms (II), no.2 (number of copies 4)",2007,PERIODICAL LIB2 (Duplicate copies),
101,248.305P8982007no.1,,"PRAYER AND SERVICE, JOHN PAUL II : Reflections on the Psalms (III),no.1",2007,PERIODICAL,
102,248.305P8982007no.1,,"PRAYER AND SERVICE, JOHN PAUL II : Reflections on the Psalms (IV),no.1",2007,PERIODICAL,
103,248.305P8982005no.3,,"PRAYER AND SERVICE, JOHN PAUL II : Reflections on the Psalms (V),no.3",2005,PERIODICAL,
107,248.305P8982004no.4,,"PRAYER AND SERVICE,april - june  2004, no.2",2004,PERIODICAL,
104,248.305P8982001no.1,,"PRAYER AND SERVICE,january - march 2001, no.1",2001,PERIODICAL,
35,248.305P898,,PRAYER AND SERVICES : Daily life,1998,PERIODICAL,
,,Rev. Henri J.M Nouwen,PRAYER AND THE PRIEST ,1980,BOOKLET,
642,248.2W632,"John Wickham, S.J.",PRAYER COMPANIONS' HANDBOOK,1991,SPIRITUALITY,
547,242P898,,PRAYER FOR ALL OCCASIONS,1988,SPIRITUALITY,
367,248.34C380,"Pierre Charles, S.J.",PRAYER FOR ALL TIMES,1929,SPIRITUALITY,
730,242P898,,PRAYER FOR CHRISTIAN UNITY 1996  : Pontifical council for promoting christian unity,1989,SPIRITUALITY,
804,242F247,"Edward Farrell, S.T.L.",PRAYER IS A HUNGER,1972,SPIRITUALITY,
518,242.3M297,"George A. Maloney, S.J.",PRAYER OF THE HEART,1986,SPIRITUALITY,
587,262.1P898,,Prayer the life of the church of Asia : The Second Plenary Assembly of the federation of asian bishops' conferences ( Statement and recommendations ) ,1979,Filipiniana,
611,248.32F811,Richard J. Foster,PRAYER: FINDING THE HEART'S TRUE HOME,1964,SPIRITUALITY,
832,248.3H224,Bernard Haring,PRAYER: The integration of faith and life,1975,SPIRITUALITY,
619,234.131M426,"Rick Mathis, PH. D.",PRAYER-CENTERED HEALING: Finding the god who heals,2000,SPIRITUALITY,
602,242.4B235,William Barclay,PRAYERS FOR HELP AND HEALING,1968,SPIRITUALITY,
194,265.3R129,Hugo Rahner & Karl Rahner,PRAYERS FOR MEDITATION,1962,SPIRITUALITY,
,,Pilis Bergin PBVM,PRAYERS FOR VOCATIONS (3 copies),,BOOKLET,
7,242M855,"Mossi, John P.",Prayers from the cross : solace for all seasons,1997,Filipiniana,
109,242.8G931,Romano Guardini,PRAYERS FROM THEOLOGY,1959,SPIRITUALITY,
514,242Od57,Marie Rene O Donoghue . Ssc,PRAYERS OF ACCOMPANIMENT,1993,Filipiniana,
84,248.305P898 1993,,PRAYING : Something like bird songs,1993,PERIODICAL,
85,248.305P898 1996,,PRAYING 1996 - 1997 : The presence and absence of God ,1996,PERIODICAL,
873,248.32F225,"Robert Faricey, S.J.",PRAYING FOR INNER HEALING,1979,SPIRITUALITY,
125,226.306R273,"Reilly, John",Praying Mark,1995,Filipiniana,
170,248.32C162,Elizabeth Canham,Praying the Bible,1988,BIBLICAL STUDIES,
885,242.5M558c.1,Thomas Merton,PRAYING THE PSALMS ,1990,SPIRITUALITY,
886,242.5M558c.2,Thomas Merton,PRAYING THE PSALMS ,1990,SPIRITUALITY,
872,242.3V243,"Carlos G. Valles, S.J.",PRAYING TOGETHER: Psalms for contemplation,1989,SPIRITUALITY,
141,248.4V26,Dom Hubert Van Zeller,PRAYING WHILE YOU WORK,,SPIRITUALITY,
572,209.24V763,Patricia Mary Vinje,PRAYING WITH CATHERINE OF SIENA,1990,SPIRITUALITY,
381,248.34P898,,PRAYING WITH CHRIST A HOLY HOUR,1981,SPIRITUALITY,
966,248.3B452c.1,Jacqueline Syrup Bergan & Marie Schwan,PRAYING WITH IGNATIUS OF LOYOLA : Companions for the journey,1991,SPIRITUALITY,
967,248.3B452c.2,Jacqueline Syrup Bergan & Marie Schwan,PRAYING WITH IGNATIUS OF LOYOLA : Companions for the journey (photo copy),1991,SPIRITUALITY,
264,242M366,CARLO CARDINAL MARTINI,PRAYING WITH SAINT LUKE,1987,Filipiniana,
450,226.4M366,CARLO CARDINAL MARTINI,Praying with Saint Luke,1987,Filipiniana,
,,"V. Perniola, S.J",PRAYING WITH SCRIPTURE ,1980,BOOKLET,
,,Pilis Bergin PBVM,PRAYING WITH SCRIPTURE (4 copies),,BOOKLET,
,,,"PRAYING WITH SCRIPTURE : SPEAK , LORD YOUR SERVANT IS LISTENING (8 copies)",,,
291,248.32B797,Rosemary Broughton,PRAYING WITH TERESA OF AVILA,1990,SPIRITUALITY,
113,248.305P8982001no.3,,"PRAYING WITH THE CHURCH 2002 july - september 2001,no.3",2004,PERIODICAL,
112,248.305P8982002no.3c.1,,"PRAYING WITH THE CHURCH 2002 july - september 2002,no.3",2003,PERIODICAL,
,248.305P8982002no.3c.2-3,,"PRAYING WITH THE CHURCH 2002 july - september 2002,no.3(number of copies 3)",2003,PERIODICAL LIB2 (Duplicate copies),
115,248.305P8982004no.3c.1,,"PRAYING WITH THE CHURCH 2004 july - september 2003,no.3",2003,PERIODICAL,
,248.305P8982004no.3c.2,,"PRAYING WITH THE CHURCH 2004 july - september 2003,no.3(number of copies 2)",2003,PERIODICAL LIB2 (Duplicate copies),
116,248.305P8982005no.3,,"PRAYING WITH THE CHURCH 2005 july - september 2004,no.3",2004,PERIODICAL,
117,248.305P8982005no.4,,"PRAYING WITH THE CHURCH 2006 july - december  2005,no.4",2005,PERIODICAL,
118,248.305P8982006no.3c.1,,"PRAYING WITH THE CHURCH 2007 july - september 2006,no.3",2006,PERIODICAL,
,248.305P8982006no.3c.2,,"PRAYING WITH THE CHURCH 2007 july - september 2006,no.3(number of copies 2)",2006,PERIODICAL LIB2 (Duplicate copies),
119,248.305P8982007no.3c.1,,"PRAYING WITH THE CHURCH 2008 july - september 2007,no.3",2002,PERIODICAL,
,248.305P8982007no.3c.2,,"PRAYING WITH THE CHURCH 2008 july - september 2007,no.3(number of copies 2)",2002,PERIODICAL LIB2 (Duplicate copies),
397,248.3P898,,PRAYING WITh the First Companions : reflections and prayers on the Jubilee Year of the First Jesuits,n.d.,Filipiniana,
440,248.43P898,,PRAYING WITh the First Companions : reflections and prayers on the Jubilee Year of the First Jesuits,n.d.,Filipiniana,
250,220.6F958,Reginald H. Fuller,Preaching the Lectionary: The Word of God for the Church Today,1984,THEOLOGY,
870,248.4L315,"Jean Laplace, S.J.",PREPARING FOR SPIRITUAL DIRECTION,1975,SPIRITUALITY,
93,264D719,Daniel Donovan,PREPARING FOR WORSHIP : sundays and feast days - cycle C,1994,THEOLOGY,
226,,Michael J. Buckley,"Priesthood and Society: Vocations, Recruitment, and Formation  vol. 2,no.16",1972,PERIODICAL,
59,234.2N514,Victor S. Nicdao et Al.,PRIESTHOOD AND THE PRESBYTER: Priesthood in Christ and the Presbyter in the Church,1986,Filipiniana,
497,246.02P933,"J. R. Sheets, S.J.",PRIESTLY SPIRITUALITY AND THE EUCHARIST,1977,SPIRITUALITY,
86,262.14Su36,Emmanuel Cardinal Suhard,PRIESTS AMONG MEN : the essential nature of the priesthood and the priestly mission in the modern social order,1960,THEOLOGY,
452,291.13P935,,PRIMER OF NEW AGE / prepared for the Catholic Bishops Conference of the Philippines,2004,Filipiniana,
290,248.4P268,Ricardo J. Cardinal Vidal,PRIMER ON 1996 BEC RADICAL DISCIPLESHIP,1996,Filipiniana,
312,282.09759P935,,Primer on The Second Plenary Council of the Philippines,1991,Filipiniana,
118,262L146,,PRO MUNDI VITA: THE LAITY AND THE EXTRAORDINARY SYNOD 1985,1985,THEOLOGY,
209,230Or82,Ladislas M. Orsy,PROBING THE SPIRIT : a theological evaluation of communal discernment,1976,THEOLOGY,
362,262.15P941,,PROCEEDINGS of the CEBU ARCDIOCESAN CONGRESS OF THE LAITY,2003,Filipiniana,
249,262.13P941,,PROCEEDINGS of the CEBU ARCDIOCESAN PRIESTS' CONGRESS,2002,Filipiniana,
181,252F444,"Joseph Fichtner, O.S.C.",PROCLAIM HIS WORD : homilies themes for Sunday and holydays ( volume 11 : cycle A ),1974,THEOLOGY,
138,263.8H240,Maria Harris,PROCLAIM JUBILEE! : A Spirituality for the twenty-first Century,1996,SPIRITUALITY,
580,289.3Al863,Miguel M. Alvarez,Profiles : St. Thomas More ; St. Pius x,n.d.,Filipiniana,
440,289.7L721,"Edward Leen, C.S.SP",PROGRESS THROUGH MENTAL PRAYER : Sheed and Ward,1935,SPIRITUALITY,
76,248.05 P943,,PROGRESSIO,1996,PERIODICAL,
308,"248.05P943,n.60",,"PROGRESSIO : An International Presence: CLC at the UN — The CLC-NGO Working Group in New York, Supplement No. 60",2005,PERIODICAL,
305,"248.05P943,n.1-2",,PROGRESSIO : Building Bridges no.1,2002,PERIODICAL,
300,"248.05P943,n.3c.1",,PROGRESSIO : Editorial  1996 no.3,1996,PERIODICAL,
301,"248.05P943,n.3c.2",,PROGRESSIO : Editorial  1996 no.3,1996,PERIODICAL,
312,"248.05P943,n.52-53",,PROGRESSIO : Josée Gsell: An Ignatian Woman nos.52 - 53,1999,PERIODICAL,
302,"248.05P943,n.1-2",,PROGRESSIO : Looking back Moving forward nos.1-2,1999,PERIODICAL,
313,"248.05P943,n.54-55",,PROGRESSIO : The Magis Program noa.54-55,2000,PERIODICAL,
309,"248.05P943,n.63",,"PROGRESSIO : XV CLC General Assembly, Fatima 2008: Supplement No. 63",2008,PERIODICAL,
311,"248.05P943,n.47-49c.1",Bethy Oudot,PROGRESSIO: Guidelines for Prayer from the School of St. Ignatius nos. 47-48-49 (c.1),1997,PERIODICAL,
,"248.05P943,n.47-49c.2",Bethy Oudot,PROGRESSIO: Guidelines for Prayer from the School of St. Ignatius nos. 47-48-49 (number of copies 2),1997,PERIODICAL LIB2 (Duplicate copies),
303,"248.05P943,n.1-2",,PROGRESSIO: Pondering and Thanksgivinh nos.1-2,2000,PERIODICAL,
306,"248.05P943,n.57","John English, S.J.","PROGRESSIO: Twenty-Four Spiritual Exercises for the New Story of Universal Communion, supplement no.57",2002,PERIODICAL,
307,"248.05P943,n.58",,"PROGRESSIO: XIVth CLC General Assembly, Fatima 2003: Supplement No. 58",2003,PERIODICAL,
304,"248.05P943,n.1-2",,PROGRESSIO:CLC and Social reality nos. 1-2,2001,PERIODICAL,
56,362.1962P943c.1,,PROJECT BALIK BUHAY,,FILIPIANA (LIBRARY 2),
57,362.1962P943c.2,,PROJECT BALIK BUHAY,,FILIPIANA (LIBRARY 2),
58,362.1962P943c.3,,PROJECT BALIK BUHAY,,FILIPIANA (LIBRARY 2),
59,362.1962P943c.4,,PROJECT BALIK BUHAY,,FILIPIANA (LIBRARY 2),
40,248P945,,PROPHETS FOR THE THIRD MILLENNIUM,1990,,
149,204P946,,PROTESTANTS AND CATHOLICS ON THE SPIRITUAL LIFE,1965,SPIRITUALITY,
10,,Giovanna Magi,PROVINCE ,2003,SPECIAL COLLECTION LIB 2,
19,,Zertifikat Deutsch ,Prüfungstraining,2008,SPECIAL COLLECTION LIB 2,
132,223.2B734,Leslie F. Brandt,PSALMS / NOW,1973,SPIRITUALITY,
7,248.8 St455,"E. Mark Stern, Burt G. Marino",PSYCHO THEOLOGY : discovery of sacredness in humanity,1970,THEOLOGY,
2,261.83C811,"Charles J. D. Corcoran, O.P.",PSYCHOLOGY OF THE CHARISMATIC RENEWAL,1981,SPIRITUALITY,
122,248.305P8982003no.5,,"PTAYER AND SERVICE  October- december 2003,no.4",2005,PERIODICAL,
123,248.305P8982006no.4,,"PTAYER AND SERVICE  October- december 2006,no.4",2006,PERIODICAL,
,,Utanislas Lyonnet,PULONG UG KINABUHI ,,,
1,266.2D340,NAS PEGADAS DE XAVIER,PURSUING THE DREAM,1990,SPECIAL COLLECTION,
449,252.3092C337,ANDREW F. CERVINI S.J.,QUARTERMASTERS FOR CHRIST: THE LIFE OF THE JESUIT BROTHERS,,Filipiniana,
85,220.076M136,"Francis J. McCool, S.J.",QUESTIONS on the BIBLE,1962,BIBLICAL STUDIES,
632,248.3H276,"David J. Hassel, S.J.","RADICAL PRAYER : Creating a welcome for God, ourselves ,other people and the world",1983,SPIRITUALITY,
77,423R159c.1,,RANDOM HOUSE WEBSTER'S COLLEGE DICTIONARY,1992,GEN-REF2,
80,423R159c.2,,RANDOM HOUSE WEBSTER'S COLLEGE DICTIONARY,1991,GEN-REF2,
65,759.5B388,James Beck,RAPHAEL THE STANZA DELLA SEGNATURA,1993,GEN-REF2,
155,220.07M363,George Martin,Reading scripture as the word of God : practical approaches and attitudes ( word of life),1975,BIBLICAL STUDIES,
917,248.4G214c.1,Francesco Rossi de Gasperis S.J.,READING THE BIBLE AS A SPIRITUAL EXERCISE,1993,SPIRITUALITY,
918,248.4G214c.2,Francesco Rossi de Gasperis S.J.,READING THE BIBLE AS A SPIRITUAL EXERCISE,1993,SPIRITUALITY,
138,255.5R227,,READINGS FROM THE CONSTITUTIONS OF THE SOCIETY OF JESUS,1969,General Reference,
143,255.5R227,,READINGS FROM THE CONSTITUTIONS OF THE SOCIETY OF JESUS,,General Reference,
167,282.092Sch861,"John N. Schumacher, S.J.",READINGS IN JESUIT HISTORY AND SPIRITUALITY,1998,SPIRITUALITY,
652,248.2D340,"Rev. A. de Mello, S.J.",READINGS ON THE SPIRITUAL EXERCISES,,SPIRITUALITY,
49,641.5622F149,Joanna Farrow,READY STEADY COOK FOR KIDS,2006,GEN-REF2,
542,248.2Se689,"Antonin Sertillanges, O.P.",RECOLLECTION,1950,SPIRITUALITY,
552,264.023D340,Pedro S. de Achutegui,RECONCILIATION: The 1983 synod of Bishops,1983,Filipiniana,
27,813.52K288,Steven G. Kellman,REDEMPTION: THE LIFE OF HENRY ROTH,2005,REFERENCE (Library 2),
34,262.91R247,,REDEMPTIONIS DONUM : APOSTOLIC EXHORTATION OF HIS HOLINESS POPE JOHN PAUL II TO MEN AND WOMEN RELIGIOUS ON THEIR CONSECRATION IN THE LIGHT OF THE MYSTERY OF THE REDEMPTION,1984,PAPAL COLLECTION,
68,255R247,,REDEMPTIONIS DONUM : APOSTOLIC EXHORTATION OF HIS HOLINESS POPE JOHN PAUL II TO MEN AND WOMEN RELIGIOUS ON THEIR CONSECRATION IN THE LIGHT OF THE MYSTERY OF THE REDEMPTION,1984,PAPAL COLLECTION,
151,264.02R247,,REDEMPTIONIS SACRAMENTUM On Certain Matters to be Observed or to be Avoided Regarding the Most Holy Eucharist ( Congregation for Divine Worship and the Discipline of the Sacrament ) Instruction,2004,Filipiniana,
77,232.9R247,,REDEMPTOR HOMINIS : ENCYCLINAL LETTER OF HIS HOLINESS POPE JOHN PAUL II ON THE MYSTERY OF REDEMPTION AND TH EDIGNITY OF MAN,,PAPAL COLLECTION,
35,262.91R248,,REDEMPTORIS MATER ENCYCLICAL LETTER OF THE SUPREME PONTIFF JOHN PAUL II ON THE BLESSED VIRGIN MARY IN THE LIFE OF THE PILGRIM CHURCH,1987,PAPAL COLLECTION,
372,232.9R247,"William J. Malley, S.J.","Redemtionis Donum REFLECTIONS ON ""The Gift of the Redemption""",1986,Filipiniana,
567,232B744,Eamonn Bredin,REDISCOVERING JESUS CHALLENGE OF FRIENDSHIP,1985,Filipiniana,
156,248.3405Sp4851981,John Carroll Futrell,REFLECTION ON SOME ISSUES IN: JESUIT SPIRITUALITY TODAY,1981,PERIODICAL,
93,248.4Ar699,"Fr. Pedro Arrupe, S.J.",REFLECTIONS & REMEMBRANCES : ten years after his death,19?,SPIRITUALITY,
229,271.53092F268,"Fr. Pedro Arrupe, S.J.",Reflections & remembrances : ten years after his death,n.d.,Filipiniana,
103,262M366,Carlo Cardinal Martini,REFLECTIONS ON THE CHURCH : meditations on Vatican II,1987,THEOLOGY,
866,248.4N481,"Robert R. Newton, S.J.",REFLECTIONS ON THE EDUCATIONAL PRINCIPLES OF THE SPIRITUAL EXERCISES,1975,SPIRITUALITY,
6,223.6L585 c.1,C.S. Lewis,REFLECTIONS ON THE PSALMS,1961,SPIRITUALITY,
7,223.6L585 c.2,C. S. Lewis,REFLECTIONS ON THE PSALMS ( lacking pages),1961,SPIRITUALITY,
241,234.161R259,"Paul S. Fiddes, editor",Reflections on the water : Uderstanding God and the World through the Baptism of Believers,1996,THEOLOGY,
560,242.3M297,"George A. Maloney, S.J.",REFLECTIVE WRITING,1979,SPIRITUALITY,
87,370.71P25,PILAR PARÍS (COORD.),REFLEXIONEMOS PARA EDUCAR MEJOR,1999,SPECIAL COLLECTION,
163,248.05W364r,,REFOUNDING: CHURCH AND SPIRITUALITY,2001,PERIODICAL,
20,,Herausgegeben ,REISE zur MITTE DER WELT,,SPECIAL COLLECTION LIB 2,
32,959.9C445,"PEDRO CHIRINO, S.J.",RELACION DE LAS ISLAS FILIPINAS / THE PHILIPPINES 1600,1969,SPECIAL COLLECTION,
498,248.4N206,Watchamn Nee,RELEASE OF THE SPIRIT,1993,SPIRITUALITY,
126,200.9730903B976,Jon Butler,RELIGION IN COLONIAL AMERICA v.1,2000,General Reference,
961,291.4O55,Diarmuid O' Murchu,RELIGION IN EXILE : A spiritual homecoming,2000,SPIRITUALITY,
139,306.6B830,Steve Bruce,RELIGION IN THE MODERN WORLD FROM CATHEDRALS TO CULTS,1969,General Reference,
151,200.973B215,Randall Balmer,RELIGION IN TWENTIETH CENTURY AMERICA,1999,General Reference,
489,248.4Iv32c.1,Francisco Ivern,RELIGIOUS AND THE INTEGRAL DEVELOPMENT OF MAN,1978,SPIRITUALITY,
490,248.4Iv32c.2,Francisco Ivern,RELIGIOUS AND THE INTEGRAL DEVELOPMENT OF MAN,1978,SPIRITUALITY,
722,248.8R279,,RELIGIOUS LIFE,,SPIRITUALITY,
38,282.960959D340,"Pedro S. de Achutegui, S.J",Religious Revolution in the Philippines The Life and Church of Gregorio Aglipay 1860-1960,1960,Filipiniana,
690,261.5F75,"John C. Ford, S.J.",RELIGIOUS SUPERIORS SUBJECT AND PSYCHIATRIST,1963,SPIRITUALITY,
358,282.0925B648 c.1,Rafael N. Borromeo S.J,Remembering at Eighty-Eight : memoirs of a Jesuit,2019,Filipiniana,
359,282.0925B648c.2,Rafael N. Borromeo S.J,Remembering at Eighty-Eight : memoirs of a Jesuit,2019,Filipiniana,
,282.0925B648c.3,Rafael N. Borromeo S.J,Remembering at Eighty-Eight : memoirs of a Jesuit (number of copies 3 ),2020,Filipiniana (Duplicate copies),
380,270.092K913,James H. Kroeger,"Remembering Our Bishop Joseph W. Regan, M.M.",1998,Filipiniana,
21,SP2012,,RESOURCES FOR LIFE AFTER CANCER : Educationa; support meetings,2012,VERTICAL FILE,
42,302.2023R313,,RESUMES FOR COMMUNICATION CAREERS,2003,GEN-REF2,
385,226.7H384c.1,"Herman Hendrickx, c.i.c.m.",RESURRECTION NARRATIVES,1978,Filipiniana,
386,226.7H384c.2,"Herman Hendrickx, c.i.c.m.",RESURRECTION NARRATIVES,1978,Filipiniana,
75,248.4R291,"JESÚS RENAU, S.J.",RETIRO DE ORACIÓN,1994,SPECIAL COLLECTION,
438,254.609595R315,,RETREAT HOUSES AND SPIRITUALITY CENTERS IN THE PHILIPPINES,1986,Filipiniana,
518,271.53092C355,"John Chambers, S.J.",Return to Lepers' Isle 1992-1995,2003,Filipiniana,
610,248.823C355,"John Chambers, S.J.",Return to Lepers' Isle 1992-1995,2003,Filipiniana,
456,261.243G875,Bede Griffiths,RETURN TO THE CENTER,1976,SPIRITUALITY,
315,248.2K38, ,"REUPHOLSTERED PSALMS II MORE JOYFUL, MOURNFUL NOISES",2022,SPIRITUALITY,
382,223.206K38,GREG KENNEDY SJ,REUPHOLSTERED PSALMS III THE HARD ROAD UP TOI HALLELUJAH,2022,SPIRITUALITY,
184,227.6G914,Dr. William Grossouw,REVELATION AND REDEMPTION :  a sketch of the theology of St. John,1955,BIBLICAL STUDIES,
946,248.4B46,Mason Betha,REVELATIONS : There's light after the lime,2001,SPIRITUALITY,
166,"248.305C333,2005",,REVIEW FOR RELIGIOUS  :  A journal of catholic spirituality,2005,PERIODICAL,
131,248.305C333v.31,,"REVIEW OF IGNATIAN SPIRITUALITY :  Refounding  XXXI, i . 2000,no.93",2000,PERIODICAL,
130,248.305C333v.30,,"REVIEW OF IGNATIAN SPIRITUALITY : A wa to God  XXX, i . 1999,no.91",1999,PERIODICAL,
139,248.305C333v.33,,"REVIEW OF IGNATIAN SPIRITUALITY : Doing ignatian spiritualty  XXXIII, i . 2002, no.101",2002,PERIODICAL,
134,248.305C333v.33,,"REVIEW OF IGNATIAN SPIRITUALITY : Exercises and patnership XXXIII, i . 2002, no.99",2002,PERIODICAL,
135,248.305C333v.35,,"REVIEW OF IGNATIAN SPIRITUALITY : Finding the church XXXV, i . 2004, no.105 (c.1)",2004,PERIODICAL,
136,248.305C333v.35,,"REVIEW OF IGNATIAN SPIRITUALITY : Finding the church XXXV, i . 2004, no.105 (c.2)",2004,PERIODICAL,
133,248.305C333v.32,,"REVIEW OF IGNATIAN SPIRITUALITY : Frends in mission  XXXII, i . 2001,no.96",2001,PERIODICAL,
141,"248.305C333,no.89",,REVIEW OF IGNATIAN SPIRITUALITY : Friends in the lord no.89,,PERIODICAL,
132,248.305C333v.31,,"REVIEW OF IGNATIAN SPIRITUALITY : Giving exercises notes three XXXI, i . 2000, no.94",2000,PERIODICAL,
140,248.305C333v.35,,"REVIEW OF IGNATIAN SPIRITUALITY : Religious catholic practice and ignatian spirituality XXXV, iii . 2004, no.107",2004,PERIODICAL,
138,248.305C333v.34,,"REVIEW OF IGNATIAN SPIRITUALITY : Reports & retorts XXXIV, i . 2003, no.104",2003,PERIODICAL,
137,248.305C333v.30,,"REVIEW OF IGNATIAN SPIRITUALITY : The ministry of exercises  XXX, i . 1999, no.90 ",1999,PERIODICAL,
125,"248.305C333,1999/2000",,REVIEW OF IGNATIAN SPIRITUALITY DIRECTORY 1999/2000,2000,PERIODICAL,
126,248.305C333 v.32c.1,,REVIEW OF IGNATIAN SPIRITUALITY DIRECTORY 2001,2001,PERIODICAL,
,248.305C333 v.32c.2,,REVIEW OF IGNATIAN SPIRITUALITY DIRECTORY 2001 (number of copies 2),2001,PERIODICAL LIB2 (Duplicate copies),
127,248.305C333v.33c.1,,REVIEW OF IGNATIAN SPIRITUALITY DIRECTORY 2002,2002,PERIODICAL,
,248.305C333v.33c.2,,REVIEW OF IGNATIAN SPIRITUALITY DIRECTORY 2002 (number of copies 2),2002,PERIODICAL LIB2 (Duplicate copies),
128,248.305C333v.34,,REVIEW OF IGNATIAN SPIRITUALITY DIRECTORY 2003,2003,PERIODICAL,
129,248.305C333v.35c.1,,REVIEW OF IGNATIAN SPIRITUALITY DIRECTORY 2004,2004,PERIODICAL,
,248.305C333v.35c.2,,REVIEW OF IGNATIAN SPIRITUALITY DIRECTORY 2004 (number of copies 2),2004,PERIODICAL LIB2 (Duplicate copies),
82,248.3405 R325 1990,,REVIEW OF IGNATIAN SPIRITUALITY vol.28,2000,PERIODICAL,
83,248.3405R325,,REVIEW OF IGNATIAN SPIRITUALITY vol.29,1998,PERIODICAL,
278,,,"Review of Ignatian Spirituality: The Grace of the 35th General Congregation ,vol.37, no.133",2006,PERIODICAL,
132,282.599092Ob62,Niall O'brien,Revolution from the Heart : the extraordinary record of a priest's life and work among the poor of the Philippine sugarlands foreword by the Rev. Theodore M. Hesburgh,1987,Filipiniana,
31,282.599Sch861,"John N. Schumacher, S.J.","REVOLUTIONARY CLERGY The Filipino Clergy and the Nationalist Movement, 1850-1903",1981,Filipiniana,
84,660W168,Thomas Walsh,RHE CATHOLIC ANTHOLOGY : The world's great catholic poetry,1993,REFERENCE (Library 2),
52,822.91D289,Gordon Daviot,RICHARD OF BORDEAUX ,1935,REFERENCE (Library 2),
142,264R511V,,RITE OF BAPTISM FOR CHILDREN,1969,THEOLOGY,
122,265.6R511,,RITE OF PENANCE,1975,THEOLOGY,
615,264.03R518,,RITUAL FOR PRIESTS ,1685,Filipiniana,
169,282.092Ed951,"Francis Edwards, S.J",ROBERT PERSONS : the biography of an Elizabeth Jesuit 1546-1610,,General Reference,
60,833.912W168,Robert Walser,ROBERT WALSER GESCHWISTER TANNER ROMAN,1986,REFERENCE (Library 2),
715,248.2D568,Hannibal M. Di Francia,ROGATIONIST ANTHOLOGFY,1985,SPIRITUALITY,
538,282.092H124,"SCOTT HAHN, KIMBERLY HAHN",ROME SWEET HOME: OUR JOURNEY TO CATHOLICISM,1993,Filipiniana,
202,271.53R664,prepared by Jesuit Guest Bureau,ROME: A JESUIT CITY TOO,n.d.,THEOLOGY,
8,242.74R712,,ROSARIUM VIRGINIS MARIAE (The rosary of the virgin mary) ,2002,PAPAL COLLECTION,
82,282.092 B290,,Rose Philippine Duchesne,n.d.,Filipiniana,
1,Sch161,Simon Schama,ROUGH CROSSINGS,2005,FICTION,
11,248.4C619c.1,JEAN CLÉMENCE,RYTHME ET STRUCTURE DU PROGRES SPIRITUEL D'APRES LES EXERCICES IGNATIENS,1982,SPECIAL COLLECTION,
12,248.4C619c.2,JEAN CLÉMENCE,RYTHME ET STRUCTURE DU PROGRES SPIRITUEL D'APRES LES EXERCICES IGNATIENS,1982,SPECIAL COLLECTION,
147,271.530092C823,"MAURIZIO COSTA, S.J.",S. IGNAZIO DI LOYOLA AUTOBIOGRAFIA,1991,SPECIAL COLLECTION,
136,    248.22J974,ANTONIO QUERALT - MANUEL RUIZ JURADO,S. TERESA D'AVILA E S. IGNACIO DI LOYOLA DUE SPIRITUALITÀ A CONFRONTO,1983,SPECIAL COLLECTION,
147,248.29M296,"William J. Malley, S.J.",S.T IGNATIUS OF LOYOLA : Exemplar for Christian Educators,1989,SPIRITUALITY,
332,242.2Sa11,RENATO L. PAREJA,SA PAANAN NG PANGINOON,2001,Filipiniana,
134,248.2N856,Henri J.M. Nouwen,SABBATICAL JOURNEY  : The diary of his final year ,1998,SPIRITUALITY,
69,253Sa142,,SACERDOTALIS CAELIBATUS : ENCYCLINAL LETTER OF HIS HOLINESS OPPE PAUL VI IN PRIESTLY CELIBACY,1967,PAPAL COLLECTION,
68,226.2007H237c.2,Luke Timothy Johnson,Sacra Pagina: The Gospel of  Matthew,1991,BIBLICAL STUDIES,
66,226.5077M738,"Francis J. Moloney, S.D.B.",Sacra Pagina: The Gospel of John ,1989,BIBLICAL STUDIES,
153,226.4066J630c.1,Luke Timothy Johnson,Sacra Pagina: The Gospel of Luke,1991,BIBLICAL STUDIES,
154,226.4066J630c.2,Luke Timothy Johnson,Sacra Pagina: The Gospel of Luke,1991,BIBLICAL STUDIES,
67,226.2007H237c.1,Luke Timothy Johnson,Sacra Pagina: The Gospel of Matthew,1991,BIBLICAL STUDIES,
94,239M459,George McCauley,SACRAMENTS FOR SECULAR MAN,1969,THEOLOGY,
51,203Sa148 v.5 c.1,"Karl Rahner, editor",SACRAMENTUM MUNDI: An Encyclopedia of Theology — Volume Five ( Philosophy to Salvation ),1970,General Reference,
57,203Sa148 v.5 c.2,"Karl Rahner, editor",SACRAMENTUM MUNDI: An Encyclopedia of Theology — Volume Five ( Philosophy to Salvation ),1970,General Reference,
52,203Sa148 v.4 c.1,"Karl Rahner, editor",SACRAMENTUM MUNDI: An Encyclopedia of Theology — Volume Four ( Matter to Phenomenology),1969,General Reference,
58,203Sa148 v.4 c.2,"Karl Rahner, editor",SACRAMENTUM MUNDI: An Encyclopedia of Theology — Volume Four ( Matter to Phenomenology),1969,General Reference,
55,203Sa148 v.1 c.1,"Karl Rahner, editor",SACRAMENTUM MUNDI: An Encyclopedia of Theology — Volume One ( Absolute and Contingent to Constantinian Era),1968,General Reference,
61,203Sa148 v.1 c.2,"Karl Rahner, editor",SACRAMENTUM MUNDI: An Encyclopedia of Theology — Volume One ( Absolute and Contingent to Constantinian Era),1968,General Reference,
50,203Sa148 v.6 c.1,"Karl Rahner, editor",SACRAMENTUM MUNDI: An Encyclopedia of Theology — Volume Six (  Scandal to Zionism),1970,General Reference,
56,203Sa148 v.6 c.2,"Karl Rahner, editor",SACRAMENTUM MUNDI: An Encyclopedia of Theology — Volume Six (  Scandal to Zionism),1970,General Reference,
53,203Sa148 v.3 c.1,"Karl Rahner, editor",SACRAMENTUM MUNDI: An Encyclopedia of Theology — Volume Three ( Habitus to Materialism ),1969,General Reference,
59,203Sa148 v.3 c.2,"Karl Rahner, editor",SACRAMENTUM MUNDI: An Encyclopedia of Theology — Volume Three ( Habitus to Materialism ),1969,General Reference,
54,203Sa148 v.2 c.1,"Karl Rahner, editor",SACRAMENTUM MUNDI: An Encyclopedia of Theology — Volume Two ( Contrition to Grace and Freedom),1968,General Reference,
60,203Sa148 v.2 c.2,"Karl Rahner, editor",SACRAMENTUM MUNDI: An Encyclopedia of Theology — Volume Two ( Contrition to Grace and Freedom),1968,General Reference,
6,264.23Sa149,,SACRED CONGREGATION FOR DIVINE WORSHIP DIRECTORY FOR MASSES WITH CHILDREN,,GEN-REF2,
79,269.2In784,,SACRED CONGREGATION FOR RELIGIOUS AND FOR SECULAR INSTITUTES : INSTRUCTION ON THE RENEWAL OF RELIGIOUS FORMATION,n.d.,Filipiniana,
190,261.83In784,,"Sacred Congregation for the Doctrine of the Fiath : INSTRUCTION ON CERTAIN ASPECTS OF THE "" THEOLOGY OF LIBERATION""",1984,THEOLOGY,
,,,SACRED SPACE THE PRAYER BOOK 2011 : Daily prayer from the irish jesuits (number of copies 13),2013,SPIRITUALITY Library 2 ,
,,,SACRED SPACE THE PRAYER BOOK 2012 : Daily prayer from the irish jesuits (number of copies 5),2011,SPIRITUALITY Library 2 ,
,,,SACRED SPACE THE PRAYER BOOK 2014 : Daily prayer from the irish jesuits (number of copies 20),2013,SPIRITUALITY Library 2 ,
105,069.3Sa151,,SADBERK HANIM MUSEUM,1995,GEN-REF2,
574,248.3D393c.1,"Anthony de Mello, S.J.",SADHANA : A   way to God,1978,SPIRITUALITY,
575,248.3D393c.2,"Anthony de Mello, S.J.",SADHANA : A   way to God,1978,SPIRITUALITY,
576,248.3D393c.3,"Anthony de Mello, S.J.",SADHANA : A   way to God,1978,SPIRITUALITY,
577,248.3D393c.4,"Anthony de Mello, S.J.",SADHANA : A   way to God,1978,SPIRITUALITY,
578,248.3D393c.5,"Anthony de Mello, S.J.",SADHANA : A   way to God,1978,SPIRITUALITY,
579,248.3D393c.6,"Anthony de Mello, S.J.",SADHANA : A   way to God,1978,SPIRITUALITY,
580,248.3D393c.7,"Anthony de Mello, S.J.",SADHANA : A   way to God,1978,SPIRITUALITY,
581,248.3D393c.8,"Anthony de Mello, S.J.",SADHANA : A   way to God,1978,SPIRITUALITY,
,248.3D393c.9 - 14,"Anthony de Mello, S.J.",SADHANA : A   way to God  (number of copies 14),1978,SPIRITUALITY Library 2 (Duplicate copies),
195,282.0922Un27,Sigrid Undset,SAGA OF SAINTS,1934,SPIRITUALITY,
142,282.092T142,"Francis Xavier Talbot, S.J.",SAINT AMONG THE HURONS,1949,SPIRITUALITY,
610,242L329,Raymond E. F. Larson,SAINT AT PRAYER,1941,SPIRITUALITY,
161,282.092D370,Agnes De La Gorce,SAINT BENEDICT JOSEPH LABRE,1952,SPIRITUALITY,
647,271.3024B633,Leonardo Boff,SAINT FRANCIS : A model for human liberation ,1982,SPIRITUALITY,
128,255.5Sa221,Saint Ignatius of Loyola,SAINT IGNATIOUS OF LOYOLA : THE CONSTITUTIONS OF THE SOCIETY OF JESUS,1970,General Reference,
11,271.53H726,Christopher Hollis,Saint Ignatius,1931,SPIRITUALITY,
379,271.53092R129,Hugo Rahner  S.J,SAINT IGNATIUS LOYOLA : Letters to women,1960,SPIRITUALITY,
81,921W520,V. Sackville - West,SAINT JOAN OF ARC,1936,SPIRITUALITY,
407,271.62B279c.1,"A.M. Barry, R.S.C.J.",SAINT MADELEINE SOPHIE : Foundress of the society of the sacred heart,1959,SPIRITUALITY,
408,271.62B279c.2,"A.M. Barry, R.S.C.J.",SAINT MADELEINE SOPHIE : Foundress of the society of the sacred heart,1959,SPIRITUALITY,
907,289.3Sa221,"Leonard Foley, O.F.M.",SAINT OF THE DAY VOL. 2,1975,SPIRITUALITY,
46,704.94863G438,Rosa Giorgi,Saints and Their Symbols,2012,General Reference,
92,R952,P.E Ryan,Saints of agustine,2007,FICTION,
95,271.5302Sa221,Thomas M. Lucas,"SAINTS, SITE AND SACRED STRATEGY : IGNATIUS , ROME, AND JESUITS URBANISM",1990,General Reference,
64,231.6Sa391,,SALVIFIA DOLORS : APOSTOLIC LETTER OF HIS HOLINESS POPE JOHN PAUL II OF HUMAN SUFFERING,1986,PAPAL COLLECTION,
65,231.6Sa391,,SALVIFIA DOLORS : APOSTOLIC LETTER OF HIS HOLINESS POPE JOHN PAUL II OF HUMAN SUFFERING,1986,PAPAL COLLECTION,
127,  248.4V717,ALEJANDRO ROLDAN VILLER S.I.,SAN IGNACIO DE LOYOLA A LA LUZ DE LA TIPOLOGIA,1980,SPECIAL COLLECTION,
129,   248.4Sa51,,SAN IGNACIO DE LOYOLA A LA LUZ DE LA TIPOLOGIA,1980,SPECIAL COLLECTION,
39,248.4Sa51,,SAN IGNACIO DE LOYOLA OBRA COMPLETAS,1982,SPECIAL COLLECTION,
103, 271.53C139,"JOSÉ CALVERAS, S.J.",SAN IGNACIO EN MONTSERRAT Y MANRESA,1956,SPECIAL COLLECTION,
145,    248.4Sa559,,SANCTI IGNATII DE LOYOLA EXERCITIA SPRITUALIA,1969,SPECIAL COLLECTION,
803,248.4V26,Dom Hubert Van Zeller,SANCTITY IN OTHER WORDS : A representation for beginners,,SPIRITUALITY,
1,,Hueber Verlag,SCHRITTE 5 INTERNATIONAL,2007,SPECIAL COLLECTION LIB 2,
239,261.55Sci271,"Murray Rae, editor",Science and Theology : Questions at the interface,2003,THEOLOGY,
101,503Sci271,,SCIENCE ENCYCLOPEDIA,2004,GEN-REF2,
43,L585,C.S Lewis,SCREWTAPE PROPOSES A TOAST AND OTHER PIECES,1959-1965,FICTION,
18,232.91H124,"Scott Hahn, editor",SCRIPTURE AND THE MYSTERY OF THE MOTHER OF GOD : catholic for a reason II,2006,SPIRITUALITY,
168,226G136c.1,"John Gallen , S.J",SCRIPTURE SERVICES,1963,THEOLOGY,
169,226G136c.2,"John Gallen , S.J",SCRIPTURE SERVICES,1963,THEOLOGY,
,226G136c.3 - 5,"John Gallen , S.J",SCRIPTURE SERVICES (number of copies 6),1963,THEOLOGY (duplicate copies),
53,822K847,Jules Koslow,SEAN O' CASEY THE MAN AND HIS PLAYS,1966,REFERENCE (Library 2),
334,271.73024H222,Richard P. Hardy,SEARCH FOR NOTHING THE LIFE OF JOHN OF THE CROSS,1982,SPIRITUALITY,
468,248.34B793,"Timothy Brosnahan, S.J.",SEARCHLIGHTING OURSELVES,1949,SPIRITUALITY,
172,262.52Se242c.1,,"Second Plenary Council of the Philippines ( January 20 - February 17, 1991) DECREES",1992,Filipiniana,
173,262.52Se242c.2,,"Second Plenary Council of the Philippines ( January 20 - February 17, 1991) DECREES",1992,Filipiniana,
174,262.52Se242c.3,,"Second Plenary Council of the Philippines ( January 20 - February 17, 1991) DECREES",1992,Filipiniana,
757,242B664sc.1,"H. Pinard de Boullaye, S.J.","SECOND RETREAT OF H PINARD DE LA BOULLAYE, S.J.",,SPIRITUALITY,
758,242B664sc.2,"H. Pinard de Boullaye, S.J.","SECOND RETREAT OF H PINARD DE LA BOULLAYE, S.J.",,SPIRITUALITY,
260,230Se255,"Dan Burstein, editor",Secrets of the Code: The Unauthorized Guide to the Mysteries Behind The Da Vinci Code,2004,THEOLOGY,
,,Silis Bergin PBVM,Sects or new religious movement  : Pastorasl challenge (2 copies),1986,BOOKLET,
259,248.3D393,"Anthony de Mello, S.J.",SEEK GOD EVERYWHERE : Reflection on the spiritual exercises of S.T Ignatius ,2010,SPIRITUALITY,
551,234.72B279,"William A. Barry, S.J",SEEK MY FACE: prayer as personal relationship in scripture,1991,Filipiniana,
33,253.5D851,"THOMAS DUBAY, S.M.",SEEKING SPIRITUAL DIRECTION: HOW TO GROW THE DIVINE LIFE WITHIN,1993,Filipiniana,
,,Ronald Rolheiser,SEEKING SPIRITUALITY : Guidelines for a christain spirituality for the twenty - first century,,BOOKLET,
622,248.3Sh191,William H. Shannon,SEEKING THE FACE OF GOD,1988,SPIRITUALITY,
61,841.4L133,"Stanley Appelbaum,editor",SELECTED FABLES : A DUAL BOOK LANGUAGE,1997,REFERENCE (Library 2),
82,El44,T.S. Eliot,SELECTED POEMS,1930-1964,FICTION,
28,821Se482,M.L. Rosenthal,SELECTED POEMS AND TWO PLAYS OF WILLIAM BUTLER YEATS,1962,REFERENCE (Library 2),
21,811M588,Thomas Merton,SELECTED POEMS BY THOMAS MERTON,1950,REFERENCE (Library 2),
249,282.092Se482,,SELECTED WRITINGS OF FATHER LEDOCHOWSKI: The american assistancy of the society of jesus,1945,SPIRITUALITY,
35,769.569599Al252,Reynaldo Gamboa Alejandro,SELYO: PHILIPPINE HISTORY IN POSTAGE STAMPS,2000,FILIPIANA (LIBRARY 2),
26,248.4Se599,,SENTIRE CON LA CHIESA',1980,SPECIAL COLLECTION,
58,226Se662,,SERENDIPITY: New Testament for Groups,1988,BIBLICAL STUDIES,
49,226.9H384c.1,"Herman Hendrickx, c.i.c.m.",SERMON ON THE MOUNT,1979,Filipiniana,
50,226.9H384c.2,"Herman Hendrickx, c.i.c.m.",SERMON ON THE MOUNT,1979,Filipiniana,
125,270.2Au456 Pt. 3 v.10,,SERMONS ( The Works of St. Augustine : a translation for the 21st century v.10 (341-400) on various subjects,1990,General Reference,
116,242B912,"Walter J. Burghardt, S.J.",Sermons on theology and life : ALL LOST IN WONDER,1960,THEOLOGY,
121,"270Au456 Pt3, v.7",,SERMONS:THE WORKS OF SAINT AUGUSTINE  ( 230-272B) on the liturgical seasons,1990,General Reference,
119,"270.2Au456 Pt.3, v.4",,SERMONS:THE WORKS OF SAINT AUGUSTINE v.4 (94A-147A) on the new testament,1990,General Reference,
120,"270Au456 Pt.3, v.6",,SERMONS:THE WORKS OF SAINT AUGUSTINE v.6 (184-229Z) on the liturgical seasons,1990,General Reference,
122,"270.2Au456 Pt 3, v. 8",,SERMONS:THE WORKS OF SAINT AUGUSTINE v.8 (273-305 A) on the saints,1990,General Reference,
123,"270.2Au456 Pt.3, v.9",,SERMONS:THE WORKS OF SAINT AUGUSTINE v.9 ( 306-340 A ) on the saints,1990,General Reference,
669,253R129,Karl Rahner,SERVANTS OF THE LORD,1968,SPIRITUALITY,
60,248.4 B912,"Walter J. Burghardt, S.J.",SEVEN HUNGERS OF THE HUMAN FAMILY,1976,THEOLOGY,
34,306.70835Sa971,"Kieran Sawyer, SSND",SEX AND THE TEENAGER: CHOICES AND DECISIONS,1984,REFERENCE (Library 2),
90,C286,Willa Cather,SHADOWS ON THE ROCK,1931,FICTION,
182,265.6H224,Bernard Haring,SHALOM : PEACE : the sacrament of reconciliation,n.d.,THEOLOGY,
81,"
248.3405 C333s",,SHARING EGNATIUS EXPERIENCE : Towards the ignatian Anniversaries 1990 - 1991,1990,PERIODICAL,
71,264.3609015D875,"Xavier Leon-Dufour, S.J.",Sharing the Eucharistic Bread: The Witness of the New Testament,1982,BIBLICAL STUDIES,
458,234.23D540a,"MATTHEW DI MARIA, CMF",SHORT MEDITATIONS ON SUNDAY READINGS CYCLE A,1995,Filipiniana,
459,234.23D540b,"MATTHEW DI MARIA, CMF",SHORT MEDITATIONS ON SUNDAY READINGS CYCLE B,1996,Filipiniana,
460,234.23D540c,"MATTHEW DI MARIA, CMF",SHORT MEDITATIONS ON SUNDAY READINGS CYCLE C,1995,Filipiniana,
35,201.5Ap22,William Apel,SIGNS OF PEACE : the interfaith letters of Thomas Merton,2006,THEOLOGY,
78,128.2C111,,SILENCE AND THE LIBERATION OF CONSCIOUSNESS,1985,FILIPIANA (LIBRARY 2),
15,242P615 c.1,Gerry Pierse CSsR,SILENCE INTO SERVICE,1991,Filipiniana,
16,242P615 c.2,Gerry Pierse CSsR,SILENCE INTO SERVICE,1991,Filipiniana,
17,242P615 c.3,Gerry Pierse CSsR,SILENCE INTO SERVICE,1991,Filipiniana,
18,242P615 c.4,Gerry Pierse CSsR,SILENCE INTO SERVICE,1991,Filipiniana,
405,248.2J641c.1,William Johnston,SILENT MUSIC : The Science of Meditation,1986,Filipiniana,
406,248.2J641c.2,William Johnston,SILENT MUSIC : The Science of Meditation,1986,Filipiniana,
226,248.4 Sa551,"Sanchez, Bo",Simplify and live the good life : how to be really wealthy in all areas of life,2001,Filipiniana,
627,158.1M451,"Gerald May, M.D.",SIMPLY SANE: The spirituality of mental health,1977,SPIRITUALITY,
183,241.3M137,"Patrick McCormick, C.M.",SIN AS ADDICTION,1989,THEOLOGY,
272,242.1G12,James Gaffney,Sin Reconsidered,1983,THEOLOGY,
894,223.9068M297,"George A. Maloney, S.J.",SINGER OF THE NEW SONGS,1985,SPIRITUALITY,
621,271.3T187,Judith Tate O.S.B.,SISTERS FOR THE WORLD,1966,SPIRITUALITY,
30,920.0599Si971,"Asuncion David Maramba,editor",SIX MODERN FILIPINO HEROES,1993,FILIPIANA (LIBRARY 2),
39,613Ir91,"Judy Irwig, Les Irwig, & Melissa Sweet",SMART HEALTH CHOICES HOW TO MAKE INFORMED HEALTH DECISIONS,1999,REFERENCE (Library 2),
717,373.78M831,"Joseph T. McGloin, S.J.",SMILE AT YOUR OWN RISK!,1959,SPIRITUALITY,
,,"Thomas H. Moore, S.J",So You Made A Retreat? ,1959,BOOKLET,
54,226H384,Herman Hendrickx,SOCIAL JUSTICE IN THE BIBLE,1985,Filipiniana,
175,782.1 In821c.1,,SOCIETAS IESU JUNGMANN SOCIETY (The International Jungmann Society for Jesuits and Liturgy 2024 congress ),2024,Filipiniana,
176,782.1 In821c.2,,SOCIETAS IESU JUNGMANN SOCIETY (The International Jungmann Society for Jesuits and Liturgy 2024 congress ),2024,Filipiniana,
154,271.53So135,,SOCIETATIS IESU CONSTITUTIONES ET EPITOME INSTITUTE,1949,SPECIAL COLLECTION,
152,271.53So135,,SOCIETATIS IESU CONSTITUTIONES ET EPITOME INSTITUTI,1949,SPECIAL COLLECTION,
732,241M296,"William J. Malley, S.J.",SOCRATES OF ATHENS :Exemplar for  christian educators,1989,SPIRITUALITY,
37,261.85So46,,SOLLICITUDO REI SOCIALIS : OF THE SUPREME PONTIFF JOHN PAUL II TO THE BISHOPS PRESTS RELIGIOUS FAMILIES SONS AND DAUGHTER OF THE CHURCH ANDALL PEOPLE OF GOOD WILL FOR THE TWENTIETH ANNIVERSARYOF POPURUM PROGRESSIO,,PAPAL COLLECTION,
115,248.3So521,,Some Notes on PRAYER,n.d.,Filipiniana,
362,248.29H656,"Raphael H. Hochhaus, S.J.",SOME NOTES TO FACILITATE THE PERSONAL STUDY OF THE SPIRITUAL EXERCISES OF SAINT IGNATIUS OF LOYOLA,,SPIRITUALITY,
154,248.3405 C333s,,SOME THEOLOGICAL ASPECTS OF IGNATIAN SPIRITUALITY,1985,PERIODICAL,
155,248.3405 C333s,,SOME THEOLOGICAL ASPECTS OF IGNATIAN SPIRITUALITY,1985,PERIODICAL,
326,271.97M891,Malcolm Muggeridge,SOMETHING BEAUTIFUL FOR GOD,1971,SPIRITUALITY,
396,282.09G114,Manuel G. Gabriel ,Sons of San Jose ( The Josefino Spirit : a profile ) A research Project in celebration of the 400th anniversary of San Jose Seminary,2002,Filipiniana,
66,882So66,"Michael Langham,editor",SOPHOCLES : OEDIPUS THE KING ,1972,REFERENCE (Library 2),
129,282.092B953,Katherine Burton,SORROW BUILT A BRIDGE: THE LIFE OF MOTHER ALPHONSA DAUGHTER OF NATHANIEL HAWTHORNE,1956,SPIRITUALITY,
525,200.0979473G569,Carl A. Goldamn,SOUL AND SILICON : Spirit in a High - Tech World,1992,SPIRITUALITY,
78,253.53l516,Kenneth Leech,SOUL FRIEND : A study of spirituality ,1977,SPIRITUALITY,
817,248.32D68,Catherine de Hueck Doherty,SOUL OF MY SOUL : Refletion from a life of prayer,1985,SPIRITUALITY,
509,232.91So842,,SOUNDINGS : Task force on social consciousness and ignataian spirituality,,SPIRITUALITY,
53,641.813So842,,SOUP,2012,GEN-REF2,
74,641.81So843,,SOUPS,1979,GEN-REF2,
193,264.02C472,"Fr. Anscar J. Chupungco, OSB",SOURCE AND SUMMIT : LITURGY AND SPIRITUALITY,2020,Filipiniana,
4,255M112,"Fr. Anscar J. Chupungco, OSB",SOURCE AND SUMMIT LITURGY AND SPIRITUALITY,2020,Filipiniana,
26,,C. Perez,SPANISH ONE : Libro De Ejercicious e español,1978,SPECIAL COLLECTION LIB 2,
324,242.2R710,Rev. Msgr. David E. Rosage,SPEAK LORD YOUR SERVANT IS LISTENING,n.d.,Filipiniana,
385,248.29T612,"Jules J. Toner, S.J.",SPIRIT OF LIGHT OR DARKNESS : A casebook for Studying Discernment of Spirits,1995,SPIRITUALITY,
9,245.6P346c.1,E. Allison Peers,SPIRITUAL CANTICLE,1961,SPIRITUALITY,
10,245.6P346c.2,E. Allison Peers,SPIRITUAL CANTICLE,1961,SPIRITUALITY,
850,248.4Sp485,,SPIRITUAL DIRECTION,,SPIRITUALITY,
977,253.5M558c.1,Thomas Merton,SPIRITUAL DIRECTION & MEDITATION,1960,SPIRITUALITY,
978,253.5M558c.2,Thomas Merton,SPIRITUAL DIRECTION & MEDITATION,1960,SPIRITUALITY,
383,248.482V286,"Francis W. Vanderwall, S.J",SPIRITUAL DIRECTION : An Invitation to Abundant Life,1981,SPIRITUALITY,
901,248.4C898,"Kevin G. Culligan, O.C.D.",SPIRITUAL DIRECTION : Contemporary readings,1983,SPIRITUALITY,
108,253.5M558,Thomas Merton,SPIRITUAL DIRECTION AND MEDITATION,1960,SPIRITUALITY,
592,248.4D856,"Alfred Ducharme, S.J.",SPIRITUAL DISCERNMENT AND COMMUNITY DELIBERAITON,1975,SPIRITUALITY,
55,261.7L694c.1,J.B Libanio,SPIRITUAL DISCERNMENT AND POLITICS : GUIDELINES FOR RELIGIOUS COMMUNITIES,1985,Filipiniana,
56,261.7L694c.2,J.B Libanio,SPIRITUAL DISCERNMENT AND POLITICS : GUIDELINES FOR RELIGIOUS COMMUNITIES,1985,Filipiniana,
333,248.3Sp485 ,,SPIRITUAL EXERCISES,,SPIRITUALITY,
604,248.3Sp485,,SPIRITUAL EXERCISES,,SPIRITUALITY,
805,248.3R129,"Karl Rahner, S.J",SPIRITUAL EXERCISES,1966,SPIRITUALITY,
806,248.3R129c.1,"Karl Rahner, S.J",SPIRITUAL EXERCISES,1965,SPIRITUALITY,
807,248.3R129c.2,"Karl Rahner, S.J",SPIRITUAL EXERCISES,1966,SPIRITUALITY,
437,248.3So891,St. Robert Southwell,SPIRITUAL EXERCISES AND DEVOTIONS,1931,SPIRITUALITY,
694,248.4G588,"T. Gonsalves, S.J.",SPIRITUAL EXERCISES FOR AN EIGHT DAYS RETREAT ,1950,SPIRITUALITY,
228,248.3Sp449c.1,,SPIRITUAL EXERCISES FOR OUR DAY ,1976,PERIODICAL,
,248.3Sp449c.2,,SPIRITUAL EXERCISES FOR OUR DAY (number of copies 2),1976,PERIODICAL LIB2 (Duplicate copies),
335,242Sp485,,SPIRITUAL EXERCISES OF ST. IGNATIUS,,SPIRITUALITY,
398,248.3D381,"Lewis Delmage, S.J.",SPIRITUAL EXERCISES OF ST. IGNATIUS LOYOLA,1968,SPIRITUALITY,
838,248.3F58,"Joseph A. Fitzmyer, S.J.",SPIRITUAL EXERCISES: Based on paul's epistle to the romans,1995,SPIRITUALITY,
443,248.22En361c.1,"John J. English, S.J",SPIRITUAL FREEDOM : From an experience of the ignatian exercises to the art of spiritual direction,1974,SPIRITUALITY,
444,248.22En361c.2,"John J. English, S.J",SPIRITUAL FREEDOM : From an experience of the ignatian exercises to the art of spiritual direction,1974,SPIRITUALITY,
653,248.22En361,"John J. English, S.J",SPIRITUAL FREEDOM : From an experience of the ignatian exercises to the art of spiritual direction,1995,SPIRITUALITY,
399,248.2C312,"J.P De Caussade, S.J.",SPIRITUAL LETTERS,1934,SPIRITUALITY,
539,242Sp485,,SPIRITUAL READINGS FOR YOUNG ADULTS,1960,SPIRITUALITY,
228,242.4Au55,"Jordan Aumann, O.P.",SPIRITUAL THEOLOGY,1982,Filipiniana,
678,248.07Sh436,Philip Sheldrake,SPIRITUALITY & HISTORY : Question of interpretation and method,1992,SPIRITUALITY,
162,248.05W364s,,SPIRITUALITY ACROSS BORDERS,2002,PERIODICAL,
590,266.001R273,Michael Collins Reilly,"Spirituality for mission : historical, theological, and cultural factors for a present-day missionary spirituality",1978,Filipiniana,
414,248So129,Jon Sobrino,SPIRITUALITY OF LIBERATION : Toward Political Holiness,1988,Filipiniana,
154,261.8Sp487,edited by Dennis Murphy,"Spirituality of social action : answers of christians in Asia to the question, ""why do you work with the poor ?""",1984,Filipiniana,
217,261.7Sp487,Cesar R. Ledesma & Ming Espero,"Spirituality, Integral Development, and Democracy",1997,Filipiniana,
207,241.690599G683,Jaime Bulatao. S.J & VITALIANO R. GOROSPE,Split - Level Christianity,1966,Filipiniana,
36,499.21T629,Donald M. Topping,SPOKEN CHAMORRO,1969,REFERENCE (Library 2),
78,954.93Sr31,,SRI LANKA : Ancient ruins & colonial cities,,REFERENCE (Library 2),
620,270.2072W685,Garry Wills,ST AUGUSTINE :  A vivid and memorable portrait of a great and complex heart and mind' Sunday telegraph,1999,SPIRITUALITY,
558,282.092Sa221,,ST. ALOYSIUS,1951,SPIRITUALITY,
196,282.092W210,Maisie Ward,ST. CATHERINE OF SIENNA,1950,SPIRITUALITY,
64,271.8B518,"Miguel A. Bernad, S.J.",ST. FRANCIS XAVIER 1506-1552,1985,Filipiniana,
200,282.75274Sa221,,ST. IGNATIUS MISSION,1977,SPIRITUALITY,
166,271.5382D865,Pere Paul Dudon,ST. IGNATIUS OF LOYOLA,1949,SPIRITUALITY,
153,248.4F472,Francis L. Filas. S.J.,ST. JOSEPH AND DAILY CHRISTIAN LIVING,1959,SPIRITUALITY,
54,227.6L626,J.B Lightfoot,ST. PAULS EPISTLE TO THE PHILIPPIANS,1981,BIBLICAL STUDIES,
407,242.3Sa221,,"St. Therese and the priesthood ( Death Centenary of St. Therese of the Child Jesus 1897 September 30, 1997 )",1997,Filipiniana,
335,242.2V713,Jose Ramon T Villarin,Startle : gathering light from the word of God,2012,Filipiniana,
512,242St295c.1,property of Jesuit Retreat House,STATIONS OF THE CROSS ( Booklet),n.d.,Filipiniana,
513,242St295c.2,property of Jesuit Retreat House,STATIONS OF THE CROSS ( Booklet),n.d.,Filipiniana,
,,"Stomas T. Clarke, S.J",STATIONS OF THE CROSS (2 copies),,BOOKLET,
1,261.8P884,Gujarat Sahitya Prakash,STATUTES ON POVERTY / Jesuit Religious life,1976,,
227,255.02Ar699,,Statutes on poverty and related matters,1976,THEOLOGY,
160,271.5St297,,STATUTES ON RELIGIOUS POVERTY IN THE SOCIETY OF JESUS : INSTRUCTION ON THE ADMINISTRATION OF GOODS,2005,General Reference,
528,271.53St298c.1,,STATUTES ON THE RELIGIOUS POVERTY IN THE SOCIETY OF JESUS,2003,SPIRITUALITY,
529,271.53St298c.2,,STATUTES ON THE RELIGIOUS POVERTY IN THE SOCIETY OF JESUS,2003,SPIRITUALITY,
54,230Sa221,,STATUTES ON THE RELIGIOUS POVERTY IN THE SOCIETY OF JESUS,2003,THEOLOGY,
,271.53St298c.3,,STATUTES ON THE RELIGIOUS POVERTY IN THE SOCIETY OF JESUS (number of copies 3),2003,SPIRITUALITY Library 2 (Duplicate copies),
104,751.43St431,,STEP-BY-STEP WATERCOLOR PAINTING,1995,GEN-REF2,
298,255.92M366,CARLO MARIA MARTINI,STEPHEN Servant & Wittness,1993,Filipiniana,
128,242.2G165,Ben E. Garcia,Steps to complete healing,1987,Filipiniana,
344,262.15St489c.1,B E C,STEWARD LEADERSHIP SEMINAR WORKSHOP for Basic Ecclessial Communities,n.d.,Filipiniana,
345,262.15St489c.2,B E C,STEWARD LEADERSHIP SEMINAR WORKSHOP for Basic Ecclessial Communities,n.d.,Filipiniana,
546,291.44T578,Eckhart Tolle,STILLNESS SPEAKS,2003,SPIRITUALITY,
324,248.4Sh313,John Shea,STORIES OF FAITH,1974,SPIRITUALITY,
,,"Rev. Manuel Miguens, O.F.M","STRAIN FORWARD : Thinking, Feeling, Living with the church",1980,BOOKLET,
649,248.3A524,"George A. Aschenbrenner, S.J.",STRETCHED FOR GREATER GLORY : What to expect from the spiritual exercises,2004,SPIRITUALITY,
143,264H82,Robert W. Hovda,"STRONG, LOVING, AND WISE: PRESIDING IN LITURGY ( the liturgical conference)",1976,THEOLOGY,
61,248.05St943 ,Simon Peter,STUDIES IN SPIRITUALITY S.J vol.13,1981,PERIODICAL,
256,,,"STUDIES IN THE INTERNATIONAL APOSTOLATE OF JESUITS :A gospel as varied as the world itself vol.3, no.2",1974,PERIODICAL,
253,,,"STUDIES IN THE INTERNATIONAL APOSTOLATE OF JESUITS vol.1, no.1",1972,PERIODICAL,
254,,,"STUDIES IN THE INTERNATIONAL APOSTOLATE OF JESUITS vol.1, no.2",1972,PERIODICAL,
255,,,"STUDIES IN THE INTERNATIONAL APOSTOLATE OF JESUITS vol.3, no.3",1974,PERIODICAL,
257,,,"STUDIES IN THE INTERNATIONAL APOSTOLATE OF JESUITS vol.5, no.2",1976,PERIODICAL,
235,,,"STUDIES IN THE INTERNATIONAL APOSTOLATE OF JESUITS vol.6, no.1",1977,PERIODICAL,
258,,,"STUDIES IN THE INTERNATIONAL APOSTOLATE OF JESUITS vol.7, no.1",1978,PERIODICAL,
260,"282.05St943v.7,n.2",,"STUDIES IN THE INTERNATIONAL APOSTOLATE OF JESUITS vol.7, no.2",1978,PERIODICAL,
259,"282.05St943v.7,n.1",,"STUDIES IN THE INTERNATIONAL APOSTOLATE OF JESUITS vol.7, no.2 ",1978,PERIODICAL,
,"282.05St943v.7,n.3",,"STUDIES IN THE INTERNATIONAL APOSTOLATE OF JESUITS vol.7, no.2 (number of copies 3)",1978,PERIODICAL LIB2 (Duplicate copies),
261,,,"STUDIES IN THE INTERNATIONAL APOSTOLATE OF JESUITS vol.8, no.1",1984,PERIODICAL,
243,,"Joseph F. Conwell, S.J.","STUDIES IN THE SPIRITUALITY OF JESUIT: Living and dying in the society of jesus vol.12, no.3",1980,PERIODICAL,
275,,"James Bernauer, S.J.",STUDIES IN THE SPIRITUALITY OF JESUITS  :The Holocaust and the Search for Forgiveness: An Invitation to the Society of Jesus? 36/1,2004,PERIODICAL,
64,248.05St943 ,John M. Staudenmaier,STUDIES IN THE SPIRITUALITY OF JESUITS  1987,1987,PERIODICAL,
68,248.05St943 ,Thomas H. Clancy,STUDIES IN THE SPIRITUALITY OF JESUITS  S.J vol. 11,1979,PERIODICAL,
232,"248.05St943,v.3,n.4,c.1","Jules J. Toner, S.J.","STUDIES IN THE SPIRITUALITY OF JESUITS : A Method for Communal Discernment of God’s Will vol.3, no.4 ",1971,PERIODICAL,
,"248.05St943,v.3,n.4,c.2","Jules J. Toner, S.J.","STUDIES IN THE SPIRITUALITY OF JESUITS : A Method for Communal Discernment of God’s Will vol.3, no.4  (number of copies 2)",1971,PERIODICAL LIB2 (Duplicate copies),
237,"248.05St943,v.10,n.2,c.1",,"STUDIES IN THE SPIRITUALITY OF JESUITS : Affectivity and sexualty vol.10, no. 3 - 4",1978,PERIODICAL,
,"248.05St943,v.10,n.2,c.2",,"STUDIES IN THE SPIRITUALITY OF JESUITS : Affectivity and sexualty vol.10, no. 3 - 4 (number of copies 2)",1978,PERIODICAL LIB2 (Duplicate copies),
252,,"Charles  J. Beirne , S.J","STUDIES IN THE SPIRITUALITY OF JESUITS : Compass and catalyts vol.18, no.2",1986,PERIODICAL,
271,"248.05St943,v.33,n.1,c.1",Pedrp Arrupe S.J,"STUDIES IN THE SPIRITUALITY OF JESUITS : Faith , justice, and american jesuits 33/1 (c.1)",2001,PERIODICAL,
,"248.05St943,v.33,n.1,c.2",Pedrp Arrupe S.J,"STUDIES IN THE SPIRITUALITY OF JESUITS : Faith , justice, and american jesuits 33/1 (number of copies 2)",2001,PERIODICAL LIB2 (Duplicate copies),
242,,Peter J. Henroit,"STUDIES IN THE SPIRITUALITY OF JESUITS : Living together in a mission  vol.12 , no.2",1980,PERIODICAL,
239,,"Michael J. Buckley, S.J.","STUDIES IN THE SPIRITUALITY OF JESUITS : Mission in companionship vol.11, no.4",1979,PERIODICAL,
249,," Francis A. Sullivan , S.J","STUDIES IN THE SPIRITUALITY OF JESUITS : On making the spiritual exercises for the renewal of jesuits charism vol.15,no.2",1983,PERIODICAL,
270,,"Carl F. Starkloff, S.J.",STUDIES IN THE SPIRITUALITY OF JESUITS : Piligrimage Re - envisioned 32/5,2000,PERIODICAL,
267,,"John P. Langan, S.J.",STUDIES IN THE SPIRITUALITY OF JESUITS : The Good of Obedience in a Culture of Autonomy 32/1,2000,PERIODICAL,
240,,"Joseph F. Conwell, S.J.","STUDIES IN THE SPIRITUALITY OF JESUITS : The kamikaze factor vol.11 , no.5",1979,PERIODICAL,
268,,"Charles M.Shelton, S.J",STUDIES IN THE SPIRITUALITY OF JESUITS : When a jesuits conuxels others 32/3,2000,PERIODICAL,
274,,Lawrence J. Madden,STUDIES IN THE SPIRITUALITY OF JESUITS :Instruction and Ordinance Concerning the Training of Ours in the Sacred Liturgy 35/2,2003,PERIODICAL,
269,,"William A. Barry, S.J.","STUDIES IN THE SPIRITUALITY OF JESUITS :Past, Present, and Future: A Jubilarian’s Reflections on Jesuit Spirituality 32/4",2000,PERIODICAL,
273,,"Joseph Veale, S.J.",STUDIES IN THE SPIRITUALITY OF JESUITS :Saint Ignatius Asks: “Are You Sure You Know Who I Am?” 33/4,2001,PERIODICAL,
266,,"J. Peter Schineller, S.J.",STUDIES IN THE SPIRITUALITY OF JESUITS :The Pilgrim Journey of Ignatius from Soldier to Laborer in the Lord’s Vineyard and Its Implications for Apostolic Lay Spirituality 31/4,1999,PERIODICAL,
272,,"Pedro Arrupe, S.J.",STUDIES IN THE SPIRITUALITY OF JESUITS :The Trinitarian Inspiration of the Ignatian Charism 33/3,2001,PERIODICAL,
248,,"Paul V. Robb, S.J.","STUDIES IN THE SPIRITUALITY OF JESUITS ; Conversation as a human experience vol.14,no.3",1982,PERIODICAL,
265,,"Carl F. Starkloff, S.J.","STUDIES IN THE SPIRITUALITY OF JESUITS “I’m No Theologian, But… (Or So…?)”: The Role of Theology in the Life and Ministry of Jesuits 30/2",1998,PERIODICAL,
67,248.05St943  ,,STUDIES IN THE SPIRITUALITY OF JESUITS S.J vol.7,1977,PERIODICAL,
75,248.05St943 ,"JOHN W. O'Malley, S.J",STUDIES IN THE SPIRITUALITY OF JESUITS VOL. s.j vol. 15,1983,PERIODICAL,
74,248.05St943  ,"L. Patrick Carroll, S.J",STUDIES IN THE SPIRITUALITY OF JESUITS VOL. s.j vol. 22 - 23,1990,PERIODICAL,
73,248.05St943  ,"Frank J. Houdek, S.J",STUDIES IN THE SPIRITUALITY OF JESUITS VOL. s.j vol. 24 - 25,1992,PERIODICAL,
71,248.05St943  ,"Brian E. Daley, S.J",STUDIES IN THE SPIRITUALITY OF JESUITS VOL. s.j vol. 26,1995,PERIODICAL,
72,248.05St943  ,"Paul Begbeyn, S.J",STUDIES IN THE SPIRITUALITY OF JESUITS VOL. s.j vol. 28 - 29,1996,PERIODICAL,
70,248.05St943  ,"John H. Wright, S,J",STUDIES IN THE SPIRITUALITY OF JESUITS VOL. s.j vol. 3,1971,PERIODICAL,
69,248.05St943  ,"Vincent J. O'Flaherty, S,J",STUDIES IN THE SPIRITUALITY OF JESUITS VOL. s.j vol. 5,1973,PERIODICAL,
65,248.05St943  ,"John R. Sheets, s.j",STUDIES IN THE SPIRITUALITY OF JESUITS vol.1,1969,PERIODICAL,
59,248.05St943 ,Simon Peter,STUDIES IN THE SPIRITUALITY OF JESUITS vol.13,1981,PERIODICAL,
60,248.05St943  ,"Dean Bracky, S.J",STUDIES IN THE SPIRITUALITY OF JESUITS vol.20,1988,PERIODICAL,
66,248.05St943 ,,STUDIES IN THE SPIRITUALITY OF JESUITS vol.20,1987,PERIODICAL,
62,248.05St943 ,"George B. Wilson, S.J",STUDIES IN THE SPIRITUALITY OF JESUITS vol.21 ,1989,PERIODICAL,
63,248.05St943  ,"Joseph A. Tetlow,S.J",STUDIES IN THE SPIRITUALITY OF JESUITS vol.26,1994,PERIODICAL,
233,,,"STUDIES IN THE SPIRITUALITY OF JESUITS vol.4,no.2",1972,PERIODICAL,
234,,,"STUDIES IN THE SPIRITUALITY OF JESUITS vol.5, no.4",1973,PERIODICAL,
236,,"William J. Connolly, S.J.","STUDIES IN THE SPIRITUALITY OF JESUITS vol.7, no.3",1975,PERIODICAL,
246,,"Paul Begheyn, S.J.","STUDIES IN THE SPIRITUALITY OF JESUITS: A bibliography on ST.Ignatius Aspiritual exercises vol.13, no.2 (c.1)",1981,PERIODICAL,
247,,"Paul Begheyn, S.J.","STUDIES IN THE SPIRITUALITY OF JESUITS: A bibliography on ST.Ignatius Aspiritual exercises vol.13, no.2 (c.2)",1981,PERIODICAL,
251,,"Joseph A. Tetlow, S.J.","STUDIES IN THE SPIRITUALITY OF JESUITS: A dialogue on the sexual Maturing of celibates vol.17, no.3",1985,PERIODICAL,
245,,"Simon Peter, S.J.","STUDIES IN THE SPIRITUALITY OF JESUITS: Alcoholism and jesuits life vol.13, no.1",1981,PERIODICAL,
263,,"Frank J. Houdek, S.J.",STUDIES IN THE SPIRITUALITY OF JESUITS: Jesuit Prayer and Jesuit Ministry: Context and Possibilities 24/1,1995,PERIODICAL,
238,,"Dominic Maruca, S.J.","STUDIES IN THE SPIRITUALITY OF JESUITS: Our personal witness as a power evangelizing our culture vol.11, no.2",1979,PERIODICAL,
244,,"J. Peter Schineller, S.J.","STUDIES IN THE SPIRITUALITY OF JESUITS: The newer approaches to christology vol.12, no.4-5",1980,PERIODICAL,
250,,"John W. Padberg, S.J.","STUDIES IN THE SPIRITUALITY OF JESUITS: The society true to itself vol.15, no.3-4 ",1983,PERIODICAL,
264,,"Charles M.Shelton, S.J",STUDIES IN THE SPIRITUALITY OF JESUITS: Towards Healthy jesuits community living 24/4,1992,PERIODICAL,
241,,"Thomas H. Clnacy , S.J","STUDIES IN THE SPIRITUALITY OF JESUITS: Veteran witnesess vol.12, no.1",1980,PERIODICAL,
262,,"L. Patrick Carroll, S.J.",STUDIES IN THE SPIRITUALITY OF JESUITS:The Spiritual Exercises in Everyday Life: A Practical Implementation 22/1,1990,PERIODICAL,
16,,"Funk , Kuhn, Demme",STUDIO A1 : Deutsch als Fremdsprache 1,2005,SPECIAL COLLECTION LIB 2,
14,,"Funk , Kuhn, Demme",STUDIO A1 : Deutsch als Fremdsprache 2,2005,SPECIAL COLLECTION LIB 2,
15,,"Funk , Kuhn, Demme",STUDIO A2 : Deutsch als Fremdsprache 1,2006,SPECIAL COLLECTION LIB 2,
17,,"Funk , Kuhn, Demme",STUDIO A2 : Deutsch als Fremdsprache 2,2005,SPECIAL COLLECTION LIB 2,
18,,"Funk , Kuhn, Demme",STUDIO B1 : Deutsch als Fremdsprache ,2007,SPECIAL COLLECTION LIB 2,
27,230.2Aq55 v.1,,Summa Theologica of St. Thomas Aquinas,1947,General Reference,
29,230.2Aq55,St. Thomas Aquinas,Summa Theologica of St. Thomas Aquinas,1982,General Reference,
119,251.02L366,Eugene F. Lauer,SUNDAY MORNING INSIGHTS,1984,THEOLOGY,
281,"248.05P943,n.3c.1",Alex Lefrank S.J.,"SUPPLEMENT TO PROGRESSIO :  Publication of the World Federation of Christian Life Communities, No. 3 ",1974,PERIODICAL,
310,"248.05P943,n.3",Alex Lefrank S.J.,"SUPPLEMENT TO PROGRESSIO :  Publication of the World Federation of Christian Life Communities, No. 3 (c.1)",1974,PERIODICAL,
,"248.05P943,n.3c.2-3",Alex Lefrank S.J.,"SUPPLEMENT TO PROGRESSIO :  Publication of the World Federation of Christian Life Communities, No. 3 (number of copies 3)",1974,PERIODICAL LIB2 (Duplicate copies),
284,"248.05P945,n.9","Juan Miguel Leturia, S.J.",SUPPLEMENT TO PROGRESSIO :  Toward Christian Life Community: Beginnings and Growth supplement no.9,1977,PERIODICAL,
283,"248.05P945,n.8",Larry Stinn S.J.,"SUPPLEMENT TO PROGRESSIO : Publication of the World Federation of Christian Life Communities, No. 8",1976,PERIODICAL,
282,"248.05P944,n.6c.1",Jean Claude DHÔTEL S.J.,"SUPPLEMENT TO PROGRESSIO:  Publication of the World Federation of Christian Life Communities, No. 6",1975,PERIODICAL,
,"248.05P944,n.6c.2",Jean Claude DHÔTEL S.J.,"SUPPLEMENT TO PROGRESSIO:  Publication of the World Federation of Christian Life Communities, No. 6 (number of copies 2)",1975,PERIODICAL LIB2 (Duplicate copies),
285,"248.05P947,n.12c.1",Marriano Ballester s.j,"SUPPLEMENT TO PROGRESSIO: Prayer That Transforms Life, no.12 (c.1)",1978,PERIODICAL,
,"248.05P947,n.12c.2-3",Marriano Ballester s.j,"SUPPLEMENT TO PROGRESSIO: Prayer That Transforms Life, no.12(number of copies 3)",1978,PERIODICAL LIB2 (Duplicate copies),
,,"Fr. English , S.J",SUPPLEMENT TO SPIRITUAL FREEDOM ,,BOOKLET,
515,282.153Su765,,SUPPLEMENT TO THE DIVINE OFFICE FOR THE SOCIETY OF JESUS,1965,SPIRITUALITY,
137,264Su765,,SUPPLEMENT TO THE MISSAL AND LECTIONARY FOR THE SOCIETY OF JESUS,1982,THEOLOGY,
20,C2000,,SUPPLEMENTUM CATALOGORUM SOCIETATIS JESU,2000,VERTICAL FILE,
18,C2006,,SUPPLEMENTUM CATALOGORUM SOCIETATIS JESU 2006,2006,VERTICAL FILE,
226,255.2F765,,Synod of Bishops : Eight ordinay general assembly : the formation of priests in circumstances of the present day ( Instrumentum Laboris),1990,THEOLOGY,
235,262.142M664,,Synod of Bishops : ministerial priesthood,n.d.,THEOLOGY,
233,234.166R245,,Synod of Bishops : reconciliation and penance in the mission of the church,1982,THEOLOGY,
165,262.26V851,,Synod of Bishops : VOCATION AND MISSION OF THE LAITY IN THE CHURCH AND IN THE WORLD TWENTY YEARS AFTER THE SECOND VATICAN COUNCIL ( Instrumentum Laboris),n.d.,THEOLOGY,
293,262.14Sy77,,SYNOD OF BISHOPS MINISTERIAL PRIESTHOOD,1972,Filipiniana,
491,241.67Sy77c.1,,SYNOD OF BISHOPS: JUSTICE IN THE WORLD,1972,Filipiniana,
492,241.67Sy77c.2,,SYNOD OF BISHOPS: JUSTICE IN THE WORLD,1972,Filipiniana,
49,C576,James Clavell,TAI-PAN A NOVEL OF HONG KONG,1966,FICTION,
23,499.21P193,Jose Villa Panganiban,TALAHULUGANG: PILIPINO-INGLES,1966,FILIPIANA (LIBRARY 2),
,,"Ha. English , T.J",TALAKAYAN PARA SA HALALAN,,,
328,248.4T143,,TALES OF A MAGIC MONASTERY :Theophane the monk,1981,SPIRITUALITY,
830,242V243,"Carlos G. Valles, S.J.",TALES OF THE CITY OF GOD,1992,SPIRITUALITY,
107,642.71T151,,TAMBARA : Ateneo de davao university journal,2011,GEN-REF2,
134,282.092T153,,Tanan alang ni Jesus : ang kinabuhi ni Herman Wijns,n.d.,Filipiniana,
121,248.4T156c.1,Guillermo B. Manongsong,Tang Tigbi : intensive spiritual pastoral formation program,2004,Filipiniana,
122,248.4T156c.2,Guillermo B. Manongsong,Tang Tigbi : intensive spiritual pastoral formation program,2004,Filipiniana,
123,248.4T156c.3,Guillermo B. Manongsong,Tang Tigbi : intensive spiritual pastoral formation program,2004,Filipiniana,
,248.4T156c.4 - 8,Guillermo B. Manongsong,Tang Tigbi : intensive spiritual pastoral formation program (number of copies 8),2004,Filipiniana (Duplicate copies),
62,194.092T656,Bernard Towers,TEILHARD DE CHARDIN,n.d,THEOLOGY,
69,M779,Christopher F. Mooney,TEILHARD DE CHARDIN AND THE MYSTERY OF CHRIST,1964-1966,FICTION,
120,252B912,"Walter J. Burghardt, S.J.",TELL THE NEXT GENERATION: HOMILIES AND NEAR HOMILIES,1980,THEOLOGY,
74,271N229,"John Navone, S.J. & Thomas Cooper",TELLERS OF THE WORLD,1981,THEOLOGY,
231,274.092959 Sa594,Sr. Theresina of Jesus Santiago,Ten Decades of Passover,2003,Filipiniana,
62,643.714T361,Gloria Thomas,TEN MINUTE TUMS & BUMS,2005,GEN-REF2,
31,R271,Ruth Reichl,TENDER AT THE BONE: GROWING UP AT THE TABLE,1998,FICTION,
99,230.044G985,GUSTAVO GUTIÉRREZ,TEOLOGIA DE LA LIBERACIÓN PERSPECTIVAS,1972,SPECIAL COLLECTION,
66,951.05T275,,TERRACOTA WARRIORS THE FIRST EMPEROR & HIS LEGACY,2011,GEN-REF2,
23,261T279,,TERTIO MILLENNIO ADVENIENTE : APOSTOLIC LETTER OF POPE JOHN PAUL II,1995,PAPAL COLLECTION,
8,248.4T314,,TEXTOS IGNACIANOS,1974,SPECIAL COLLECTION,
78,L585,C.S. Lewis,THAT HIDEOUS STRENGTH,1945-1955,FICTION,
709,248.2B767,"Salvino Briffa, S.J.",THAT I MAY SEE A PRAYERFUL DISCVOREY THROUGH IMAGINATION,1986,SPIRITUALITY,
13,248.482Ev22,Louis Evely,THAT MAN IS YOU,1965,REFERENCE (Library 2),
313,248.3L626,,THE  LIGHTS IN PRAYER OF THE VENERABLE FATHERS,1914,SPIRITUALITY,
179,262.1Si977,,THE 16 DOCUMENTS OF VATICAN II: With commentaries by the council fathers,,General Reference,
279,,,The 18th Annotation: The Exercises and Catechesis ,1983,PERIODICAL,
100,282.599T930,,The 2002 CATHOLIC DIRECTORY of the PHILIPPINES,2002,Filipiniana,
423,261.8F586,,THE 5 GREAT SOCIAL ENCYCLICALS,1969,Filipiniana,
273,268.4H676,"Rev. Johannes Hofinger, S.J. & William J. Reedy.",The ABC's of Modern Catechetics,1962,THEOLOGY,
79,226.6077K967,"William S. Kurz, S.J.",THE ACTS OF THE APOSTLES ( Collegeville Bible commentary 5 ),1970,BIBLICAL STUDIES,
116,226.6077F613,"Neal M. Flanagan, O.S.M.",THE ACTS OF THE APOSTLES 5 ( New testament reading guide),n.d,BIBLICAL STUDIES,
19,L585,C.S Lewis,THE ALLEGORY OF LOVE A STUDY IN MEDIEVAL TRADITION,1969,FICTION,
86,C426,G.K. Chesterton,THE AMAZING ADVENTURES OF FATHER BROWN,1910-1935,FICTION,
81,271.53073Sch768,"Raymond A.Schroth, S.J",THE AMERICAN JESUITS : A HISTORY,2007,General Reference,
148,227.1077F58,Joseph A. Fitzmyer,The Anchor Bible: Romans a new translation with introduction and commentary,1993,BIBLICAL STUDIES,
553,248.4G343,Bert Ghezzi,THE ANGRY CHRISTIAN,1980,SPIRITUALITY,
55,823.912C426,G.K. Chesterton,THE ANNOTATED INNOCENCE OF FATHER BROWN,1988,REFERENCE (Library 2),
80,"
248.3405 C333h",,THE ANNUAL RENEWAL HOW JESUITS MAKE THE EXERCISES,1980,PERIODICAL,
530,264.019087R129,"Karl Rahner, S.J",THE ANOINTING OF THE SICK,1970,SPIRITUALITY,
73,P832,Robert Portents,THE APOCALYPTIC AGE: A COMMENTARY ON PROPHECIES RELATING TO THESE TIMES...AND THEIR PORTENTS,1970,FICTION,
1,282.599T126,Luis Antonio G. Cardinal Tagle,THE APOSTOLIC VISIT OF POPE FRANCIS TO THE PHILIPPINES : I am here… to be with you,2015,PAPAL COLLECTION,
622,232.917 L48,Fernandoo lette,THE APPARITIONS OF FATIMA,1918,Filipiniana ,
284,266.209599B473,"Gregorio E. Bicomong jr., SDB",The Arrival of Don Bosco in the Philippines REQUESTS MADE TO THE SALESIANS 1891-1951,2001,Filipiniana,
828,248.428M459,Fr. William McNamara O.C.D.,THE ART OF BEING HUMAN,1962,SPIRITUALITY,
671,248.2V89,Dietrich & Alice von Hildebrand,THE ART OF LIVING,1965,SPIRITUALITY,
462,264.1C378,Igumen Chariton,THE ART OF PRAYER : An orthodox Anthology,1966,SPIRITUALITY,
37,G753,Baltasar Gracian,THE ART OF WORLDLY WISDOM,1992,FICTION,
33,248.2M558,Thomas Merton,The Ascent to truth,1951,SPIRITUALITY,
237,248.2J772,Susana Jose,THE ASIAN RELIGIOUS SENSIBILITY AND CHRISTAIN SPIRITUALITY,,SPIRITUALITY,
520,248.34J772,Susana Jose,The Asian Religious Sensibility and Christian (Carmelite) Spirituality: The Folly is the Glory of the Cross,1983,Filipiniana,
230,261.2At84,,The Attitude of the church towards the followers of other religions : reflections and orientations on dialogue and mission,1984,THEOLOGY,
637,271.5302C130c.1,"William J. Young, S.J.",THE AUTOBIOGRAPHY OF ST. IGNATIUS LOYOLA : With related documents,1974,SPIRITUALITY,
638,271.5302C130c.2,"William J. Young, S.J.",THE AUTOBIOGRAPHY OF ST. IGNATIUS LOYOLA : With related documents,1974,SPIRITUALITY,
639,271.5302C130c.3,"William J. Young, S.J.",THE AUTOBIOGRAPHY OF ST. IGNATIUS LOYOLA : With related documents,1974,SPIRITUALITY,
93,282.0922C355 ,E.R Chamberlin,THE BAD POPES ,1969,PAPAL COLLECTION,
79,974.5G24,Terence Gavan,THE BARONS OF NEWPORT,1988,REFERENCE (Library 2),
16, 808.042H112,DIANA HACKER,THE BEDFORD HANDBOOOK FOR WRITERS FOURTH EDITION,1997,GEN-REF2,
5,282 K77,Ronald Knox,"THE BELIEF OF CATHOLICS : a masterly presentation of catholic belief, stimulatingly and brilliantly written",1927,THEOLOGY,
695,242C499,"Joan D. Chittister, OSB",THE BENEDICTINE WAY : A novena,1995,SPIRITUALITY,
84,294.59240452B469,,THE BHAGAVAD GITA,1972,BIBLICAL STUDIES,
234,220.599211B12,"Bishop Teodoro C. Bacani, Jr.",The Bible for the Filipinos,,Filipiniana,
179,242.82G278,Eugene S. Geissler,"THE BIBLE PRAYER BOOK : all prayers, songs, hymns, canticles, psalms, and blessings in the bible",1981,BIBLICAL STUDIES,
108,242.722B235,,The Bible Promise Book,1985,BIBLICAL STUDIES,
20,220.05B471,Saint John's Abbey,"THE BIBLE TODAY, vol.26",1988,PERIODICAL,
22,220.05B471,Saint John's Abbey,"THE BIBLE TODAY, vol.27",1988,PERIODICAL,
23,220.05B471,Saint John's Abbey,"THE BIBLE TODAY, vol.27",1990,PERIODICAL,
24,220.05B471,Saint John's Abbey,"THE BIBLE TODAY, vol.29",1991,PERIODICAL,
25,220.05B471,Saint John's Abbey,"THE BIBLE TODAY, vol.30",1992,PERIODICAL,
26,220.05B471,Saint John's Abbey,"THE BIBLE TODAY, vol.31",1993,PERIODICAL,
27,220.05B471,Saint John's Abbey,"THE BIBLE TODAY, vol.32",1994,PERIODICAL,
28,220.05B471,Saint John's Abbey,"THE BIBLE TODAY, vol.33",1995,PERIODICAL,
29,220.05B471,Saint John's Abbey,"THE BIBLE TODAY, vol.34",1996,PERIODICAL,
30,220.05B471,Saint John's Abbey,"THE BIBLE TODAY, vol.35",1997,PERIODICAL,
31,220.05B471,Saint John's Abbey,"THE BIBLE TODAY, vol.36",1998,PERIODICAL,
32,220.05B471,Saint John's Abbey,"THE BIBLE TODAY, vol.37",1999,PERIODICAL,
63,220.5203B471,"Ernest Sutherland Bates, editor",The BIBLE: Designed to be Read as Living Literature the Old and the New Testaments in the King James Version,1936,BIBLICAL STUDIES,
82,226.206B812c.1,Raymond E. Brown,THE BIRTH OF THE MESSIAH : a commentary on the infancy narratives in Matthew and Luke,1977,THEOLOGY,
83,226.206B812c.2,Raymond E. Brown,THE BIRTH OF THE MESSIAH : a commentary on the infancy narratives in Matthew and Luke,1979,THEOLOGY,
319,269.2L135,BISHOP ANGEL N. LAGDAMEO,THE BISHOPS OF CEBU,1986,Filipiniana,
210,264.03B644,,THE BOOK OF COMMON PRAYER and administration of the sacraments and other rites and ceremonies of the church together with the psalter or psalms of David,1979,THEOLOGY,
136,248.4R652,H. Wyatt Rollins,THE BOOK OF CONTEMPLATION,2005,SPIRITUALITY,
163,226.5B644,,THE BOOK OF GLORY: Part Three: The Risen Jesus ( photocopy),n.d.,BIBLICAL STUDIES,
76,289.322B644,,THE BOOK OF MORMON : ANOTHER TESTAMENT OF JESUS CHRIST,1985,,
124,234.16G998,Tad Guzie,The Book of Sacramental basics,1981,Filipiniana,
20,808.82W157,Harold R. Walley,THE BOOK OF THE PLAY AN INTRODUCTION TO DRAMA,1950,REFERENCE (Library 2),
64,751.7309455L125,Andrew Ladis,THE BRANCACCI CHAPEL FLORENCE,1993,GEN-REF2,
429,248.4G994,Jake de Guzman,THE CALL IGNATIAN WISDOM AND THE JOURNEY OF LEADING,2024,SPIRITUALITY,
62,842C569,"Eric Bently, editor",THE CALSSIC THEATRE ,1961,REFERENCE (Library 2),
834,248.4C248,,THE CARTHUSIANS : Origin . Spirit. Family Life,1952,SPIRITUALITY,
37,238C286,,THE CATHOLIC FAITH CATECHISM,1994,Filipiniana,
295,270.608O13,John C. Olin,THE CATHOLIC REFORMATION: SAVONAROLA TO IGNATIUS LOYOLA : Reform in the church 1495-1540,1969,SPIRITUALITY,
48,262.14273 As24,"George A. Aschenbrenner, S.J.",The Challenge of diocesan priestly spirituality : QUICKENING THE FIRE IN OUR MIDST,2002,THEOLOGY,
152,248.3G133,Segundo Galilea,The Challenge of Popular Religiosity,1988,Filipiniana,
595,248.482L558,Ignace Lepp,THE CHALLENGES OF LIFE,1969,SPIRITUALITY,
130,262.142C839,Donald B. Cozzens,THE CHANGING FACE OF PRIESTHOOD : a reflection on the priest's crisis of soul,2000,THEOLOGY,
180,271.53K835,Peters-Hans Kolvenbach,The Characteristics of Jesuit Education,1987,General Reference,
90,232.92H789,Adey Horton,The Child Jesus,1975,General Reference,
57,P849,Chaim Potok,THE CHOSEN,1967,FICTION,
35,282.092M374,Manuela Dunn - Mascetti,THE CHOSEN FEW SAINTS: THE CHOSEN FEW,1994,SPIRITUALITY,
693,232.0924Se395,Juan Luis Segundo,THE CHRIST OF THE IGNATIAN EXERCISES,1987,SPIRITUALITY,
77,264.021B664,NOELE M. DENIS-BOULET,THE CHRISTIAN CALENDAR,1960,General Reference,
112,241.042Q29,Paul M. Quay S.J Ph.D,THE CHRISTIAN MEANING OF HUMAN SEXUALITY,2002,THEOLOGY,
847,253.53C462,"David L. Fleming, S.J. ,  Editor",THE CHRISTIAN MINISTRY OF SPIRITUAL DIRECTION,1988,SPIRITUALITY,
131,234Os15,"Kenan B. Osborne, O.F.M.",THE CHRISTIAN SACRAMENTS OF INITIATION,1987,THEOLOGY,
229,261.8B725,Dean Brackley,The Christian University and Liberation : the change of the UCA,1992,THEOLOGY,
21,277.7Ob22,Victors Obenhaus,THE CHURCH AND FAITH IN MID-AMERICA,1963,THEOLOGY,
222,261.709599F116,Wilfredo Fabros,"The Church and Its Social Involvement in the Philippines, 1930-1972",1988,Filipiniana,
204,261.7B12,Bishop Teodoro C. Bacani,The Church and Politics,1987,Filipiniana,
607,261.8C473,,THE CHURCH AND POPULATION IN EAST ASIA : A report on east asian seminaron population in the context of integral human development,1973,Filipiniana,
279,255N791,Kathleen Norris,The Cloister Walk ,,THEOLOGY,
728,248.22C624,William Johnston,THE CLOUD OF UNKNOWN AND THE BOOK OF PRIVY COUNSELING,1992,SPIRITUALITY,
25,812.5E144,T.S Elliot,THE COCKTAIL PARTY,1950,REFERENCE (Library 2),
218,248.22C685,,THE COLLECTED WORKS OF ST. JOHN OF THE CROSS,1973,SPIRITUALITY,
91,030.02C723,,THE COLUMBIA ENCYCLOPEDIA FIFTH EDITION,1993,GEN-REF2,
22,248Sa48,"William P. Sampson, S.J.",THE COMING OF CONSOLATION HOW GOD GETS THROUGH TO US,1992,Filipiniana,
517,230W632,"John Wickham, S.J.",THE COMMON FAITH : A contemporary version of the basics of Christian Belief in a communal form,1990,SPIRITUALITY,
435,248.342W632,"John Wickham, S.J.",THE COMMUNAL EXERCISES : A contemporary version of the spiritual exercises in a communal form,1988,SPIRITUALITY,
377,261.8C737, ,THE COMMUNITY OF SAINT JOHN,1990,SPIRITUALITY,
87,423.1v.2,,THE COMPACT EDITION OF THE OXFORD ENGLISH DICTIONARY VOLUME I A-O,1971,GEN-REF2,
86,423.1v.1,,THE COMPACT EDITION OF THE OXFORD ENGLISH DICTIONARY VOLUME II P-Z,1971,GEN-REF2,
88,423.1v.3,,THE COMPACT EDITION OF THE OXFORD ENGLISH DICTIONARY VOLUME III A SUPPLEMENT TO THE OXFORD ENGLISH DICTIONARY VOLUMES I-IV,1971,GEN-REF2,
23,746.3L713,Janet Litherland,THE COMPLETE BANNER HANDBOOK A CREATIVE GUIDE FOR BANNER DESIGN & CONSTRUCTION,1987,GEN-REF2,
66,Sy75,John M. Synge,THE COMPLETE PLAYS,1904-1960,FICTION,
67,883.L25,Andrew lang,THE COMPLETE WORKS OF HOMER THE ILIAD AND THE ODYSSEY,,REFERENCE (Library 2),
254,208.1P346v.2,E. Allison Peers,THE COMPLETE WORKS OF SAINT JOHN OF THE CROSS,1953,SPIRITUALITY,
118,"270.2Au456 Pt.1, v.1",,THE CONFESSIONS : THE WORKS OF SAINT AUGUSTINE v.1,1990,General Reference,
871,274R952,John K. Ryan,THE CONFESSIONS OF ST. AUGUSTINE,1960,SPIRITUALITY,
69,262.1Az25,"Marcello Azevedo, S.J.",THE CONSECRATED LIFE: CROSSROADS & DIRECTIONS,1995,SPIRITUALITY,
82,264St59,,THE CONSTITUTE ON THE SACREED LITURGY OF THE SECOND VATICAN COUNCIL AND THE MOTU PROPRIO OF POPE PAUL VI,1964,PAPAL COLLECTION,
73,342.599R299,Jose N. Nolledo,THE CONSTITUTION OF THE REPUBLIC OF THE PHILIPPINES,1986,FILIPIANA (LIBRARY 2),
205,264.0206Sl 59,Gerard S. Sloyan,THE CONSTITUTION ON THE SACRED LITURGY OF THE SECOND VATICAN COUNCIL AND THE MOTU PROPRIO OF POPE PAUL VI,1964,THEOLOGY,
173,271.53G157,"George E. Ganss, S.J.",The Constitutions of the Society of Jesus,1970,General Reference,
11,255.5302Al21i,"Antonio M. de Aldama, S.J.",The Constitutions of the Society of Jesus : An Introductory Commentary on the Constitutions,1989,General Reference,
10,255.5302Al21f,"Antonio M. de Aldama, S.J.",The Constitutions of the Society of Jesus : The Formula of the Institute,1989,General Reference,
42,255.5302C766 c.2,,The Constitutions of the Society of Jesus and Their Complementary Norms : A Complete English Translation of the Official Latin Texts,1996,General Reference,
41,255.5302C766 c.1,,The Constitutions of the Society of Jesus and Their Complementary Norms: A Complete English Translation of the Official Latin Texts,1996,General Reference,
12,255.5302Al21j,"Antonio M. de Aldama, S.J.",The Constitutions of the Society of Jesus: Jesuit Religious Life,1994,General Reference,
13,255.5302Al21m,"Antonio M. de Aldama, S.J.",The Constitutions of the Society of Jesus: Missioning,1990,General Reference,
14,255.5302Al21s,"Antonio M. de Aldama, S.J.",The Constitutions of the Society of Jesus: The Superior General,1992,General Reference,
15,255.5302Al121u,"Antonio M. de Aldama, S.J.",The Constitutions of the Society of Jesus: Union,1995,General Reference,
656,248.2C248,a Carthusian Monk,THE CONTEMPLATIVE LIFE : Considered in its apostolic aspect ,1952,SPIRITUALITY,
474,248.4C529c.2,"Thomas H. Clancy, S.J.",THE CONVERSATIONAL WORD OF GOD,1978,SPIRITUALITY,
473,248.4C529c.1,"Thomas H. Clancy, S.J.",THE CONVERSATIONAL WORD OF GOD : A commentary on the doctrine of St. Ignatius loyola concerning Spiritual conversion with four early Jesuits texts ,1978,SPIRITUALITY,
703,241.53B641c.2,Bon Hoeffer,THE COST OF DISCIPLESHIP,1976,SPIRITUALITY,
702,241.53B641c.1,Bon Hoeffer,THE COST OF DISCIPLESHIP  ,1976,SPIRITUALITY,
317,241.4G892,Benedict J. Groeschel,THE COURAGE TO BE CHASTE,1985,SPIRITUALITY,
45,364.154C884,,THE CROSSES STILL STAND IN BASILAN: A JOURNEY WITH THE KIDNAP VICTIMS,2000,FILIPIANA (LIBRARY 2),
98,242.36G619,Alban Goodier,The Crown of sorrow Lent ( meditations on the passion of ou Lord),1946,SPIRITUALITY,
103,726.50945632B448,Roloff Beny & Peter Gunn,THE CRUNCHES OF ROME,1981,General Reference,
1,"378.199C888,1959",,"THE CRUSADER 1959: JUBILEE NUMBER, XAVIER UNIVERSITY THE ATENEO CAGAYAN DE ORO CITY PHILLIPPINES",1959,VERTICAL FILE,
111,909.07H235,James Harpur,THE CRUSADERS : THE TWO HUNDREDS YEARS OF WAR,2005,General Reference,
441,242.2R878,Joyce Rupp,THE CUP OF OUR LIFE : A guide for spiritual growth,1997,SPIRITUALITY,
128,226.8G185,James L. Garlow,THE DA VINCI CODE BREAKER,2004,THEOLOGY,
100,220.7016B235 v.1c.1,William Barclay,"THE DAILY STUDY BIBLE: The Gospel of John, Volume 1 Chapters 1-7",1975,BIBLICAL STUDIES,
101,220.7016B235 v.1c.2,William Barclay,"THE DAILY STUDY BIBLE: The Gospel of John, Volume 1 Chapters 1-7",1975,BIBLICAL STUDIES,
98,220.7016B235 v.2c.1,William Barclay,"THE DAILY STUDY BIBLE: The Gospel of John, Volume 2 Chapters 8-21",1975,BIBLICAL STUDIES,
99,220.7016B235 v.2c.2,William Barclay,"THE DAILY STUDY BIBLE: The Gospel of John, Volume 2 Chapters 8-21",1975,BIBLICAL STUDIES,
95,220.7016B235L,William Barclay,THE DAILY STUDY BIBLE: The Gospel of Luke,1975,BIBLICAL STUDIES,
93,220.7016B235m,William Barclay,"THE DAILY STUDY BIBLE: The Gospel of Matthew, Volume 1 Chapters 1-10",1975,BIBLICAL STUDIES,
96,220.7016B235jpc.1,William Barclay,THE DAILY STUDY BIBLE: The Letters of James and Peter,1976,BIBLICAL STUDIES,
,220.7016B235jpc.2,William Barclay,THE DAILY STUDY BIBLE: The Letters of James and Peter (number of copies 2),1976,BIBLICAL STUDIES LIB 2 (duplicate copies),
88,220.7016B235 c.1,William Barclay,THE DAILY STUDY BIBLE: The Letters of John and Jude,1976,BIBLICAL STUDIES,
89,220.7016B235 c.2,William Barclay,THE DAILY STUDY BIBLE: The Letters of John and Jude,1976,BIBLICAL STUDIES,
102,220.7016B235 c.1,William Barclay,THE DAILY STUDY BIBLE: The Letters of John and Jude,1976,BIBLICAL STUDIES,
103,220.7016B235 c.2,William Barclay,THE DAILY STUDY BIBLE: The Letters of John and Jude,1976,BIBLICAL STUDIES,
111,220.7016B235 c.1,William Barclay,THE DAILY STUDY BIBLE: The Letters to the Corinthians,1975,BIBLICAL STUDIES,
112,220.7016B235  c.2,William Barclay,THE DAILY STUDY BIBLE: The Letters to the Corinthians,1975,,
110,220.7016B235gc.1,William Barclay,THE DAILY STUDY BIBLE: The Letters to the Galatians and Ephesians,1976,BIBLICAL STUDIES,
,220.7016B235gc.2 -3,William Barclay,THE DAILY STUDY BIBLE: The Letters to the Galatians and Ephesians (number of copies 3 ),1976,BIBLICAL STUDIES LIB 2 (duplicate copies),
109,220.7016B235hc.1,William Barclay,THE DAILY STUDY BIBLE: The Letters to the Hebrews,1976,BIBLICAL STUDIES,
,220.7016B235hc.2,William Barclay,THE DAILY STUDY BIBLE: The Letters to the Hebrews  (number of copies 2),1976,BIBLICAL STUDIES LIB 2 (duplicate copies),
94,220.7016B235pc.1,William Barclay,"THE DAILY STUDY BIBLE: The Letters to the Philippians, Colossians and Thessalonians",1975,BIBLICAL STUDIES,
,220.7016B235pc.2,William Barclay,"THE DAILY STUDY BIBLE: The Letters to the Philippians, Colossians and Thessalonians (number of copies 2)",1975,BIBLICAL STUDIES LIB 2 (duplicate copies),
104,220.7016B235r c.1,William Barclay,THE DAILY STUDY BIBLE: The Letters to the Romans,1975,BIBLICAL STUDIES,
105,220.7016B235r c.2,William Barclay,THE DAILY STUDY BIBLE: The Letters to the Romans,1975,BIBLICAL STUDIES,
106,220.7016B235t c.1,William Barclay,"THE DAILY STUDY BIBLE: The Letters to Timothy, Titus and Philemon",1975,BIBLICAL STUDIES,
107,220.7016B235t c.2,William Barclay,"THE DAILY STUDY BIBLE: The Letters to Timothy, Titus and Philemon",1975,BIBLICAL STUDIES,
90,220.7016B235 v.1,William Barclay,"THE DAILY STUDY BIBLE: The Revelation of John, Volume 1 Chapters 1-5",1976,BIBLICAL STUDIES,
109,270D143,,THE DAILY TELEGRAPH AD: 2000 YEARS OF CHRISTIANITY,,General Reference,
194,248.2G133,Segundo Galilea,The Dawn of our spirituality,1990,Filipiniana,
84,226.07B812v.1,"Raymond E. Brown, S.S",THE DEATH OF THE MESSIAH : FROM GETHSEMANE TO THE GRAVE,1994,General Reference,
85,226.07B812v.2,"Raymond E. Brown, S.S",THE DEATH OF THE MESSIAH : FROM GETHSEMANE TO THE GRAVE,1994,General Reference,
134,262.91D359,,THE DECREE ON THE RENEWAL OF RELIGIOUS LIFE OF VATICAN COUNCIL II,1966,General Reference,
27,241.4G892,Thomas M. Gannon,THE DESERT AND THE CITY : an interpretation of the history of christian spirituality,1984,SPIRITUALITY,
526,248.4C233,CARLO CARRETTO,The Dessert in the city,1982,Filipiniana,
655,242C875,"Reverend John Croiset, S.J.",THE DEVOTION TO THE SACRED HEART OF OUR LORD JESUS CHRIST,1959,SPIRITUALITY,
35,307P334,"M. Scott Peck, M.D",THE DIFFERENT DRUM COMMUNITY MAKING AND PEACE,1987,REFERENCE (Library 2),
686,248.22C312,Jean Laplace,THE DIRECTION OF CONSCIENCE,1967,SPIRITUALITY,
294,248.2C749,Maureen Concoy,THE DISCERNING HEART DISCOVERING A PERSONAL GOD,1993,SPIRITUALITY,
17,234.165M118,John MacArthur,THE DIVORCE DILEMMA: GOD'S LAST WORD ON LASTING COMMINTMENT,1986,THEOLOGY,
84,616.94D659,,THE DOCTORS BOOK OF PAIN REMEDIES,1999,GEN-REF2,
81,234D659 v.1,Walter M. Abbott,THE DOCUMENT OF VACATION II ( 534 pages ),1966,THEOLOGY,
80,234D659 v.1,Walter M. Abbott,THE DOCUMENT OF VACATION II ( 792 pages ),1966,THEOLOGY,
375,282.092B953,Katharine Burton,THE DOOR OF HOPE : The story of Katharine Drexel,1963,SPIRITUALITY,
512,248.86B443,Robert Binson,THE DREAMING AND THE COMING TRUE,1996,SPIRITUALITY,
94,248.4M253,"WillIiam J. Malley, S.J.",THE DYNAMICS OF THE FILIPINO AND HUMAN FAITH EXPERIENCE : the philosophical paradigm of humanization and re-humanization through vitality and truth,2000,Filipiniana,
163,282.092H251,Mother Dolores Hart,THE EAR OF THE HEART,2013,SPIRITUALITY,
236,270.2Ec28,,The Ecclesiastical History of Evagrius : a history of the Church from Ad431 to AD 594,2008,THEOLOGY,
12,P724,Arthur Plotnik,THE ELEMENTS OF EXPRESSION,1996,FICTION,
201,262.6T392,Donald J. Thorman,THE EMERGING LAYMAN : the role of the catholic ( Layman in America),1965,THEOLOGY,
165,242.34 Em61,,THE EMMANUEL PHILIPPINE EDITION,2007,PERIODICAL,
7,155.26B392,"Maria Beesing, O.P., Robert J. Nogosek, C.S.C., Patrick H. O'Leary, S.J.",THE ENNEAGRAM: A JOURNEY OF SELF DISCOVERY,1984,REFERENCE (Library 2),
6,155.264P182,Helen Palmer,THE ENNEAGRAM: UNDERSTANDING YOURSELF AND THE OTHERS IN YOUR LIFE,1988,REFERENCE (Library 2),
475,234.77En828,,THE ENTHRONEMENT AND FAMILY CONSECRATION TO THE SACRED HEART : manual and ceremonial,1979,Filipiniana,
336,242.3R129,"Karl Rahner, S.J.",THE ETERNAL YEAR,1964,SPIRITUALITY,
15,SP2005,,THE EUCHARIST : Source and manifestation of vocations ; The 42nd world day of prayer for vocations,2005,VERTICAL FILE,
278,264.02B12,"Bishop Tedoro C. Bacani Jr., D.D.",THE EUCHARIST AND THE FILIPINO,1987,Filipiniana,
381,226.3K816,Jerome Kodell,The Eucharist in the New Testament,1988,Filipiniana,
507,264.02046Eu21c.1,by National Liturgical Commission /CBCP,The Eucharistic Prayers ( Booklet ) ; all the eucharistic prayers,1987,Filipiniana,
508,264.02046Eu21c.2,by National Liturgical Commission /CBCP,The Eucharistic Prayers ( Booklet ) ; all the eucharistic prayers,1987,Filipiniana,
509,264.02046Eu21c.3,by National Liturgical Commission /CBCP,The Eucharistic Prayers ( Booklet ) ; all the eucharistic prayers,1987,Filipiniana,
742,248.4Ex37,,THE EXERCISES AND THE COLLECTIVE DIMENSION OF HUMAN EXISTENCE,1979,SPIRITUALITY,
401,250C771,Guillermo Cook,THE EXPECTATION OF THE POOR : basic ecclesial communities,1985,Filipiniana,
23,271.53L11,,THE EXPERIENCE OF GC XXXIII,1984,SPECIAL COLLECTION,
41,616.891F567,William H. Fitts,THE EXPERIENCE OF PSYCHOTHERAPY,1965,REFERENCE (Library 2),
423,253.088C55,"Bill Clarke, S.J.",THE FACE OF FRIENDSHIP :  A true story of hope and transformation,2005,SPIRITUALITY,
65,253.088C55,"Bill Clarke, S.J.",THE FACE OF FRIENDSHIP : a true story of hope and transformation,2004,SPIRITUALITY,
664,248.2R213,Archbishop Joseph M. Raya,THE FACE OF GOD,1976,SPIRITUALITY,
87,346.599015N721,Jose N. Nolledo,THE FAMILY CODE OF THE PHILIPPINES ANNOTATED: 1990 THIRD AND REVISED EDITION,1990,FILIPIANA (LIBRARY 2),
88,346.59902N721,Jose N. Nolledo,THE FAMILY CODE OF THE PHILIPPINES ANNOTATED: 1993 REVISED EDITION 1994 REPRINT,1993,FILIPIANA (LIBRARY 2),
52,346.599015,Jose N. Nolledo,THE FAMILY CODE OF THE PHILIPPINES WITH HIGHLIGHTS OF THE NEW FAMILY CODE WITH EXECUTIVE ORDER NO.227 AMENDING THE FAMILY CODE,1987,FILIPIANA (LIBRARY 2),
104,252.02J613,Pope John Paul II,The Far East Journey of peace and brotherhood,1981,THEOLOGY,
49,741.5973L329,Gary Larson,THE FAR SIDE GALLERY 2,1986,REFERENCE (Library 2),
91,C426,G.K. Chesterton,THE FATHER BROWN OMNIBUS,1910-1911,FICTION,
436,248.2F247,Edward J. Farrell,THE FATHER IS VERY FOND OF ME,1975,SPIRITUALITY,
294,248.4F268,,The Father of Our Lord Jesus Christ,1998,Filipiniana,
559,243Sa223 c.1,Saint Augustine,THE FATHERS OF THE CHURCH  : The christian combat,1946,SPIRITUALITY,
,243Sa223 c.2 - 3,Saint Augustine,THE FATHERS OF THE CHURCH  : The christian combat (number of copies 3),1946,SPIRITUALITY Library 2 (Duplicate copies),
48,133.42K979,Man-Ho Kwok,THE FENG SHUI KIT,1995,GEN-REF2,
224,264.2F429,"William Pearson Edwards, editor","The Festival of nine lessons and carols : as celebrated on christmas eve in the chapel of king's college, Cambridge",2008,THEOLOGY,
829,271.53022Om13,"William J.O.Malley, S.J",THE FIFTH WEEK,2005,SPIRITUALITY,
260,262.142599D34c.1,"Horacio De La Costa, S.J.,",THE FILIPINO CLERGY: Historical Studies and Future Perspectives,1984,Filipiniana,
261,262.142599D34c.2,"Horacio De La Costa, S.J., ",THE FILIPINO CLERGY: Historical Studies and Future Perspectives,1984,Filipiniana,
129,268.4F477,E.C.E.R.I.,The Filipino Growing In Faith,1987,Filipiniana,
60,271.53024B518,"Miguel A. Bernad, S.J.",THE FIRST JESUIT SAINT ST IGNATIUS DE LOYOLA 1491-1556,1984,Filipiniana,
33,271.53009031Om13,John W. O'Malley,The First Jesuits,1993,General Reference,
,,,THE FIRST STATION : Jesus is condemmed to die,,,
80,996.6H519,"Francis x. Hezel, S.J","THE FIRST TAINT OF CIVILAZATION : A history of the caroline and marchall islands in pre-colonial days ,1541 - 1885",1983,REFERENCE (Library 2),
39,Al149,Mitch Albom,THE FIVE PEOPLE YOU MEET IN HEAVEN,2003,FICTION,
115,242G899,Gerard Groote,THE FOLLOWING OF CHRIST : the spiritual diary of Gerard Groote ( 1340-1384),1937,THEOLOGY,
43,641359595F739,,THE FOOD OF MALAYSIA,2000,GEN-REF2,
163,271.5Al21 c.1,aldama,THE FORMULA OF THE INSTITUTE,1982,General Reference,
164,271.5Al21c.2,aldama,THE FORMULA OF THE INSTITUTE,1982,General Reference,
676,248.8D568,Hannibal M. Di Francia,THE FORTY DECLARATIONS,1982,SPIRITUALITY,
124,248.2209M175,Bernard McGinn,THE FOUNDATIONS OF MYSTICISM : origins to the fifth century v.1  of the presence of God : a history of western christian mysticism,1991,SPIRITUALITY,
263,232D661,C.H. Dodd,The Founder of Christianity,1971,THEOLOGY,
31,282.9W711,Ralph M. Wiltgen,The Founding of the Roman Catholic Church in Oceania 1825-1850,1979,General Reference,
47,282.097959F828c.1,,THE FOURTH DIOCESAN SYNOD OF CEBU - an introduction,n.d.,Filipiniana,
48,282.097959F828c.2,.,THE FOURTH DIOCESAN SYNOD OF CEBU - an introduction,1986,Filipiniana,
42,262.83F828c.1,,THE FOURTH DIOCESAN SYNOD OF CEBU : summarry of activities part 1,n.d.,Filipiniana,
43,262.83F828c.2,,THE FOURTH DIOCESAN SYNOD OF CEBU : summarry of activities part 1,n.d.,Filipiniana,
45,262.83F828 c.1,,THE FOURTH DIOCESAN SYNOD OF CEBU summary of activities part two statutes on worship and formation,1986,Filipiniana,
46,262.83F828 c.2,"FR. ROBERT RICE, S.J.",THE FOURTH DIOCESAN SYNOD OF CEBU summary of activities part two statutes on worship and formation,1986,Filipiniana,
225,242.2G820,"Thomas H. Green, S.J.",THE FRIEND OF THE BRIDEGROOM : spiritual direction and the encounter with christ,2000,Filipiniana,
53,248.2G133,SEGUNDO GALILEA,THE FRIENDSHIP OF GOD : CHRISTIANITY AS FRIENDSHIP,1992,Filipiniana,
571,248.34V137,"Vachon, S.J",THE FRIST WEEK OF THE SPIRITUAL EXERCISES,1973,SPIRITUALITY,
588,248.2G133,Segunbdo Galilea,The Future of our past : the message of the hispanic mystics to contemporary spirituality,1985,Filipiniana,
244,264.023Sm76,"Dennis C. Smolarski, S.J",The General instruction of the roman missal ,2003,THEOLOGY,
679,248.4820924N856,Henri J.M. Nouwen,THE GENESEE DIARY: Report from a trappist monastery,1976,SPIRITUALITY,
609,248.092G366,Raul L. Locsin,THE GIFT OF LIFE,2000,Filipiniana,
735,282.0922D498v.1,Jacobus de Voragine,THE GOLDEN LEGEND READINGS ON THE SAINTS VOLUME I,,SPIRITUALITY,
736,282.0922D498v.2,Jacobus de Voragine,THE GOLDEN LEGEND READINGS ON THE SAINTS VOLUME II,1993,SPIRITUALITY,
29,821.0822P175,Francis T. Palgrave,THE GOLDEN TREASURY,1927,REFERENCE (Library 2),
141,226.207G694,,The Gospel According to John ( p. 542-781 ),n.d,BIBLICAL STUDIES,
165,226.3077G694,,The Gospel According to St. Mark ( photocopy),n.d.,BIBLICAL STUDIES,
571,226M52a,"Santos G. Mena, S.J.","THE GOSPEL ACCORDING TO THE ""EXTRAS"" SUNDAY CYCLE ""A""",1989,Filipiniana,
572,226M52b,"Santos G. Mena, S.J.","THE GOSPEL ACCORDING TO THE ""EXTRAS"" SUNDAY CYCLE ""B""",1989,Filipiniana,
573,226M52c,"Santos G. Mena, S.J.","THE GOSPEL ACCORDING TO THE ""EXTRAS"" SUNDAY CYCLE ""C""",1989,Filipiniana,
194,813.54M281,Norman Mailer,The Gospel According to the Son,1997,BIBLICAL STUDIES,
173,226.507B812,Raymond E. Brown,The Gospel and Epistles of John : a concise commentary,1994,BIBLICAL STUDIES,
137,248.34N556,Sr. Mary Niere,The Gospel of contemplation,1994,Filipiniana,
21,214.697G694,,THE GOSPEL OF LIFE,1995,PAPAL COLLECTION,
545,226.207M122,Denis McBride,THE GOSPEL OF LUKE : A REFLECTIVE COMMENTARY,1982,Filipiniana,
131,226.6G694,,THE GOSPEL OF MARK MATTHEW AND LUKE,,General Reference,
86,226.5077M352,John Marsh,The Gospel of Saint John,1968,BIBLICAL STUDIES,
113,226.4077G694,,THE GOSPEL OF THE LUKE : a reflective commentary,1991,Filipiniana,
427,248.4B660g,Fr. Jose Bouchaud,THE GOSPEL OF THE PIG-STY,,SPIRITUALITY,
142,227.4G694,,The Gospels /translated by Monsignor Ronald A. Knox,1958,BIBLICAL STUDIES,
76,232.908D875,Xavier Leon Dufour,THE GOSPELS AND THE JESUS OF HISTORY,1968,THEOLOGY,
171,226.4077K816,"Jerome Kodell, O, S, B",The Gosplay The According to Luke (Collegeville Bible Commentary ),1983,BIBLICAL STUDIES,
255,248.22P862,"A. Poulain, S.J.",THE GRACES OF INTERIOR PRAYER,1949,SPIRITUALITY,
526,210.4B343,.,THE GREAT CONTEST OF FAITH AND REASON : Selection from the Writings of Pierre Bayle,1963,SPIRITUALITY,
36,L585,C.S Lewis,THE GREAT DIVORCE,1946,FICTION,
223,273B417,Hilaire Belloc,The Great Heresies,1991,THEOLOGY,
35,200.9014Ar571,Karen Armstrong,The Great Transformation : The Beginning of our Religious Traditions,2007,General Reference,
5,959.9046T187,Francisco S. Tatad,THE GREATEST DEMOCRACY EVER TOLD PEOPLE POWER : An eyewitness history  (The Philippine revolution of 1986 ),1986,FILIPIANA (LIBRARY 2),
52,232.9Ou435,Fulton Oursler,THE GREATEST STORY EVER TOLD : a tale of the greatest life ever lived,1949,THEOLOGY,
740,248.4M312,Og Mandino,THE GREATEST SUCCESS IN THE WORLD,1981,SPIRITUALITY,
89,So49,Alexander Solzhenitsyn,THE GULAG ARCHIPELAGO,1973-1974,FICTION,
329,242.74Ay61,Nicholas Ayo,THE HAIL MARY :  A verbal icon of mary,1994,SPIRITUALITY,
7,282.03H231,Richard P. McBrien,The HarperCollins Encyclopedia of Catholicism,1995,General Reference,
791,248.4C139c.1,"P. Jose Calveras, S.J.",THE HARVEST-FIELD OF THE SPIRITUAL EXERCISES OF SAINT IGNATIUS,1949,SPIRITUALITY,
792,248.4C139c.2,"P. Jose Calveras, S.J.",THE HARVEST-FIELD OF THE SPIRITUAL EXERCISES OF SAINT IGNATIUS,1949,SPIRITUALITY,
793,248.4C139c.3,"P. Jose Calveras, S.J.",THE HARVEST-FIELD OF THE SPIRITUAL EXERCISES OF SAINT IGNATIUS,1949,SPIRITUALITY,
123,234.16M227,"McManus, Jim",The Healing power of the sacraments,1984,SPIRITUALITY,
22,G830,Graham Greene,THE HEART OF THE MATTER,1948,FICTION,
46,P442,Ellis Peters,THE HERETIC'S APPRENTICE,1990,FICTION,
168,226.0922088042G769,Joseph A. Grassi,The Hidden Heroes of the Gospels : Female Counterparts of Jesus,1989,BIBLICAL STUDIES,
265,232.9H530,,The Hidden Love of Jesus for Animals ,2004,THEOLOGY,
99,752.02B639,Linda Bolton,THE HISTORY AND TECHNIQUES OF THE GREAT MASTERS,1989,GEN-REF2,
371,207H629,,THE HISTORY OF ST. MARY'S MISSION IN STAINED GLASS: Eight Marrian Apparitions,1983,SPIRITUALITY,
459,271.7702D375,Jacques Delarue,THE HOLINESS OF VINCENT DE PAUL,1960,SPIRITUALITY,
22,220.520834H747,,The HOLY BIBLE : containing the old and new testaments,1969,BIBLICAL STUDIES,
175,220.520432H747,,THE HOLY BIBLE: Containing the Old and New Testaments,1961,BIBLICAL STUDIES,
25,220.520422H747,,THE HOLY BIBLE: REVISED STANDARD VERSION,1966,BIBLICAL STUDIES,
479,234.66H747,,THE HOLY HOUR,1958,Filipiniana,
100,262.001H747,,THE HOLY SPIRIT AND POWER :The catholic charismatic renewal ,1975,SPIRITUALITY,
876,248.4Ow21,"Aloysius J. Owen, S.J.",THE HOLY SPIRIT YOUR RETREAT DIRECTOR,1979,SPIRITUALITY,
234,241.68H292,John C. Haughey,THE HOLY USE OF MONEY : Personal Finances in light of Christian Faith,1986,SPIRITUALITY,
255,248W434,Francis X. Weiser,The Holyday Book : The story observance in liturgy and folklore of the Pentecost season and the facts of saints throughout the year,1956,THEOLOGY,
53,L585,C.S. Lewis,THE HORSE AND HIS BOY,1954,FICTION,
706,248.2L493,Francis P. Lebuffe S.J.,THE HOUND OF HEAVEN AN INTERPRATION,1938,SPIRITUALITY,
779,248D922,John S. Dunne,THE HOUSE OF WISDOM,1985,SPIRITUALITY,
4,227.830071M366,"C.C. Martindale, S.J.",THE HOUSEHOLD OF GOD: GOD'S  ARMY,1923,SPIRITUALITY,
11,158.2K221,Kathleen Keating,THE HUG THERAPY BOOK,1983,REFERENCE (Library 2),
38,612L585,Paul Lewis & David Rubenstein,THE HUMAN BODY,1971,REFERENCE (Library 2),
,,Robert and Mary rosera Joyce,THE HUMAN PERSON AS A SEXUAL BEING  chapt.2,,,
48,342.085P649,Senator Aquilino Q. Pimentel,THE HUMAN RIGHTS OF PARLIAMENTARIANS CHALLENGES AROUND THE WORLD,2010,FILIPIANA (LIBRARY 2),
672,242B86,Fredrick Buechner,THE HUNGERING DARK,1981,SPIRITUALITY,
56,On26,Eugene O'Neill,THE ICEMAN COMETH,1946,FICTION,
208,230Ot86,Rudolf Otto,THE IDEA OF THE HOLY : an inquiry into the non-rational factor in the idea of the divine and its relation to the rational,1963,THEOLOGY,
878,248.29M366c.1,Carlo Martini  S.J,THE IGNATIAN EXERCISES : In the light of St. John,1981,SPIRITUALITY,
879,248.29M366c.2,Carlo Martini  S.J,THE IGNATIAN EXERCISES : In the light of St. John,1981,SPIRITUALITY,
880,248.29M366c.3,Carlo Martini  S.J,THE IGNATIAN EXERCISES : In the light of St. John,1981,SPIRITUALITY,
,,"Terrence R. O'Connor, S.J",THE IGNATIAN EXERCISES AND THE LITURGICAL KERYGMA,,BOOKLET,
,,"Thomas E. Clarke, S.J",THE IGNATIAN EXERCISES CONTEMPLATION AND DICERNMENT,,BOOKLET,
,,"Avery Dulles, S.JH",THE IGNATIAN EXPERIENCE AS REFLECTED IN THE SPIRITUAL THEOLOGY OF KARL RAHNER,1965,BOOKLET,
567,248.4D227,Jean Danielou,THE IGNATIAN VISION OF THE UNIVERSE AND OF MAN ,1976,SPIRITUALITY,
848,242B796,"Alexandre Brou, S.J.",THE IGNATIAN WAY TO GOD,1952,SPIRITUALITY,
982,253Ad71,John F. ADoberty,THE IMAGE OF THE PRIEST ,1895,SPIRITUALITY,
177,242K326c.1,Thomas A. Kempis,THE IMITATION OF CHRIST,1977,SPIRITUALITY,
178,242K326c.2,Thomas A. Kempis,THE IMITATION OF CHRIST,1977,SPIRITUALITY,
179,242K326c.3,Thomas A. Kempis,THE IMITATION OF CHRIST,1977,SPIRITUALITY,
180,242K326c.4,Thomas A. Kempis,THE IMITATION OF CHRIST,1977,SPIRITUALITY,
181,242K326c.5,Thomas A. Kempis,THE IMITATION OF CHRIST,1977,SPIRITUALITY,
182,242K326c.6,Thomas A. Kempis,THE IMITATION OF CHRIST,1977,SPIRITUALITY,
183,242K326c.7,Thomas A. Kempis,THE IMITATION OF CHRIST,1977,SPIRITUALITY,
184,242K326c.8,Thomas A. Kempis,THE IMITATION OF CHRIST,1977,SPIRITUALITY,
185,242K326c.9,Thomas A. Kempis,THE IMITATION OF CHRIST,1977,SPIRITUALITY,
186,242K326c.10,Thomas A. Kempis,THE IMITATION OF CHRIST,1977,SPIRITUALITY,
187,242K326c.11,Thomas A. Kempis,THE IMITATION OF CHRIST,1977,SPIRITUALITY,
453,234.3K326,THOMAS A. KEMPIS,THE IMITATION OF CHRIST in four books,1952,Filipiniana,
24,225.2Se81,Aloysius H. Seubert,The Index to the NEW TESTAMENT,1955,BIBLICAL STUDIES,
129,225.2 Se81,Aloysius H. Seubert,The Index to the New Testament and The Topical Analysis to the New Testament,1945,BIBLICAL STUDIES,
443,226.8H384,"Herman Hendrickx, c.i.c.m.",THE INFANCY NARRATIVES,1975,Filipiniana,
660,248.2J641c.1,William Johnston,THE INNER EYE OF LOVE : Mysticism and Religion,1978,SPIRITUALITY,
661,248.2J641c.2,William Johnston,THE INNER EYE OF LOVE : Mysticism and Religion,1978,SPIRITUALITY,
797,248.4Z38,"Dom Hubert Van Zeller, O.S.B.",THE INNER SEARCH,,SPIRITUALITY,
455,248.4Se689,"A.D. SERTILLANGES, O.P.","THE INTELLECTUAL LIFE ITS SPIRIT, CONDITIONS, METHODS",1948,SPIRITUALITY,
45,225.48M355,Rev. Dr. Alfred Marshall,The Interlinear Greek-English New Testament : Marshall's literal English translation with the Nestle Greek text,1958,General Reference,
438,299.93M864,Oriah Mountain ,THE INVITATION,1999,SPIRITUALITY,
5,220.5204 J487 1966  c.1,,THE JERUSALEM BIBLE,1966,BIBLICAL STUDIES,
6,220.5204 J487 1966 c.2,,THE JERUSALEM BIBLE,1966,BIBLICAL STUDIES,
64,220.5204J487,,THE JERUSALEM BIBLE,1966,BIBLICAL STUDIES,
69,220.5204J487,,THE JERUSALEM BIBLE,1966,BIBLICAL STUDIES,
7,220.5204 J487 1968,,THE JERUSALEM BIBLE: SCHOOL EDITION,1968,BIBLICAL STUDIES,
557,947.085M951,"Edmund Murphy, S.J",THE JESUIT AND THE KGB,1986,SPIRITUALITY,
480,248.4J499,,THE JESUIT BROTHERS' VOCATION,1983,SPIRITUALITY,
49,377.35F247,Allan P. Farrell,The Jesuit Code of Liberal education : Development and Scope of the Ratio Studiorium,1938,General Reference,
,,Bst asia EAST. Mofaleda,THE JESUIT CONFERENCE OF EAST ASIA AND OCEANIA,,BOOKLET,
,,"Peter - Hans Kolvenbach, S.J",THE JESUIT FORMATOR TODAY,,BOOKLET,
47,266.2701j499 c.1,,The Jesuit Relations and Allied Documents: Travels and Explorations of the Jesuit Missionaries in New France 1610-1791,1959,General Reference,
48,266.2701J499 c.2,,The Jesuit Relations and Allied Documents: Travels and Explorations of the Jesuit Missionaries in New France 1610-1791,1959,General Reference,
271,271.509H726,Christopher Hollis,THE JESUITS A HISTORY,1968,SPIRITUALITY,
138,282.092H229,"Martin P. Harney, S.J., M.A.",THE JESUITS IN HISTORY,1941,THEOLOGY,
11,271.53054 Af66,"John Correia Afonso, S.J.",THE JESUITS IN INDIA 1542-1773 : a short history,1997,THEOLOGY,
58,271.53L131,"John LaFarge, S.J.",THE JESUITS IN MODERN TIMES,1928,SPIRITUALITY,
139,266.209599D370,"de la Costa, H.",THE JESUITS IN THE PHILIPPINES 1581-1768,1961,Filipiniana,
79,248.343 G940,"Joseph de Guibert, S.J.",THE JESUITS THEIR SPIRITUAL DOCTRINE AND PRACTICE : a historical study,1964,THEOLOGY,
37,282.0902J499,,The Jesuits Yearbook 1960,1960,General Reference,
36,282.0902J499,,The Jesuits Yearbook 1965-1966,1966,General Reference,
38,282.0902J499,,The Jesuits Yearbook 1989-1990,1989,General Reference,
84,271.53 B282,Manfred Barthel,THE JESUITS: HISTORY AND LEGEND OF THE SOCIETY OF JESUS,1982,THEOLOGY,
43,271.53 M363c.1,Malachi Martin,THE JESUITS: THE SOCIETY OF JESUS AND THE BETRAYAL OF THE ROMAN CATHOLIC CHURCH,1987,THEOLOGY,
44,271.53 M363c.2,Malachi Martin,THE JESUITS: THE SOCIETY OF JESUS AND THE BETRAYAL OF THE ROMAN CATHOLIC CHURCH,1987,THEOLOGY,
824,271.5G940c.1,Joseph de Guilbert,THE JESUITSN: Their Spiritual doctrine and practice,1994,SPIRITUALITY,
825,271.5G940c.2,Joseph de Guilbert,THE JESUITSN: Their Spiritual doctrine and practice,1994,SPIRITUALITY,
206,248.4W652,David Wilkerson,THE JESUS WALK,1972,THEOLOGY,
16,242.2C35,Jaya Chaliha ,THE JOY IN LOVING: a guide to daily living with MOTHER TERESA,1997,SPIRITUALITY,
84,282F496,Mitch Finley,THE JOY OF BEING CATHOLIC: A RESOUNDING AFFIRMATION OF OUR FAITH,2009,SPIRITUALITY,
252,248.3M52,"Santos G. Mena, S.J.",THE J-TEAM: 25 Gospel Meditations for times of discernment,1989,Filipiniana,
304,242.34M52,"Santos G. Mena, S.J.",THE J-TEAM: 25 Gospel Meditations for times of discernment,1989,Filipiniana,
99,248.4J984,,THE JUSTICE OF THE KINGDOM : CHRISTIAN SPIRITUALITY FOR OUR TIMES,1984,SPIRITUALITY,
17,344.599Az84,C.A. Azucena,THE LABOR CODE WITH COMMENTS AND CASES,1993,FILIPIANA (LIBRARY 2),
50,L339,,THE LAST DAYS OF DR.TOM DOOLEY,1961,FICTION,
45,226.5R482,Francis J. Ripley,THE LAST GOSPEL : doctrinal and spiritual conferences on the opening verses of St. John's Gospel,1961,THEOLOGY,
200,262.6L454,"James O'Gara, editor",THE LAYMAN IN THE CHURCH,1962,THEOLOGY,
199,262.6Sch331,"Edward Schillebeeckx, O.P.",THE LAYMAN IN THE CHURCH and other essays,1963,THEOLOGY,
865,248.4P313,Richard Peace,THE LEARNING TO LOVE SERIES ,1994,SPIRITUALITY,
789,248.4Sa221,ST. Ignatius,THE LETTER OF OBEDIENCE,1981,SPIRITUALITY,
119,266.2092C824c.1,,THE LETTERS AND INSTRUCTIONS OF FRANCIS XAVIER,1992,SPIRITUALITY,
120,266.2092C824c.2,,THE LETTERS AND INSTRUCTIONS OF FRANCIS XAVIER,1992,SPIRITUALITY,
235,282.092H417,"Clarence A. Herbst, S.J.",THE LETTERS OF SAINT MARGARET MARY ALACOQUE,1954,SPIRITUALITY,
458,979.4010924W388,Msgr. Francis J. Weber,THE LIFE AND TIMES OF FRAY JUNIPERO SERRA,1988,SPIRITUALITY,
451,271.97M312,"REV. STEFANO M. MANELLI, O.F.M. CONV., S.T.D.",THE LIFE AND VIRTUES OF TERESA MANGANIELLO,n.d.,Filipiniana,
445,248.34L626, ,THE LIFE IN THE SPIRIT SEMINARS TEAM MANUAL : Catholic Edition,1979,SPIRITUALITY,
146,232R359,Giuseppe Ricciotti,THE LIFE OF CHRIST,1947,THEOLOGY,
85,248.2G931,Romano Guardini,THE LIFE OF FAITH,1961,SPIRITUALITY,
47,232R290,Ernest Renan,THE LIFE OF JESUS,,THEOLOGY,
77,232.901 M56c.1,"Maurice Meschler, S.J.",THE LIFE OF OUR LORD JESUS CHRIST,1953,THEOLOGY,
78,232.901 M56c.2,"Maurice Meschler, S.J.",THE LIFE OF OUR LORD JESUS CHRIST,1953,THEOLOGY,
12,282.092G135,Louis J. Gallagher S.J.,"THE LIFE OF SAINT ANDREW BOBOLA of the society of Jesus, martyr",1939,SPIRITUALITY,
268,271.2R815,Fanchon Royer,THE LIFE OF ST. ANTHONY MARY CLARET,1985,SPIRITUALITY,
,,"Norman O'Neal, S.J",THE LIFE OF St. IGNATIUS LOYOLA,,BOOKLET,
688,248.2P773c.1,Kathleen Pond,The Life of St. John of the Cross,1958,SPIRITUALITY,
102,271.973L626,,THE LIFE OF TERESSA OF JESUS,1944,SPIRITUALITY,
223,232.91B830,Janet Bruce,The Life of the Blessed Virgin Mary,1964,Filipiniana,
90,248.4G619c.1,"Alban Goodier, S.J.",THE LIFE THAT IS LIGHT,n.d.,THEOLOGY,
91,248.4G619c.2,"Alban Goodier, S.J.",THE LIFE THAT IS LIGHT,n.d.,THEOLOGY,
658,242G619v.3,"Archbishop Alban Goodier, S.J..",THE LIFE THAT IS LIGHT Volume III  : The passion ; The resurrection and love ; A little that really matters ,1969,SPIRITUALITY,
659,242G619v.1 ,"Archbishop Alban Goodier, S.J..",THE LIFE THAT IS LIGHT Volume.1,1969,SPIRITUALITY,
115,220.0202L661,,"THE LION HANDBOOK TO THE BIBLE : a full colour guide to all the books of the bible articles by experts pictures, maps, charts",1980,General Reference,
14,709.04L721,,THE LITTLE BIG ART BOOK,2004,GEN-REF2,
439,271.302L721,,THE LITTLE FLOWERS OF SAINT FRANCIS OF ASSISI,,SPIRITUALITY,
35,Ex93,Antoine De Saint-Exupery,THE LITTLE PRINCE,1995,FICTION,
207,264.024L737,James P. Mahoney,THE LITURGY OF THE HOURS,1975,THEOLOGY,
87,231G931,Romano Guardini,THE LIVING GOD,1957,THEOLOGY,
23,242.33P313,Larry J. Peacock,THE LIVING Nativity : preparing for christmas with Saint Francis,2018,THEOLOGY,
20,959.93L786,,THE LOCAL HISTORICAL SOURCE OF NORTHERN MINDANAO,1995,FILIPIANA (LIBRARY 2),
,,"Jorge Centelles, S.J",THE LONG RETREAT AND CLASS - STRUGGLE,,BOOKLET,
148,232G931,Romano Guardini,THE LORD,1954,THEOLOGY,
,,"Peter - Hans Kolvenbach, S.J",The Lord From La Storta,,BOOKLET,
178,223.206R710,David E. Rosage,The Lord is my Shepherd : praying the psalms (a guide to making the psalms your personal prayer,1984,BIBLICAL STUDIES,
608,226.9606G931,Romano Guardini,THE LORD'S PRAYER,1958,SPIRITUALITY,
523,226.9606B633,Leonardo Boff,The Lord's prayer : the prayer of integral liberation,1984,Filipiniana,
15,Se22,Alice Sebold's,THE LOVELY BONES,2002,FICTION,
445,248.3L958,,THE LOYOLA READER,n.d.,Filipiniana,
73,220.910223Ah15,Yohanan Aharoni,THE MAC MILLAN :BIBLE ATLAS,1968,General Reference,
46,613J132,Judith Jackson,THE MAGIC OF WELL~BEING,1997,GEN-REF2,
54,L585,C.S. Lewis,THE MAGICIAN'S NEPHEW,1955,FICTION,
457,940.4780924C374,Pierre Teilhard de Chardin,THE MAKING OF A MIND : Letters from a soldier -priest,1961,SPIRITUALITY,
36,959.903Sch861,"John N. Schumacher, S.J.",THE MAKING OF A NATION: ESSAYS ON NINETEENTH-CENTURY FILIPINO NATIONALISM,1991,FILIPIANA (LIBRARY 2),
3,262.136G812,Andrew M. Greeley,THE MAKING OF THE POPES 1978 : The politics of intrigue in the vatican,1979,PAPAL COLLECTION,
59,828.912C426,Raymond T. Bond,THE MAN WHO WAS CHESTERTON,1960,REFERENCE (Library 2),
93,C426,G.K Chesterton,The man who was Thursday ,1986,FICTION,
221,282.092L131,John LaFarge,The Manner is ordinary,1954,THEOLOGY,
92,232.910222B896,Shirley C. Burden,THE MANY FACES OF MARY,1989,General Reference,
345,232.931M369,,THE MARY BOOK,1950,SPIRITUALITY,
1,111J596,"Robert Johann, S.J.",THE MEANING OF LOVE,1966,REFERENCE (Library 2),
606,268.307M467,,THE MEDELLIN PAPERS ,1969,Filipiniana,
59,M459,Marshall McLuhan,THE MEDIUM IS THE MASSAGE,1967,FICTION,
9,232.955G315,Birger Gerhardsson,THE MIGHTY ACTS OF JESUS ACCORDING TO MATTHEW,1979,THEOLOGY,
7,Z842,Gary Zukav,THE MIND OF THE SOUL: RESPONSIBLE CHOICE,2003,FICTION,
51,226.8H384,"Herman Hendrickx, c.i.c.m.",THE MIRACLE STORIES : studies in the synoptic gospels,1987,Filipiniana,
206,248.4J641,,THE MIRROR MIND,1981,SPIRITUALITY,
308,232Ab39,Carlos H. Abesamis,THE MISSION OF JESUS AND GOOD NEWS TO THE POOR,1987,Filipiniana,
176,979.462C441,Jacqueline Ching,The Mission San Rafael Arcangel,2003,General Reference,
23,282.03M720,"Michael Glazier, editor",The Modern Catholic Encyclopedia,1994,General Reference,
174,248.8Ar699,"Father Pedro Arrupe , S.J",THE MODERNRELIGIOUS SUPERIOR,1980,SPIRITUALITY,
18,232.91M856,,THE MOTHER OF THE REEDEMER : ENCYCLICAL LETTER REDEMPTORIS MATER OF THE SUPREME PONTIFF JOHN PAUL II ON THE BLESSED VIRGIN MARY IN THE LIFE OF THE CHURCH,1987,PAPAL COLLECTION,
9,242.74M999c.1,,THE MYSTERIES OF LIGHT :  (The rosary of the virgin mary ) Apostolic letter of the supreme pontiff,2002,PAPAL COLLECTION,
10,242.74M999c.2,,THE MYSTERIES OF LIGHT :  (The rosary of the virgin mary ) Apostolic letter of the supreme pontiff,2002,PAPAL COLLECTION,
30,232.966W691,Ian Wilson,The Mysterious Shroud,1986,General Reference,
508,233.208M999,,THE MYSTERY OF SIN AND FORGIVENESS,1975,SPIRITUALITY,
887,248.22J641,William Johnston,THE MYSTICISM OF THE CLOUD OF UNKNWING ,,SPIRITUALITY,
408,242L459,"Fray Emeterio Lazo, OSA",THE MYSTIC'S SONGS: A COLLECTION OF POEMS AND COMMENTARY,1997,Filipiniana,
442,248.3L518,"Ven. Leonard Lessius, S.J.",THE NAMES OF GOD : Meditative summaries of the divine perfections,1912,SPIRITUALITY,
30,C426,G.K Chesterton,THE NAPOLEON OF NOTTING HILL,1978,FICTION,
291,234.16309599On21,,"THE NATIONAL EUCHARISTIC YEAR Philippines, 8 Dec. 1986- 8 Dec. 1987",,Filipiniana,
55,220.520N420,,THE NEW AMERICAN BIBLE,2010,BIBLICAL STUDIES,
77,220.520N420,,The New American Bible,1971,BIBLICAL STUDIES,
81,220.5205N420,,The NEW AMERICAN BIBLE ( translated from the original languages with critical use of all the ancient sources ),1970,BIBLICAL STUDIES,
188,220.52N420,,THE NEW AMERICAN BIBLE : translated from the original languages with critical use of all the ancient sources,1992,BIBLICAL STUDIES,
47,222.607W676,H.G.M. WILLIAMSON,THE NEW CENTURY BIBLE COMMENTARY: 1 AND 2 CHRONICLES,1982,BIBLICAL STUDIES,
49,222.507J710 v.1,G.H. JONES,"THE NEW CENTURY BIBLE COMMENTARY: 1 AND 2 KINGS, VOLUME I",1984,BIBLICAL STUDIES,
48,222.507J710 v.2,G.H. JONES,"THE NEW CENTURY BIBLE COMMENTARY: 1 AND 2 KINGS, VOLUME II",1984,BIBLICAL STUDIES,
31,227.81077M355,I. HOWARD MARSHALL,THE NEW CENTURY BIBLE COMMENTARY: 1 AND 2 THESSALONIANS,1983,BIBLICAL STUDIES,
27,227.92077B464,ERNEST BEST,THE NEW CENTURY BIBLE COMMENTARY: 1 PETER,1982,BIBLICAL STUDIES,
33,227.707M363,RALPH P. MARTIN,THE NEW CENTURY BIBLE COMMENTARY: COLOSSIANS AND PHILEMON,1981,BIBLICAL STUDIES,
50,222.1507M453,A.D.H. MAYES,THE NEW CENTURY BIBLE COMMENTARY: DEUTERONOMY,1981,BIBLICAL STUDIES,
35,227.507M698,C. LESLIE MITTON,THE NEW CENTURY BIBLE COMMENTARY: EPHESIANS,1981,BIBLICAL STUDIES,
51,222.1207H991,J.P. HYATT,THE NEW CENTURY BIBLE COMMENTARY: EXODUS,1980,BIBLICAL STUDIES,
40,224.4077W54,JOHN W. WEVERS,THE NEW CENTURY BIBLE COMMENTARY: EZEKIEL,1982,BIBLICAL STUDIES,
46,222C615,D.J. CLINES,"THE NEW CENTURY BIBLE COMMENTARY: EZRA, NEHEMIAH, ESTHER",1984,BIBLICAL STUDIES,
28,227.407G984,DONALD GUTHRIE,THE NEW CENTURY BIBLE COMMENTARY: GALATIANS,1973,BIBLICAL STUDIES,
37,227.2077B830,F.F. BRUCE,THE NEW CENTURY BIBLE COMMENTARY: I AND II CORINTHIANS,1980,BIBLICAL STUDIES,
41,224.107W622,R.N. WHYBRAY,THE NEW CENTURY BIBLE COMMENTARY: ISAIAH 40-66,1981,BIBLICAL STUDIES,
42,224.1077C591,R.E. CLEMENTS,THE NEW CENTURY BIBLE COMMENTARY: ISAIAH I-39,1980,BIBLICAL STUDIES,
32,227.9Si36,E.M. SIDEBOTTOM,"THE NEW CENTURY BIBLE COMMENTARY: JAMES, JUDE, 2 PETER",1967,BIBLICAL STUDIES,
34,227.6077M363,RALPH P. MARTIN,THE NEW CENTURY BIBLE COMMENTARY: PHILIPPIANS,1980,BIBLICAL STUDIES,
38,227.107B561,MATTHEW BLACK,THE NEW CENTURY BIBLE COMMENTARY: ROMANS,1981,BIBLICAL STUDIES,
36,226.607N324,WILLIAM NELL,THE NEW CENTURY BIBLE COMMENTARY: THE ACTS OF THE APOSTLES,1981,BIBLICAL STUDIES,
45,223.1077R797,H.H ROWLEY,THE NEW CENTURY BIBLE COMMENTARY: THE BOOK OF JOB,1980,BIBLICAL STUDIES,
44,223.207An231 v.1,A.A. ANDERSON,"THE NEW CENTURY BIBLE COMMENTARY: THE BOOK OF PSALMS, VOLUME I (PSALMS 1-72)",1981,BIBLICAL STUDIES,
43,223.207An231 v.2,A.A. ANDERSON,"THE NEW CENTURY BIBLE COMMENTARY: THE BOOK OF PSALMS, VOLUME II (PSALSMS 73-150)",1981,BIBLICAL STUDIES,
26,226.3An231,HUGH ANDERSON,THE NEW CENTURY BIBLE COMMENTARY: THE GOSPEL OF MARK,1976,BIBLICAL STUDIES,
39,226.207H550,DAVID HILL,THE NEW CENTURY BIBLE COMMENTARY: THE GOSPEL OF MATTHEW,1981,BIBLICAL STUDIES,
29,227.9407G795,KENNETH GRAYSTON,THE NEW CENTURY BIBLE COMMENTARY: THE JOHANNINE EPISTLES,1984,BIBLICAL STUDIES,
30,227.83077H198,A.T. HANSON,THE NEW CENTURY BIBLE COMMENTARY: THE PASTORAL EPISTLES,1982,BIBLICAL STUDIES,
32,261.808822N420,"Judith A. Dwyer, editor",The New Dictionary of Catholic Social Thought,1994,General Reference,
1,248.08822N420,Michael Downey,The New Dictionary of Catholic Spirituality,1993,General Reference,
66,264.036P989,,"THE NEW EXPLORING GOD'S WORLD YEAR ""C"" PART 1",1998,Filipiniana,
15,004.03N420,,THE NEW INTERNATIONAL WEBSTER'S POCKET COMPUTER DICTIONARY OF THE ENGLISH LANGUAGE,2005,GEN-REF2,
2,220.6N420,"Raymond E. Brown, S.S.",THE NEW JEROME BIBLICAL COMMENTARY,1990,BIBLICAL STUDIES,
147,220.7B812,"Raymond E. Brown, O.Carm.",The New Jerome Biblical Commentary,1990,BIBLICAL STUDIES,
78,225.48N420,,The New Testament in the Original Greek,1956,BIBLICAL STUDIES,
8,220.52054N420bc.1,,THE NEW TESTAMENT OF THE NEW AMERICAN BIBLE ( blue),1970,BIBLICAL STUDIES,
9,220.52054N420bc.2,,THE NEW TESTAMENT OF THE NEW AMERICAN BIBLE ( blue),1970,BIBLICAL STUDIES,
10,220.52054N420bc.3,,THE NEW TESTAMENT OF THE NEW AMERICAN BIBLE ( blue),1970,BIBLICAL STUDIES,
11,220.52054N420bc.4,,THE NEW TESTAMENT OF THE NEW AMERICAN BIBLE ( blue),1970,BIBLICAL STUDIES,
,220.52054N420bc.5,,"THE NEW TESTAMENT OF THE NEW AMERICAN BIBLE (blue, number of copies 5)",1970,BIBLICAL STUDIES LIB 2 (duplicate copies),
12,220.52054N420g c.1,,THE NEW TESTAMENT OF THE NEW AMERICAN BIBLE: SAINT JOSEPH EDITION (green),1970,BIBLICAL STUDIES,
13,220.52054N420g c.2,,THE NEW TESTAMENT OF THE NEW AMERICAN BIBLE: SAINT JOSEPH EDITION (green),1970,BIBLICAL STUDIES,
14,220.52054N420g c.3,,THE NEW TESTAMENT OF THE NEW AMERICAN BIBLE: SAINT JOSEPH EDITION (green),1970,BIBLICAL STUDIES,
,220.52054N420g c.4 - 27,,"THE NEW TESTAMENT OF THE NEW AMERICAN BIBLE: SAINT JOSEPH EDITION (green, number of copies 27)",1970,BIBLICAL STUDIES LIB 2 (duplicate copies),
185,225.115H550,David Hill,THE NEW TESTAMENT PROPHECY ( reader in bibblical studies ),1979,BIBLICAL STUDIES,
474,234.72N420,,THE NEW WAY OF THE CROSS,1970,Filipiniana,
75,600M119,David Macaulay,THE NEW WAY THINGS WORK,1998,GEN-REF2,
149,220.2N420,,The New World Idea Index to the Holy Bible,1972,BIBLICAL STUDIES,
103,266.2309N420,,THE NEW YORK PROVINCE JESUITS,1991,GEN-REF2,
89,384.6N420,,THE NEW ZIP CODE DIRECTORY OF THE PHILIPPINES,,FILIPIANA (LIBRARY 2),
340,248.4N171,Robert Nash. S.J.,THE NUN AT HER PRIE-DIEU,1950,SPIRITUALITY,
52,271.53092M469,Theodore Maynard,The Odyssey of Francis Xavier,1936,SPIRITUALITY,
78,423.1Ox22,,THE OFXORD DICTIONARY AND THESAURUS AMERICAN EDITION,1996,GEN-REF2,
34,F952,Carlos Fuentes,THE OLD GRINGO,1985,FICTION,
75,H373,Ernest Hemingway,THE OLD MAN AND THE SEA,1952,FICTION,
190,221.93L221,H. Darrell Lance,THE OLD TESTAMENT AND THE ARCHAEOLOGIST,1981,BIBLICAL STUDIES,
30,262.5 N856,Michael Novak,"THE OPEN CHURCH : Vatican II, Act II",1964,THEOLOGY,
483,264.03Or22c.1,,THE ORDER OF MASS: THE ROMAN MISSAL,2010,Filipiniana,
484,264.03Or22c.2,,THE ORDER OF MASS: THE ROMAN MISSAL,2010,Filipiniana,
192,235.47P146,Elaine Pagels,The Origin of Satan ,1995,BIBLICAL STUDIES,
269,271.5309B785,"James Brodrick, S.J.",The origin of the Jesuits ,1960,THEOLOGY,
680,248.3K299,Mortn T. Kelsey,THE OTHER SIDE OF SILENCE : A guide to christain meditation,1976,SPIRITUALITY,
116,220.3Ox22,,THE OXFORD : ESSENTIAL GUIDE TO PEOPLE AND PLACES OF THE BIBLE,2001,General Reference,
117,220.3Ox23,,THE OXFORD : ESSENTIAL GUIDE TO PEOPLE AND PLACES OF THE BIBLE,2001,General Reference,
60,220.3Ox22,"Bruce M. Metzger, editor",THE OXFORD COMPANION TO THE BIBLE,1993,BIBLICAL STUDIES,
20,282.0922K295,,The Oxford Dictionary of Popes,1986,General Reference,
81,938M119,"John Boardman, Jasper Griffin, Oswyn Murray",THE OXFORD HISTORY OF THE CLASSICAL WORLD,1986,GEN-REF2,
68,423.1Ox22,,THE OXFORD UNIVERSAL DICTIONARY ILLUSTRATED,1961,GEN-REF2,
26,423.1L721,William Little,The Oxford Universal Dictionary Illustrated : an illustrated edition of the shorter oxford english dictionary,1967,General Reference,
91,262.8F885,Anne Fremantle,THE PAPAL ENCYCLICALS IN THEIR HISTORICAL CONTEXT,1963,PAPAL COLLECTION,
121,226.9226.9J472,Joachim Jeremias,THE PARABLES OF JESUS,1963,THEOLOGY,
69,264 W168g,"Eugene A. Walsh, S.S.",THE PARISH SUNDAY ASSEMBLY: GATHERS,1988,THEOLOGY,
70,264 W168l,"Eugene A. Walsh, S.S.",THE PARISH SUNDAY ASSEMBLY: LISTENS,1988,THEOLOGY,
71,264 W168r,"Eugene A. Walsh, S.S.",THE PARISH SUNDAY ASSEMBLY: RESPONDS,1988,THEOLOGY,
205,232.96F367,J.C. Fenton,THE PASSION ACCORDING TO JOHN,1961,SPIRITUALITY,
395,242P267,,THE PASSION ACCORDING TO SAINT IGNATIUS,,SPIRITUALITY,
56,232.96K835c.1,Peter-Hans Kolvenbacch,THE PASSION ACCORDING TO ST. IGNATIUS *** FOOLS FOR CHRIST'S SAKE,1989,SPIRITUALITY,
57,232.96K835c.2,Peter-Hans Kolvenbacch,THE PASSION ACCORDING TO ST. IGNATIUS *** FOOLS FOR CHRIST'S SAKE,1989,SPIRITUALITY,
164,232.96P267,,The Passion Narrative: General Remarks ( photocopy),n.d.,BIBLICAL STUDIES,
72,220.6P268,,THE PASTORAL GUIDE TO THE BIBLE ( Chicago Studies ),1978,BIBLICAL STUDIES,
609,248.3D641,"Parmananda R. Divarkar, S.J.",THE PATH OF INTERIOR KNOWLEDGE : Reflection on the spiritual exercises of St Ignatius of loyola,1983,SPIRITUALITY,
903,248.4N856,Henri J.M. Nouwen,THE PATH OF POWER,1995,SPIRITUALITY,
65,P376,,THE PENGUIN BOOK OF SICK VERSE,1963,FICTION,
673,248.29Al749c.1,"Herbert Alphonso,S.J",THE PERSONAL VOCATION : Transformation in depth through the spiritual exercises,1990,SPIRITUALITY,
674,248.29Al749c.2,"Herbert Alphonso,S.J",THE PERSONAL VOCATION : Transformation in depth through the spiritual exercises,1990,SPIRITUALITY,
675,248.29Al749c.3,"Herbert Alphonso,S.J",THE PERSONAL VOCATION : Transformation in depth through the spiritual exercises,1990,SPIRITUALITY,
63,262.09959P538,RICHARD P.HARDY,THE PHILIPPINE BISHOPS SPEAK (1968-1983),1984,Filipiniana,
301,262.14P538,,"The Philippine Clergy Workbook 2004 :spirituality lifestyle, pastoral ministry and priestly formation",2004,Filipiniana,
,,Bii no.2 june NO. Mvolaleda,"THE PHILIPPINE JESUIT VOL.VII NO.2 JUNE,1960 : Ordination issue ",1960,BOOKLET,
14,307.14P538,"Fr. Peter-Hans Kolvenbach, S.J.",THE PHILIPPINE PROVINCE OF THE SOCIETY OF JESUS,1991,FILIPIANA (LIBRARY 2),
37,303.49M313,Mahar Mangahas,THE PHILIPPINE SOCIAL CLIMATE: FROM THE SWS SURVEYS,1994,FILIPIANA (LIBRARY 2),
138,282.599C376,"Pierre de Charentenay, S.J.",The Philippines : An Asiatic and Catholic Archipelago,2016,Filipiniana,
178,261.709599P538,,THE PHILIPPINES : THE CHURCH IN AN UNFINISHED SOCIETY,n.d.,Filipiniana,
148,255.53P643,"Aristotle C. Dy, S.J.",THE PILGRIM AND THE SAGE,2019,SPIRITUALITY,
40,C159,Albert Camus,THE PLAGUE,1947,FICTION,
187,234B235,William Barclay,"THE PLAIN MAN LOOKS AT THE APOSTLES"" CREED",1982,THEOLOGY,
927,248.29V89c.1,"Franz von Hummelauer, S.J.",THE PLAN OF THE SPIRITUAL EXERCISES OF St. IGNATIUS OF LOYOLA ,,SPIRITUALITY,
928,248.29V89c.2,"Franz von Hummelauer, S.J.",THE PLAN OF THE SPIRITUAL EXERCISES OF St. IGNATIUS OF LOYOLA ,,SPIRITUALITY,
929,248.29V89c.3,"Franz von Hummelauer, S.J.",THE PLAN OF THE SPIRITUAL EXERCISES OF St. IGNATIUS OF LOYOLA ,,SPIRITUALITY,
930,248.29V89c.4,"Franz von Hummelauer, S.J.",THE PLAN OF THE SPIRITUAL EXERCISES OF St. IGNATIUS OF LOYOLA ,,SPIRITUALITY,
931,248.29V89c.5,"Franz von Hummelauer, S.J.",THE PLAN OF THE SPIRITUAL EXERCISES OF St. IGNATIUS OF LOYOLA ,,SPIRITUALITY,
931,248.29V89c.6,"Franz von Hummelauer, S.J.",THE PLAN OF THE SPIRITUAL EXERCISES OF St. IGNATIUS OF LOYOLA ,,SPIRITUALITY,
931,248.29V89c.7,"Franz von Hummelauer, S.J.",THE PLAN OF THE SPIRITUAL EXERCISES OF St. IGNATIUS OF LOYOLA ,,SPIRITUALITY,
285,248.3H883c.1,"Franz Von Hummelauer, S.J.","THE PLAN of the Spiritual Exercises of St. Ignatius of Loyola from the ""Puncta Meditationum et Contemplationum S.P. Ignatii""",n.d.,Filipiniana,
286,248.3H883c.2,"Franz Von Hummelauer, S.J.","THE PLAN of the Spiritual Exercises of St. Ignatius of Loyola from the ""Puncta Meditationum et Contemplationum S.P. Ignatii""",n.d.,Filipiniana,
426,248.4B66Op,Fr. Jose Bouchaud,THE POOR HAVE EVANGELIZED ME,,SPIRITUALITY,
321,282.7P810,SOCIETY OF ST. PAUL,THE POPE TO THE FILIPINO PEOPLE : the complete speeches of John Paul II,1981,Filipiniana,
106,248.4P313,Norman Vincent Peale,THE POWER OF POSITIVE THINKING,1978,THEOLOGY,
394,248.22P16,"Sebastian Painadath, S.J.",The Power of Silence : Fifty Meditations to Discover the Divine Space within you,2009,Filipiniana,
24,158.1M366,Scott Martineau,"THE POWER OF YOU! HOW YOU CAN CREATE HAPPINESS, BALANCE, AND WEALTH",2006,GEN-REF2,
450,248.3M236c.1,"Francis MacNutt, O.P.",THE POWER TO HEAL,1977,SPIRITUALITY,
451,248.3M236c.2,"Francis MacNutt, O.P.",THE POWER TO HEAL,1977,SPIRITUALITY,
129,248.482R129,Karl Rahner,THE PRACTICE OF FAITH : a handbook of contemporary spirituality,1985,General Reference,
666,248.4B279c.1,William A. Barry & William J. Connolly,THE PRACTICE OF SPIRITUAL DIRECTION,1960,SPIRITUALITY,
667,248.4B279c.2,"John C. Ford, S.J.",THE PRACTICE OF SPIRITUAL DIRECTION,1960,SPIRITUALITY,
668,248.4B279c.3,"Rafael N. Borromeo, S.J.",THE PRACTICE OF SPIRITUAL DIRECTION,1960,SPIRITUALITY,
541,242B630,"Leonard Boase, S.J.",THE PRAYER OF FAITH,1976,SPIRITUALITY,
88,248.32P898,,"THE PRAYER OF JESUS : a monk of the Eastern church =its genesis, development and practice in the…",1967,SPIRITUALITY,
910,249M236,Francis Macnutt,THE PRAYER THAT HEALS : Praying for healing in the family,1981,SPIRITUALITY,
20,225.66C656,Donald Coggan,THE PRAYERS OF THE NEW TESTAMENT,1967,BIBLICAL STUDIES,
91,248.3D227,Jean Danielou,THE PRESENCE OF GOD,1960,SPIRITUALITY,
149,282.092P933c.1,,"THE PRIEST and the Third Christian Millenium teacher of the word, minister of the sacraments and leader of the community ( Congregation for the clergy )",1999,Filipiniana,
150,282.092P933c.2,,"THE PRIEST and the Third Christian Millenium teacher of the word, minister of the sacraments and leader of the community ( Congregation for the clergy )",1999,Filipiniana,
28,253On26,David P. O'Neill,THE PRIEST IN CRISIS / A STUDY IN ROLE CHANGE,1968,SPIRITUALITY,
811,248.3Sh358,Fulton Sheen,THE PRIEST IS NOT HIS OWN,1963,SPIRITUALITY,
588,232.9G619,"Rev. Alban Goodier, S.J.",THE PRINCE OF PEACE FOR ADVENT AND CHRISTMAS,1947,SPIRITUALITY,
246,271.53B785,"James Brodrick, S.J.",THE PROGRESS OF THE JESUITS (1556 - 79),1947,SPIRITUALITY,
166,226.2P944,,THE PROLOGUE ( photcopy),n.d.,BIBLICAL STUDIES,
161,226.2P944,,THE PROLOGUE Mt. 1-2: THE INFANCY ANTICIPATES THE PASSION ( photocopy),n.d.,BIBLICAL STUDIES,
,,Ben A. Moraleda,THE PROMISED LAND OR A GOLDEN CALF STORY,,BOOKLET,
140,223.707C632,Thomas Coats,THE PROVERBS FOR TODAY,1960,BIBLICAL STUDIES,
799,222P958,,THE PSALMS : A new translation singing version,1963,SPIRITUALITY,
20,242.2C449,Joan Chittister,THE PSALMS : Meditations for everyday of the year,1998,SPIRITUALITY,
788,242M529,Thomas Merton,THE PSALMS ARE OUR PRAYER,1975,SPIRITUALITY,
145,225.61C383,,The Psalms for Modern Man,1970,BIBLICAL STUDIES,
151,223.2B696c.1,Rev. Patrick Canon Boylan,The Psalms: A Study of the Vulgate Psalter in theLight of the Hebrew Text,n.d,BIBLICAL STUDIES,
152,223.2B696c.2,Rev. Patrick Canon Boylan,The Psalms: A Study of the Vulgate Psalter in theLight of the Hebrew Text,n.d,BIBLICAL STUDIES,
314,248.46D629,"Georges Dirks, S.J",THE PSYCHOLOGY OF THE EXERCISES ,1977,SPIRITUALITY,
55,232.9 G619c.1,"Alban Goodier, S.J.",THE PUBLIC LIFE OF OUR LORD JESUS CHRIST,n.d,THEOLOGY,
56,232.9 G619c.2,"Alban Goodier, S.J.",THE PUBLIC LIFE OF OUR LORD JESUS CHRIST,n.d,THEOLOGY,
57,232.9 G619c.3,"Alban Goodier, S.J.",THE PUBLIC LIFE OF OUR LORD JESUS CHRIST,n.d,THEOLOGY,
58,232.9 G619c.4,"Alban Goodier, S.J.",THE PUBLIC LIFE OF OUR LORD JESUS CHRIST,n.d,THEOLOGY,
58,248.4W286,Rick Warren,THE PURPOSE DRIVEN LIFE: What on Earth am I Here for?,2002,Filipiniana,
211,282.092M366,"Martundale, s.j",THE QUEENS DAUGHTERS,1957,SPIRITUALITY,
460,271.5302P971c.1,Mary Purcell,"THE QUIET COMPANION : Peter Favre, S.J., 1506 - 46",1970,SPIRITUALITY,
461,271.5302P971c.2,Mary Purcell,"THE QUIET COMPANION : Peter Favre, S.J., 1506 - 46",1970,SPIRITUALITY,
36,828.91209,,THE QUOTABLE CHESTERTON,1986,GEN-REF2,
874,248.3W632c.1,"John Wickham, S.J.",THE REAL PRESENCE OF THE FUTURE KINGDOM  : Scripture passages for daily prayer on the Christian Virtues,1990,SPIRITUALITY,
875,248.3W632c.2,"John Wickham, S.J.",THE REAL PRESENCE OF THE FUTURE KINGDOM  : Scripture passages for daily prayer on the Christian Virtues,1990,SPIRITUALITY,
40,232.931H817,Caryll Houselander,THE REED OF GOD,1944,SPIRITUALITY,
507,270.6Ob26,Heiko A. Oberman,THE REFORMATION : Roots ramification,1994,SPIRITUALITY,
230,230.20924L960,"Henri de Lubac, S.J.",THE RELIGION OF TEILHARD DE CHARDIN,1967,SPIRITUALITY,
141,291.5Sm511,Huston Smith,THE RELIGIONS OF MAN,1958,General Reference,
256,232G945,Jacques Guillet,The Religious Experience of Jesus and His Disciples,1978,THEOLOGY,
56,232.97D938,"F.X. DURRWELL, C.SS.R.",THE RESURRECTION : A Biblical Study,1960,BIBLICAL STUDIES,
164,271.53024C936,"Francis X. Curran, S.J.",THE RETURN OF THE JESUITS,1966,SPIRITUALITY,
60,248.4N856,Henri J.M. Nouwen,THE RETURN OF THE PRODIGAL SON : A STORY OF HOMECOMING,1992,SPIRITUALITY,
91,228.077B235v.2,William Barclay,"The Revelation of John, Vol. 2",1964,BIBLICAL STUDIES,
612,262.9R327,,THE REVISED LAW OF THE CHURCH: A pastoral guide,1984,Filipiniana,
1,232.5 G619,"Alban Goodier, S.J.",THE RISEN JESUS,1948,THEOLOGY,
85,264 R511,,THE RITES OF THE CATHOLIC CHURCH a revised by decree of second vatican ecumenical council,1976,THEOLOGY,
89,282M199,John L. McKenzie,THE ROMAN CATHOLIC CHURCH,1969,THEOLOGY,
302,264.02R661,,THE ROMAN ORDER OF MASS FOR THE DIOCESES IN THE PHILIPPINES (MISA NG BAYANG PILIPINO),n.d.,Filipiniana,
23,220.7R327,,THE RSV : HANDY CONCORDANCE,1962,BIBLICAL STUDIES,
855,255.106R861,Esther de Waal,THE RULE OF SAINT BENEDICT,1993,SPIRITUALITY,
5,C232,John le Carre,THE RUSSIA HOUSE,1989,FICTION,
,,"Thomas O. Blarke, S.J",THE SACRAMENT OF BAPTISM LITURGICAL RITE,,BOOKLET,
135,248.482C312,Jean Pierre de Caussade,THE SACRAMENT OF THE PRESENT MOMENT,1982,SPIRITUALITY,
135,264.023Sa148c.1,,The Sacramentary ( The Roman Missal ),1985,THEOLOGY,
136,264.023Sa148c.2,,The Sacramentary ( The Roman Missal ),1985,THEOLOGY,
281,201El41,Mircea Eliade,"The Sacred and the Profane: The Nature of Religion (The significance of religious myth, symbolicsm, and ritual within life and culture)",1957,THEOLOGY,
174,260Sa149,"Michael J. Taylor, S.J.",THE SACRED AND THE SECULAR,1968,THEOLOGY,
503,264.021D115,"Alban J. Dachauer, S.J.",THE SACRED HEART A COMMENTARY ON HAURIETIS AQUAS,1959,SPIRITUALITY,
242,282.3C382,"Francois Charmot, S.J.",THE SACRED HEART AND MODERN LIFE,1952,SPIRITUALITY,
511,232.3Sa149,,THE SACRED HEART OF JESUS : a joint pastoral letter of the Bishop of the Ecclesiastical Province of Cebu on the third centenary of the apparations of the Sacred Heart of Jesus to St. Margaret Mary Alacoque,1975,Filipiniana,
615,285.13B86,Frederick Buecher,THE SACRED JOURNEY,1979,SPIRITUALITY,
300,271.97P916,Marion Mill Preminger,"THE SANDS OF TAMANRASSET: The exciting story of Charles de Foucauld, True Hero of God",1963,SPIRITUALITY,
734,248.4G619,"Alban Goodier, S.J",THE SCHOOL OF LOVE AND OTHER ESSAYS,1947,SPIRITUALITY,
14,248.4L585,C.S. Lewis,THE SCREWTAPE LETTERS,1946,SPIRITUALITY,
8,155.632Se179,Daniel V. Levinson,THE SEASON OF A MAN'S LIFE,1978,REFERENCE (Library 2),
8,001.94K743,Christopher Knight & Robert Lomas,THE SECOND MESSIAH,1985,THEOLOGY,
25,M558,Thomas Merton,THE SECULAR JOURNAL OF THOMAS MERTON,1959,FICTION,
59,225.66F919,"Joseph A. Fritzmyer, S.J.",THE SEMITIC BACKGROUND OF THE NEW TESTAMENT,1997,BIBLICAL STUDIES,
904,248.3As36,J. Robert Ashcroft,THE SEQUENCE OF SUPER NATURAL : And other essays on the spirit-filled life,1997,SPIRITUALITY,
17,M558,Thomas Merton,THE SEVEN STOREY MOUNTAIN,1948,FICTION,
720,248.3K546,Soren Kierkegaard,THE SICKNESS UNTO DEATH : A christian psychological exposition for upbuilding and awakening,1980,SPIRITUALITY,
812,232.91L328,Ignacio Larranaga,THE SILENCE OF MARY,1979,SPIRITUALITY,
106,759.5Si848,Abrams,THE SISTINE CHAPEL : A GLORIOUS RESTORATION,1994,General Reference,
554,282.092J82,"Albert Jou, S.J.","THE SLAVE OF THE SLAVES : The story of St. Peter Claver, S.J",1986,SPIRITUALITY,
26,813M612,Henry Miller ,THE SMILE AT THE FOOT OF THE LADDER,1948,REFERENCE (Library 2),
415,248.46B996,"William  J. Byron, S.J",THE SOCIAL CONCIOUSNESS OF THE IGNATIAN EXERCISES,1973,SPIRITUALITY,
405,248.46B697,"Patrick J. Boyle, S.J",THE SOCIAL CONCIOUSNESS OF THE SPIRITUAL EXERCISES,,SPIRITUALITY,
24,306.85Or85,Carmela D. Ortigas,THE SOLO-PARENT EXPERIENCE: A GROWING SOCIAL PHENOMENON,1989,FILIPIANA (LIBRARY 2),
38,306.85Or85,Carmila D. Ortigas,THE SOLO-PARENT EXPERIENCE: A GROWING SOCIAL PHENOMENON,1996,FILIPIANA (LIBRARY 2),
67,F775,Gertrud Von Le Fort,THE SONG AT THE SCAFFOLD,1933,FICTION,
890,289.3W492,Franz Werfel,THE SONG OF BERNADETTE,1942,SPIRITUALITY,
616,248.3D393c.1,"Anthony de Mello, S.J.",THE SONG OF THE BIRD,1985,SPIRITUALITY,
617,248.3D393c.2,"Anthony de Mello, S.J.",THE SONG OF THE BIRD,1985,SPIRITUALITY,
618,248.3D393c.3,"Anthony de Mello, S.J.",THE SONG OF THE BIRD,1985,SPIRITUALITY,
273,248.8M145,Patrick J.Mc Donald ,The Soul of a Marriage,1995,Filipiniana,
,,"Ch. English , T.J",THE SPIRIT OF CHRISTMASS,,BOOKLET,
198,226.606Si152,"Paul Siebert, O.M.I.",The Spirit of Jesus in Acts,1980,BIBLICAL STUDIES,
197, 224.6N789,Marilyn Norquist,The Spirit of Jesus in Acts,1979,BIBLICAL STUDIES,
689,248.2P773c.2,Kathleen Pond,THE SPIRIT OF THE SPANISH MYSTICS,1958,SPIRITUALITY,
158,248.3405Sp4851979,,THE SPIRITUAL DIARY OF ST. IGNATIUS DE LOYOLA,1979,PERIODICAL,
743,242D357,Simon Decloux,THE SPIRITUAL DIARY OF ST. IGNATIUS LOYOLA,1990,SPIRITUALITY,
41,253.5Is16,Damien Isabell ,THE SPIRITUAL DIRECTOR : A PRACTICAL GUIDE,1976,SPIRITUALITY,
705,248.2C358,"Father champion, S.J ",THE SPIRITUAL DOCTRINE OF FATHER LOUIS LALLEMANT : The society of jesus,1955,SPIRITUALITY,
20,248.2 C358,"Father Champion, S.J.",THE SPIRITUAL DOCTRINE OF FATHER LOUIS LALLEMANT OF THE SOCIETY OF JESUS,1955,THEOLOGY,
631,248.3L865,W.H. Longridge,THE SPIRITUAL EXERCISE OF SAINT IGNATIUS OF LOYOLA,1955,SPIRITUALITY,
644,248.3Eg13c.1,"Harvey D. Egan, S.J.",THE SPIRITUAL EXERCISES AND THE IGNATIAN MYSTICAL HORIZON,1976,SPIRITUALITY,
645,248.3Eg13c.2,"Harvey D. Egan, S.J.",THE SPIRITUAL EXERCISES AND THE IGNATIAN MYSTICAL HORIZON,1976,SPIRITUALITY,
943,248.29D340c.1,Francesco Rossi de Gasperis S.J.,THE SPIRITUAL EXERCISES AS PROFOUND ENTRY INTO THE JOURNEY OF BIBLICAL FAITH,1985,SPIRITUALITY,
944,248.29D340c.2,Francesco Rossi de Gasperis S.J.,THE SPIRITUAL EXERCISES AS PROFOUND ENTRY INTO THE JOURNEY OF BIBLICAL FAITH,1985,SPIRITUALITY,
945,248.29D340c.3,Francesco Rossi de Gasperis S.J.,THE SPIRITUAL EXERCISES AS PROFOUND ENTRY INTO THE JOURNEY OF BIBLICAL FAITH,1985,SPIRITUALITY,
290,248.3C964,"Gilles Cusson, S.J.",THE SPIRITUAL EXERCISES MADE IN EVERYDAY LIFE : A method and a biblical interpretation,1992,SPIRITUALITY,
72,248.3G157c.1,"George E. Ganss, S.J.",THE SPIRITUAL EXERCISES OF SAINT IGNATIUS,1993,SPIRITUALITY,
73,248.3G157c.2,"George E. Ganss, S.J.",THE SPIRITUAL EXERCISES OF SAINT IGNATIUS,1992,SPIRITUALITY,
74,248.3G157c.3,"George E. Ganss, S.J.",THE SPIRITUAL EXERCISES OF SAINT IGNATIUS,,SPIRITUALITY,
236,248.29P964,"Louis J. Puhl, S.J.",THE SPIRITUAL EXERCISES OF SAINT IGNATIUS,1975,SPIRITUALITY,
519,242.5M56,"Father Maurice Meschler, S.J.",THE SPIRITUAL EXERCISES OF SAINT IGNATIUS,1899,SPIRITUALITY,
979,248.29C811c.1,"Thomas Corbishley, S.J",THE SPIRITUAL EXERCISES OF SAINT IGNATIUS,1963,SPIRITUALITY,
980,248.29C811c.2,"Thomas Corbishley, S.J",THE SPIRITUAL EXERCISES OF SAINT IGNATIUS,1963,SPIRITUALITY,
605,248.3Aml189,"Aloysius Ambruzzi, S.J.",THE SPIRITUAL EXERCISES OF SAINT IGNATIUS IN OUR DAILY PRAYER,1955,SPIRITUALITY,
110,248.29Sp485,"Louis J. Puhl, S.J.",THE SPIRITUAL EXERCISES OF ST IGNATIUS,1961,SPIRITUALITY,
765,248.2P964,"Louis J. Puhl, S.J.",THE SPIRITUAL EXERCISES OF ST IGNATIUS LOYOLA SPANISH AND ENGLISH,1923,SPIRITUALITY,
766,248.2Sp485,,THE SPIRITUAL EXERCISES OF ST. IGNATIUS,,SPIRITUALITY,
795,248.3P964,"Louis J. Puhl, S.J.",THE SPIRITUAL EXERCISES OF ST. IGNATIUS,1956,SPIRITUALITY,
796,248.3G157,"George E. Ganss, S.J.",THE SPIRITUAL EXERCISES OF ST. IGNATIUS,1992,SPIRITUALITY,
800,248.3P964,"Louis J. Puhl, S.J.",THE SPIRITUAL EXERCISES OF ST. IGNATIUS,1956,SPIRITUALITY,
912,248.2M859c.1,"Anthony Mottola, Ph.D",THE SPIRITUAL EXERCISES OF St. IGNATIUS,1964,SPIRITUALITY,
913,248.2M859c.2,"Anthony Mottola, Ph.D",THE SPIRITUAL EXERCISES OF St. IGNATIUS,1964,SPIRITUALITY,
914,248.2M859c.3,"Anthony Mottola, Ph.D",THE SPIRITUAL EXERCISES OF St. IGNATIUS,1964,SPIRITUALITY,
915,248.2M859c.4,"Anthony Mottola, Ph.D",THE SPIRITUAL EXERCISES OF St. IGNATIUS,1964,SPIRITUALITY,
916,248.2M859c.5,"Anthony Mottola, Ph.D",THE SPIRITUAL EXERCISES OF St. IGNATIUS,1964,SPIRITUALITY,
253,248.3P964c.1,"Louis J. Puhl, S.J.",The Spiritual Exercises of St. Ignatius,n.d.,Filipiniana,
254,248.3P964c.2,"Louis J. Puhl, S.J.",The Spiritual Exercises of St. Ignatius,n.d.,Filipiniana,
198,248.29F629,Ruth Burrows,THE SPIRITUAL EXERCISES OF ST. IGNATIUS : a literal translation and a contemporary reading,1978,SPIRITUALITY,
277,248.3F629c.1,"David L. Fleming, S.J.",THE SPIRITUAL EXERCISES OF ST. IGNATIUS : a literal translation and a contemporary reading,1978,SPIRITUALITY,
278,248.3F629c.2,"David L. Fleming, S.J.",THE SPIRITUAL EXERCISES OF ST. IGNATIUS : a literal translation and a contemporary reading,1978,SPIRITUALITY,
279,248.3F629c.3,"David L. Fleming, S.J.",THE SPIRITUAL EXERCISES OF ST. IGNATIUS : a literal translation and a contemporary reading,1978,SPIRITUALITY,
280,248.3F629c.4,"David L. Fleming, S.J.",THE SPIRITUAL EXERCISES OF ST. IGNATIUS : a literal translation and a contemporary reading,1978,SPIRITUALITY,
281,248.3F629c.5,"David L. Fleming, S.J.",THE SPIRITUAL EXERCISES OF ST. IGNATIUS : a literal translation and a contemporary reading,1978,SPIRITUALITY,
282,248.3F629c.6,"David L. Fleming, S.J.",THE SPIRITUAL EXERCISES OF ST. IGNATIUS : a literal translation and a contemporary reading,1978,SPIRITUALITY,
283,248.3F629c.7,"David L. Fleming, S.J.",THE SPIRITUAL EXERCISES OF ST. IGNATIUS : a literal translation and a contemporary reading,1978,SPIRITUALITY,
284,248.3F629c.8,"David Fleming, S.J",THE SPIRITUAL EXERCISES OF ST. IGNATIUS : a literal translation and a contemporary reading,1978,SPIRITUALITY,
77,248.3P964,Anthony Mottola,THE SPIRITUAL EXERCISES OF ST. IGNATIUS : A new translation based on studies in the language of the autograph,1964,SPIRITUALITY,
561,234.72P964,"Louis J. Puhl, S.J.",The Spiritual Exercises of St. Ignatius : a new translation based on studies in the language of the autograph,n.d.,Filipiniana,
76,248.3P964,Luis J. Paul S.J,THE SPIRITUAL EXERCISES OF ST. IGNATIUS : based on studies in the language of the autograph,1967,SPIRITUALITY,
940,248.29P442c.1,"Reverend William A.M Peters, S.J",THE SPIRITUAL EXERCISES OF ST. IGNATIUS EXPOSITION AND INTERPRETATION,1967,SPIRITUALITY,
941,248.29P442c.2,"Reverend William A.M Peters, S.J",THE SPIRITUAL EXERCISES OF ST. IGNATIUS EXPOSITION AND INTERPRETATION,1967,SPIRITUALITY,
942,248.29P442c.3,"Reverend William A.M Peters, S.J",THE SPIRITUAL EXERCISES OF ST. IGNATIUS EXPOSITION AND INTERPRETATION,1967,SPIRITUALITY,
64,248.29R421,Joseph Rickaby,The Spiritual exercises of St. Ignatius Loyola,n.d.,SPIRITUALITY,
122,248.3Sp485 ,,THE SPIRITUAL EXERCISES OF ST. IGNATIUS LOYOLA,1963,SPIRITUALITY,
747,248.2D381,"Lewis Delmage, S.J.",THE SPIRITUAL EXERCISES OF ST. IGNATIUS LOYOLA,1978,SPIRITUALITY,
748,248.3D381c.1,"Lewis Delmage, S.J.",THE SPIRITUAL EXERCISES OF ST. IGNATIUS LOYOLA,1978,SPIRITUALITY,
749,248.3D381c.2,,THE SPIRITUAL EXERCISES OF ST. IGNATIUS LOYOLA,1982,SPIRITUALITY,
964,248.29Sp485c.1,,THE SPIRITUAL EXERCISES OF St. IGNATIUS LOYOLA : In present day application,1984,SPIRITUALITY,
965,248.29Sp485c.2,,THE SPIRITUAL EXERCISES OF St. IGNATIUS LOYOLA : In present day application,1982,SPIRITUALITY,
755,248.3M898,"Lewis Delmage, S.J.",THE SPIRITUAL EXERCISES OF ST. IGNATIUS OF LOYOLA,1968,SPIRITUALITY,
905,248.4M911,"Fr. Elder Mullan, S.J.",THE SPIRITUAL EXERCISES OF ST. IGNATIUS OF LOYOLA,1914,SPIRITUALITY,
185,248.3M898c.1,Rev. Bernard J. Mulhern,The Spiritual Exercises of St. Ignatius of Loyola,1966,Filipiniana,
186,248.3M898c.2,Rev. Bernard J. Mulhern,The Spiritual Exercises of St. Ignatius of Loyola,1966,Filipiniana,
187,248.3M898c.3,Rev. Bernard J. Mulhern,The Spiritual Exercises of St. Ignatius of Loyola,1966,Filipiniana,
188,248.3M898c.4,Rev. Bernard J. Mulhern,The Spiritual Exercises of St. Ignatius of Loyola,1966,Filipiniana,
189,248.3M898c.5,Rev. Bernard J. Mulhern,The Spiritual Exercises of St. Ignatius of Loyola,1966,Filipiniana,
190,248.3M898c.6,Rev. Bernard J. Mulhern,The Spiritual Exercises of St. Ignatius of Loyola,1966,Filipiniana,
113,248.3C838 c.2,Marian Cowan,THE SPIRITUAL EXERCISES OF ST. IGNATIUS OF LOYOLA :  A HANDBOOK FOR DIRECTORS,1981,General Reference,
112,248.3C838 c.1,Marian Cowan,THE SPIRITUAL EXERCISES OF ST. IGNATIUS OF LOYOLA : A HANDBOOK FOR DIRECTORS,1981,General Reference,
114,248.3C838 c.3,"Marian Cowan, CSJ & John Cardoll",THE SPIRITUAL EXERCISES OF ST. IGNATIUS OF LOYOLA : A HANDBOOK FOR DIRECTORS,1981,General Reference,
227,,William A.M  Peter,THE SPIRITUAL EXERCISES OS ST. IGNATIUS : Exposition and interpretation,1978,PERIODICAL,
285,248.3F629c.9,"David L. Fleming, S.J.",THE SPIRITUAL EXERCISES: A LITERAL TRANSLATION AND A CONTEMPORARY READING,1978,SPIRITUALITY,
87,248.482H866,Dom Roger Hudleston O.S.B.,THE SPIRITUAL LETTERS OF DOM JOHN CHAPMAN O.S.B.,1935,SPIRITUALITY,
71,248.4T158,Adolphe Tanquerey,THE SPIRITUAL LIFE : a treatise on ascetical and mystical theology,1930,SPIRITUALITY,
210,248.29P964,"Louis J. Puhl, S.J.",THE SPIRITUAL OF S.T IGNATIUS A NEW TRANSLATION BASED ON STUDIES IN THE LANGUAGE OF THE AUTOGRAPH,1950,SPIRITUALITY,
543,248.2C358,"Father Champion, S.J.",THE SPIRITUAL TEACHING OF FATHER LOUIS LALLEMANT S.J.,1928,SPIRITUALITY,
296,248.3F279c.1,Murphy Palmer Padberg,THE SPIRITUAL WRITINGS OF PIERRE FAVRE,1996,SPIRITUALITY,
297,248.3F279c.2,Murphy Palmer Padberg,THE SPIRITUAL WRITINGS OF PIERRE FAVRE,1996,SPIRITUALITY,
298,248.3F279c.3,Murphy Palmer Padberg,THE SPIRITUAL WRITINGS OF PIERRE FAVRE,1996,SPIRITUALITY,
299,248.3F279c.4,Murphy Palmer Padberg,THE SPIRITUAL WRITINGS OF PIERRE FAVRE,1996,SPIRITUALITY,
442,248.4G133,Segundo Galilea,THE SPIRITUALITY OF EVANGELIZATION according to the beatitudes : pastoral exchanges number 1,1980,Filipiniana,
685,248.2Al88,Sister Ma. Consuelo B. Alvino,THE SPIRITUALITY OF MOTHER IGNACIA DEL ESPIRITU SANTO,1981,SPIRITUALITY,
159,248.4L496,Jean Leclercq & Francois Vandenbroucke & Louis Bouyer,THE SPIRITUALITY OF THE MIDDLE AGES,1968,SPIRITUALITY,
62,248.4B866,Louis Bouyer,THE SPIRITUALITY OF THE MIDDLE AGES : a history of christian spirituality,1961,SPIRITUALITY,
97,232B669,Louis Bouyer,THE SPIRITUALITY OF THE NEW TESTAMENT AND THE FATHERS,1960,SPIRITUALITY,
43,248B669,Alnurfo Bugtas S.J,The Spirituality of the New Testament and the Fathers,1960,General Reference,
200,226H384,"Hendrickx, cicm",The story Behind the Gospels,1974,BIBLICAL STUDIES,
568,225.09H384,"H. Hendrickx, CICM",THE STORY BEHIND THE GOSPELS NEW REVISED EDITION,1974,Filipiniana,
28,230.2Aq55 v.3,Paul M. Sheehan,THE SUMMA OF ST. THOMAS AQUINAS VOLUME |||,1989,General Reference,
331,808.81T161,,THE TAPESTRY OF LIFE : From the salesian collection,1994,SPIRITUALITY,
22,811.5M558,Thomas Merton,THE TEARS OF THE BLIND LIONS,1949,REFERENCE (Library 2),
98,302.3 B85,"Bual Me Bulatao, S.J",THE TECHNIQUE OF GROUP DISCUSSION ,1965,FILIPIANA (LIBRARY 2),
808,851P973,,THE TEMPLE CLASSICS : The purgatorio of Dante Alighieri,1968,SPIRITUALITY,
819,225.92M366c.2,Carlo M. Martini,THE TESTIMONY OF ST PAUL,1983,SPIRITUALITY,
818,225.92M366c.1,Carlo M. Martini,THE TESTIMONY OF ST. PAUL,1983,SPIRITUALITY,
226,248.3T314c.1,,THE TEXT OF THE SPIRITUAL EXERCISES OF SAINT IGNATIUS,1929,SPIRITUALITY,
227,248.3T314c.2,,THE TEXT OF THE SPIRITUAL EXERCISES OF SAINT IGNATIUS,1943,SPIRITUALITY,
228,248.3T314c.3,,THE TEXT OF THE SPIRITUAL EXERCISES OF SAINT IGNATIUS,1929,SPIRITUALITY,
229,248.3T314c.4,,THE TEXT OF THE SPIRITUAL EXERCISES OF SAINT IGNATIUS,1943,SPIRITUALITY,
467,248.2G940,"Joseph De Guibera, S.J.",THE THEOLOGY OF THE SPIRITUAL LIFE,1953,SPIRITUALITY,
217,813.54L770,D.S. Lliteras,The Thieves of Golgotha : a novel,1998,THEOLOGY,
191,239.7C426,G.K. Chesterton,THE THING: WHY I AM A CATHOLIC,1930,THEOLOGY,
90,248.22L137,Pere Garrigou - Lagrange,THE THREE WAYS OF THE SPIRITUAL LIFE,1950,SPIRITUALITY,
327,232.91F679,Ted and Maureen FlyNN,"THE THUNDER OF JUSTICE: The warning , The miracle , The chastisement, The Era of Peace",1993,SPIRITUALITY,
25,363.90599T445,,THE TIES THAT BIND: POPULATION AND DEVELOPMENT IN THE PHILIPPINES,2004,FILIPIANA (LIBRARY 2),
39,821.008T62,"William Harmon , editor",THE TOP 500 POEMS,1992,GEN-REF2,
124,220.3T624,"D.M. Miller, editor","THE TOPICAL BIBLE CONCORDANCE : for the use of ministers, missionaries, teachers, and christian workers",1972,BIBLICAL STUDIES,
985,248.4L645,Johann Lindworsky,THE TRAINING OF THE WILL ,,SPIRITUALITY,
244,241.042 Q488,"Horacio De La Costa, S.J.",The Trial of Rizal,1961,Filipiniana,
231,,,"THE TRINITY IN THE IGNATIAN CHARISM ; A tribute to father arrupe vol.13, no. 39 - 40",1982,PERIODICAL,
422,261.85So129,Jon Sobrino,THE TRUE CHURCH AND THE POOR,1985,Filipiniana,
389,232.96W486,"Fr. Paul Wenisch, S.J.",The Truth About the Promises of Our Lord to St. Margaret Mary,n.d.,Filipiniana,
127,248.86G165,Ben E. Garcia,The Truth Behind Faith Healing,1985,Filipiniana,
32,264.2 C362,Elsa Chaney,THE TWELVE DAYS OF CHRISTMAS,1955,THEOLOGY,
17,221.7M199,John L. McKenzie,THE TWO-EDGED SWORD : an interpretation of the old testament,1956,BIBLICAL STUDIES,
32,294.1N583,Swami Nikhilananda,THE UPANISHADS,1963,REFERENCE (Library 2),
22,242.2Up6,,The Upper room : disciplines 2000,1999,SPIRITUALITY,
14,232.5 B812,Raymond E. Brown,THE VIRGINAL CONCEPTION & BODILY RESURRECTION OF JESUS,1973,THEOLOGY,
118,282.092R129v,Hugo Rahner,THE VISION OF ST. IGNATIUS IN THE CHAPEL OF LA STORTA,1975,SPIRITUALITY,
499,248.4Eb61,"Sister Eblana, O.D.C",THE VOCATIONS OF LADY CHRISTIANINE,1964,SPIRITUALITY,
257,248.4K11,"Adrian Van Kaam, C.SS.P.",The vowed Life : Dynamics of personal and spiritual unfolding,1968,THEOLOGY,
41,El44,T.S Eliot,THE WASTE LAND AND OTHER POEMS,1930-1962,FICTION,
15,271.125M558,Thomas Merton,THE WATERS OF SILOE,1949,REFERENCE (Library 2),
181,248.05W364 v.42,"James Walsh, S.J, editor","THE WAY   vol.42, no.1 ",2003,PERIODICAL,
37,248.482Es196,Msgr. Jose M. Escriva,THE WAY : a book of spiritual rules that has become a religious classic...,1954,SPIRITUALITY,
204,"248.05W364 v.5,n.2","James Walsh, S.J, editor","THE WAY : A holy sacrifice vol.5, no.2",1965,PERIODICAL,
217,"248.05W364 v.40,n.4","Michael Barnes S.J,editor","THE WAY : Addiction vol.40,no.4",2000,PERIODICAL,
212,"248.05W364 v.38,n.2","Michael Barnes S.J,editor","THE WAY : Belonging vol.38,no.2",1998,PERIODICAL,
220,"248.05W364 v.41,n.3","Michael Barnes S.J,editor","THE WAY : Christian and other animals vol.41,no.3",2001,PERIODICAL,
222,"248.05W364 v.43,n.4c.1",,"THE WAY : Commitment and Freedom vol.43,no.4 ",2004,PERIODICAL,
,"248.05W364 v.43,n.4c.2",,"THE WAY : Commitment and Freedom vol.43,no.4 (number of copies 2)",2004,PERIODICAL LIB2 (Duplicate copies),
7,248.05W364,,THE WAY : Contemporary Christian Spirituality,1981,PERIODICAL,
8,248.05W364,,THE WAY : Contemporary Christian Spirituality,1982,PERIODICAL,
9,248.05W364,,THE WAY : Contemporary Christian Spirituality,1986,PERIODICAL,
10,248.05W364,,THE WAY : Contemporary Christian Spirituality,1984,PERIODICAL,
1,248.05W364,,"THE WAY : Contemporary Christian Spirituality, vol.14",1974,PERIODICAL,
2,248.05W364,,"THE WAY : Contemporary Christian Spirituality, vol.15",1975,PERIODICAL,
3,248.05W364,,"THE WAY : Contemporary Christian Spirituality, vol.17",1977,PERIODICAL,
4,248.05W364,,"THE WAY : Contemporary Christian Spirituality, vol.18",1978,PERIODICAL,
5,248.05W364,,"THE WAY : Contemporary Christian Spirituality, vol.19",1979,PERIODICAL,
6,248.05W364,,"THE WAY : Contemporary Christian Spirituality, vol.20",1980,PERIODICAL,
19,248.05W364,,"THE WAY : Contemporary Christian Spirituality, vol.23",1983,PERIODICAL,
11,248.05W364,,"THE WAY : Contemporary Christian Spirituality,vol.27",1987,PERIODICAL,
12,248.05W364,,"THE WAY : Contemporary Christian Spirituality,vol.28",1988,PERIODICAL,
211,"248.05W364 v.38,n.1","Michael Barnes S.J,editor","THE WAY : Darkness and light vol.38, no.1",1998,PERIODICAL,
219,"248.05W364 v.41,n.2","Michael Barnes S.J,editor","THE WAY : Europrean diaglogues vol.41, no.2",2001,PERIODICAL,
183,"248.05W364 v.44,no.1c.1","James Walsh, S.J, editor","THE WAY : GOD NOWADAYS vol.44, no.1 ",2005,PERIODICAL,
,"248.05W364 v.44,no.1c.2- 3","James Walsh, S.J, editor","THE WAY : GOD NOWADAYS vol.44, no.1 (number of copies 3)",2005,PERIODICAL LIB2 (Duplicate copies),
215,"248.05W364 v.39,n.2","Michael Barnes S.J,editor","THE WAY : Images of asia vol.39, no.2",1999,PERIODICAL,
213,"248.05W364 v.38,n.3","Michael Barnes S.J,editor","THE WAY : Latin America vol.38, no.3",1998,PERIODICAL,
208,"248.05W364 v.16,n.4","James Walsh, S.J, editor","THE WAY : Loneliness vol.16,no.4",1976,PERIODICAL,
221,"248.05W364 v.41,n.4","Michael Barnes S.J,editor","THE WAY : Mazes and amazement vol.41, no.4",2001,PERIODICAL,
184,"248.05W364 v.44,no.2,c.1","James Walsh, S.J, editor","THE WAY : MINISTERING GOD'S WORD vol.44,no2  ",2005,PERIODICAL,
,"248.05W364 v.44,no.2,c.2 - 3","James Walsh, S.J, editor","THE WAY : MINISTERING GOD'S WORD vol.44,no2   (number of copies 3)",2005,PERIODICAL LIB2 (Duplicate copies),
216,"248.05W364 v.39,n.4","Michael Barnes S.J,editor","THE WAY : Moment of opportunity vol.39,no.4",1999,PERIODICAL,
182,248.05W364 v.43c.1,"James Walsh, S.J, editor","THE WAY : MOVEMENTS OF SPIRIT vol.43, no.3   ",2004,PERIODICAL,
,248.05W364 v.43c.2 - 3,"James Walsh, S.J, editor","THE WAY : MOVEMENTS OF SPIRIT vol.43, no.3  (number of copies 3)",2004,PERIODICAL LIB2 (Duplicate copies),
209,"248.05W364 v.27,n.1","David Lonsadale S.J. , editor","THE WAY : Prejudice vol.27,no.1",1987,PERIODICAL,
206,"248.05W364 v.5,n.4","James Walsh, S.J, editor","THE WAY : Spiritual Progress,vol.5, no.4",1965,PERIODICAL,
214,"248.05W364 v.39,n.1","Michael Barnes S.J,editor","THE WAY : Spirituality and travel vol.39,no.1",1999,PERIODICAL,
218,"248.05W364 v.41,n.1","Michael Barnes S.J,editor","THE WAY : Spirituality at home vol.41,no.1",2001,PERIODICAL,
18,248.05W364 ,,"THE WAY : SUPPLEMENT , vol.49",1984,PERIODICAL,
14,248.05W364v.18,,"THE WAY : SUPPLEMENT, vol.18",1973,PERIODICAL,
15,248.05W364v.37,,"THE WAY : SUPPLEMENT, vol.37",1980,PERIODICAL,
16,248.05W364v.40,,"THE WAY : SUPPLEMENT, vol.40",1981,PERIODICAL,
210,"248.05W364 v.27,n.2","David Lonsadale S.J. , editor","THE WAY : Sustaining the prophets vol.27, no.2",1987,PERIODICAL,
207,"248.05W364 v.16,n.3","James Walsh, S.J, editor","THE WAY : The healing community vol.16, no.3",1976,PERIODICAL,
205,"248.05W364 v.5,n.3","James Walsh, S.J, editor","THE WAY : The imitation of christ vol.5,no.3",1965,PERIODICAL,
17,248.05W364,David M. Stanley S.J,THE WAY :THE CALL TO DISCIPLESHIP:  The Spiritual Exercises with the Gospel of St. Mark,1982,PERIODICAL,
584,248.34P384,"M. Basil Pennington, O.C.S.O.",THE WAY BACK HOME : An introduction to centering prayer,1989,SPIRITUALITY,
316,299.514M558,Thomas Merton,THE WAY OF CHUANG TZU,1965,SPIRITUALITY,
418,248.22Av55,ST. Teresa of Avila,THE WAY OF PERFECTION ,1964,SPIRITUALITY,
63,248.4819F887,R.M. French,The Way of pilgrim and the pilgrim continues his way,1972,SPIRITUALITY,
461,234.72 Ev148,,THE WAY OF THE CROSS ,1997,Filipiniana,
515,242W364,,The Way of the Cross ( Reflections for personal and social transformation ( booklet),n.d.,Filipiniana,
462,234.72Ev148c.1,"REX EVANGELISTA, illus.",THE WAY OF THE CROSS TODAY,1991,Filipiniana,
463,234.72Ev148c.2,"REX EVANGELISTA, illus.",THE WAY OF THE CROSS TODAY,1992,Filipiniana,
464,234.72Ev148c.3,"REX EVANGELISTA, illus.",THE WAY OF THE CROSS TODAY,1991,Filipiniana,
516,242W364,,THE WAY OF THE CROSS VOLUME III,n.d.,Filipiniana,
283,230W364,,The Way of the Shepherd edited by Msgr. Socrates B. Villegas,1992,Filipiniana,
186,"248.05W364, no.10","James Walsh, S.J, editor",THE WAY SUPPLEMENT No.10 : Celibacy,1971,PERIODICAL,
187,"248.05W364, no.16","James Walsh, S.J, editor",THE WAY SUPPLEMENT No.16 :  Prayer &the ignatian exercises new directories,1972,PERIODICAL,
188,"248.05W364, no.23","James Walsh, S.J, editor","THE WAY SUPPLEMENT No.23 : Prayer , discernment and ministry",1974,PERIODICAL,
189,"248.05W364, no.24","James Walsh, S.J, editor",THE WAY SUPPLEMENT No.24 : Ignatian election and christian choice,1975,PERIODICAL,
191,"248.05W364, no.27","James Walsh, S.J, editor",THE WAY SUPPLEMENT No.27: Prayer in the spiritual exercises,1976,PERIODICAL,
190,"248.05W364, no.28","James Walsh, S.J, editor",THE WAY SUPPLEMENT No.28 : Apostolic mission today,1976,PERIODICAL,
192,"248.05W364, no.32","James Walsh, S.J, editor",THE WAY SUPPLEMENT No.32 : Principles of religious formation,1977,PERIODICAL,
193,"248.05W364, no.34c.1","James Walsh, S.J, editor",THE WAY SUPPLEMENT No.34 : Prayer and community  ,1978,PERIODICAL,
,"248.05W364, no.34c.2","James Walsh, S.J, editor",THE WAY SUPPLEMENT No.34 : Prayer and community  (number of copies 2),1978,PERIODICAL LIB2 (Duplicate copies),
194,"248.05W364, no.35c.1",Brian O'Leary S.J,THE WAY SUPPLEMENT No.35 : The discernment od spirits in the memoriale of blessed Peter Favre  ,1979,PERIODICAL,
,"248.05W364, no.35c.2",Brian O'Leary S.J,THE WAY SUPPLEMENT No.35 : The discernment od spirits in the memoriale of blessed Peter Favre   (number of copies 2),1979,PERIODICAL LIB2 (Duplicate copies),
195,"248.05W364, no.36",Brian O'Leary S.J,THE WAY SUPPLEMENT No.36 : Revising the constitutions ,1979,PERIODICAL,
196,"248.05W364, no.38","James Walsh, S.J, editor",THE WAY SUPPLEMENT No.38 : The directed retreat,1980,PERIODICAL,
197,"248.05W364, no.47","David Lonsadale S.J. , editor",THE WAY SUPPLEMENT No.47 : Spirituality and Priesthood,1983,PERIODICAL,
198,"248.05W364, no.48","David Lonsadale S.J. , editor",THE WAY SUPPLEMENT No.48 : Presenting the first week,1983,PERIODICAL,
199,"248.05W364, no.49","David Lonsadale S.J. , editor",THE WAY SUPPLEMENT No.49 : The spiritual in daily life,1984,PERIODICAL,
200,"248.05W364, no.55","David Lonsadale S.J. , editor",THE WAY SUPPLEMENT No.55 : From loyola to la mancha,1986,PERIODICAL,
202,"248.05W364, no.58","David Lonsadale S.J. , editor","THE WAY SUPPLEMENT No.58 : The spiritual exercises , weeks three and four",1987,PERIODICAL,
201,"248.05W364, no.58","David Lonsadale S.J. , editor","THE WAY SUPPLEMENT No.58 : The spiritual exercises , weeks three and four (photo copiess)",1987,PERIODICAL,
203,"248.05W364, no.61","David Lonsadale S.J. , editor",THE WAY SUPPLEMENT No.61 :  The ignatian constitutions today,1988,PERIODICAL,
185,"248.05W364, no.9","James Walsh, S.J, editor",THE WAY SUPPLEMENT No.9 : Poverty,1970,PERIODICAL,
31,248.3J612,Pope John Paul II,THE WAY TO CHRIST : Spiritual Exercises ,1984,PAPAL COLLECTION,
404,248.22C111,Nicolas Caballero,"THE WAY TO FREEDOM Meditation, Oriental Approach and Christian Content",1983,Filipiniana,
131,248.2C11,Nicolas Caballero,"THE WAY TO FREEDOM: Meditation , Oriental Approach and Christain Content",1982,SPIRITUALITY,
102,975.6563W364,,THE WAY WE LIVED,1997,GEN-REF2,
464,248.13P943,Ira Progoff,THE WELL AND THE CATHEDRAL : With an introduction on its use in the practice of mediation,1972,SPIRITUALITY,
14,C881,Vincent Cronin,The Wise Man from the West,1955,FICTION,
581,282.092H353,"Hebblethwaite, Peter",The Wojtyla story : Pope John Paul II,n.d.,Filipiniana,
569,252B328,William J. Bausch,THE WORD IN AND OUT OF SEASON HOMILIES FOR PREACHERS REFLECTIONS FOR SEEKERS,2000,Filipiniana,
160,232W828,Karol Wojtyla ( Pope John Paul II),THE WORD MADE FLESH : the meaning of the christmas season,1985,THEOLOGY,
469,252Ev22,Lous Evely,THE WORD OF GOD,1967,SPIRITUALITY,
696,248.2W891,Dalton Et Al.,THE WORD OF GOD IN THE SPIRITUAL ERCISES,1979,SPIRITUALITY,
482,248.34W891,,THE WORD OF GOD IN THE SPIRITUAL EXERCISES,1978,SPIRITUALITY,
94,290Ed48,Editorial Staff,THE WORLD GREAT RELIGIONS,1958,General Reference,
176,231W893,,THE WORLD GREATEST QUESTION,2007,THEOLOGY,
150,707Sch728,Paul A. Schreivogel,THE WORLD OF ART- THE WORLD OF YOUTH,1968,General Reference,
3,290W915,A.S Van Der Woude,"THE WORLD OF THE BIBLE : bible Handbook, volume 1",1986,BIBLICAL STUDIES,
4,221.95W915,"A.S Van Der Woude, editor","THE WORLD OF THE OLD TESTAMENT : bible handbook, volume 2",1982,BIBLICAL STUDIES,
146,291.82N856,Philip Novak,"THE WORLD WISDOM : SACRED TEXTS OF THE WORLD'S RELIGIONS, foreword byHuston Smith",1994,General Reference,
159,808.81W893,,THE WORLDS GREAT RELIGIOUS POETRY,1944,General Reference,
891,253N856,Henri J.M. Nouwen,THE WOUNDED HEALER : Ministry in contemporary society,,SPIRITUALITY,
613,248.22J641,William Johnston,THE WOUNDED STAG,1984,SPIRITUALITY,
268,248.48W343,"Francis X. Weiser, S.J.",The Year of the Lord in the Christian Home,1964,THEOLOGY,
18,792.8023W857,Angela Whitehill & William Noble,THE YOUNG PROFESSIONAL'S BOOK OF BALET,1990,REFERENCE (Library 2),
22,,Hueber Verlag,THEMEN 2 : Deutsch als Fremdsprache,2003,SPECIAL COLLECTION LIB 2,
4,248.4L499,MICHEL LEDRUS S.J.,THEMES POUR LES EXERCICES SPIRITUELS,1976,SPECIAL COLLECTION,
111,230.2Sh351,F.J. Sheed,THEOLOGY AND SANITY,1946,THEOLOGY,
325,230.9599T158,Rodrigo D. Tano,THEOLOGY IN THE PHILIPPINES SETTING,1989,Filipiniana,
524,232.91Oc13,Michael O'Carroll,Theotokos : a theological encyclopedia of the Blessed Virgin Mary,1985,Filipiniana,
190,248.4Ac75c.2,"Claudius Acquaviva, S.J.",THERAPY FOR ILLNESSES OF SOUL,,SPIRITUALITY,
191,248.4Ac75c.3,"Claudius Acquaviva, S.J.",THERAPY FOR ILLNESSES OF SOUL,1972,SPIRITUALITY,
189,248.4Ac75c.1,"Claudius Acquaviva, S.J.",THERAPY FOR ILNESSES OF SOUL,,SPIRITUALITY,
91,499.2213G165,Ben E. Garcia,THESAURUS: VISAYAN-ENGLISH VOCABULARY ASIA-PACIFIC,,FILIPIANA (LIBRARY 2),
,,,THESE MEN THEY CALL KNIGHT,,BOOKLET,
511,248.4Am189,"Aloysius Ambruzzi, S.J.",THESPIRITUAL EXERCISES OF ST IGNATIUS IN OUR DAILY PRAYER,1955,SPIRITUALITY,
173,282.8T348,,THIRD GENERAL CONFERENCE OF LATIN AMERICAN BISHOPS: EVANGELIZATION AT PRESENT AND IN THE FUTURE OF LATIN AMERICA,1979,SPIRITUALITY,
756,242B664t,"H. Pinard de Boullaye, S.J.","THIRD RETREAT OF H PINARD DE LA BOULLAYE, S.J.",,SPIRITUALITY,
160,282.092H215,Melville Harcourt,THIRTEEN FOR CHRIST,1963,SPIRITUALITY,
590,275.3M484,Teresa Melia,THIS IS OUR LIFE,1961,SPIRITUALITY,
145,252F87t,William J. Freburger,"THIS IS THE WORD OF THE LORD : 34 liturgies of the word for holy week, major feasts and selected sundays arranged in dialogue form for three readers",1970,THEOLOGY,
144,252F87r,William J. Freburger,"THIS IS THE WORD OF THE LORD : readings of the liturgy in dialogue form , holyweek + selected sundays + major feasts",1984,THEOLOGY,
70,261.85T349,,THIS PROGRESS : A CREATIVE NEW TRANSLATION OF POPE PAULS ENCYCLICAL PROGRES OF PEOPLES,1968,PAPAL COLLECTION,
41,229.8Ur6,Risto Uro,THOMAS : SEEKING THE HISTORICAL CONTEXT OF THE GOSPEL OF THOMAS,2003,THEOLOGY,
552,282.092W856,M. V. Woodgate,THOMAS BECKET 1118-1170,1971,SPIRITUALITY,
769,271.1250N875,Henri J.M. Nouwen,THOMAS MERTON CONTEMPLATIVE CRITIC,1972,SPIRITUALITY,
726,922.2W853,George Woodcock,THOMAS MERTON MONK AND POET A CRITICAL STUDY,1978,SPIRITUALITY,
396,248.2M56,"Moritz Meschler, S.J.",THREE FUNDAMENTAL PRINCIPLES OF THE SPIRITUAL LIFE,1945,SPIRITUALITY,
105,242.3F854,Barbara Jean Franklin,THROUGH ANOTHER LENS : REFLECTIONS ON THE GOSPELS,2010,THEOLOGY,
574,226.06C140,Dom Helder Camara,THROUGH THE GOSPEL WITH DOM HELDER CAMARA,1986,Filipiniana,
175,261.70973B455,Jacques Berlinerblau,Thumpin : The use and Abuse of the bible in Todays Presidential Politics,2008,General Reference,
39,951.53 C176,"Philip Caraman, S.J.",TIBET: THE JESUIT CENTURY,1997,THEOLOGY,
132,241.5B912,"Walter J. Burghardt, S.J.",TO BE JUST IS TO LOVE : homilies for a church renewing,2001,THEOLOGY,
254,248.482B946,Ruth Burrows,To Believe in Jesus,1978,THEOLOGY,
18,232 R837,Rosemary Radford Ruether,TO CHANGE THE WORLD : christology and cultural criticism,1981,THEOLOGY,
602,282.092C25,Celso Al. Carunungan,TO DIE A THOUSAND DEATH,1980,Filipiniana,
37,248.3T550,,TO HEAL AS JESUS DID,1976,THEOLOGY,
188,264.020982Sh696,Barbara Leahy Shlemon,TO HEAL AS JESUS HEALED,1978,THEOLOGY,
19,271.069 G471,"R.W. Gleason, S.J.",TO LIVE IS CHRIST : nature and grace in the religious life,1961,THEOLOGY,
129,242L744,,TO LIVE THE LORD JESUS : the identity of the oblates of the Virgin Mary in today's church,n.d.,THEOLOGY,
,,"FR. Pedro Arrupe, S.J",TO MY JESUIT BROTHERS IN EAST ASIA,,BOOKLET,
90,248.3T627c.1,,TO SEEK & TO FIND THE WILL OF GOD: The Spiritual Exercises in Everyday Life,1988,Filipiniana,
91,248.3T627c.2,,TO SEEK & TO FIND THE WILL OF GOD: The Spiritual Exercises in Everyday Life,1988,Filipiniana,
861,248.4T550c.1,,TO SEEK AND TO FIND THE WILL OF GOD : The spiritual exercises in everyday life,1986,SPIRITUALITY,
862,248.4T550c.2,,TO SEEK AND TO FIND THE WILL OF GOD : The spiritual exercises in everyday life,1986,SPIRITUALITY,
863,248.4T550c.3,,TO SEEK AND TO FIND THE WILL OF GOD : The spiritual exercises in everyday life,1986,SPIRITUALITY,
253,208.1P346v.1,,TO THE DISCANCED CARMELITES OF CASTILE,,SPIRITUALITY,
26,271.5302B224,"William V. Bangert, S.J.",TO THE OTHER TOWNS : A LIFE OF BLESSED PETER FAVRE FIRST COMPANION OF ST. IGNATIUS,1959,SPIRITUALITY,
88,261.8T550,,TO THE YOUTH OF THE WORLD : APOSTOLIC OF POPE JOHN PAUL ON THE OCCASION OF INTERNATIONAL YOUTH YEAR,11985,PAPAL COLLECTION,
330,264.23T565,JOHN J. LIMB,TODAY'S MISSAL: 1996 MUSIC ISSUE,1995,Filipiniana,
504,248.32H991,Bill Hybels,TOO BUSY NOT TO PRAY: Slowing down to be with God,1988,SPIRITUALITY,
682,248.2W633,Robert J. Wicks,"TOUCHING THE HOLY : Ordinariness , Self - Esteem,  and friendship",1992,SPIRITUALITY,
593,248.4Sch814,Robert H. Schuller,"Tough times never last, but tough people do!",1984,Filipiniana,
514,261.8Ar699,"Fr. Pedro Arrupe, S.J.",TOWARD CHRISTIAN LIFE COMMUNITY BEGINNINGS AND GROWTH,,SPIRITUALITY,
864,248.84G935,Margaret Guenther,TOWARD HOLY GROUND : Spiritual directions for the second half of life,1987,SPIRITUALITY,
214,264.599211C472,"Ansear J. Chupungeo, O.S.B.",Towards a Filipino Liturgy,1976,Filipiniana,
465,291.42K580,Ursula King,TOWARDS A NEW MYSTICISM : Teilhard de Chardin & Eastern Religious,1980,SPIRITUALITY,
323,262.2M792,"Ben A. Moraleda, CSsR",TOWARDS A SPIRITUALITY OF THE EDSA UPRISING: THE PROMISED LAND OR A GOLDEN CALF STORY AND A NATIONALIST PRAYER,n.d.,Filipiniana,
569,223.206M366,"C.C. Martindale, S.J.",TOWARDS LOVING THE PSALMS,1940,SPIRITUALITY,
258,262.1B12,"Bishop Teodoro C. Bacani, Jr.",TOWARDS THE THIRD MILLENIUM- THE PCP-II VISION,1991,Filipiniana,
428,242.2Sa319c.1,Rev. Fr. Socrates M Saldua,Traces of Light Along a Silver Path,n.d.,Filipiniana,
429,242.2Sa319c.2,Rev. Fr. Socrates M Saldua,Traces of Light Along a Silver Path,n.d.,Filipiniana,
430,242.2Sa319c.3,Rev. Fr. Socrates M Saldua,Traces of Light Along a Silver Path,n.d.,Filipiniana,
2,262T673,,"TRACING THE SPIRIT: COMMUNITIES,SOCIAL ACTION,AND THELOGICAL REFELECTION",1974,THEOLOGY,
187,226.406D845,John Drury,TRADITION AND DESIGN IN LUKES GOSPEL,1976,BIBLICAL STUDIES,
325,282.092G892,Benedict J. Groeschel,TRAVELERS ALONG THE WAY :  The man and women who shaped my life,2010,SPIRITUALITY,
380,262.1L146,,TRIPOD LAITY & MISSION ASIAN CHALLENGE,,SPIRITUALITY,
107,232.91D397,St. Louis Mary De Montfort,True Devotion to Mary by ; translated by Francoise De Castro adopted by Eddie Doherty,1985,Filipiniana,
42,306.81P649,Lourdes 'Bing' de la Llana Primentel,TRUE LOVE WITHIN OUR REACH,2008,FILIPIANA (LIBRARY 2),
76,261.2R189,Joseph Cardinal Ratzinger,TRUTH AND TOLERANCE : Christian belief and world religions,2004,General Reference,
140,270T86,,TURNING POINTS OF CHURCH HISTORY ( BOUND PHOTOCOPY),n.d.,THEOLOGY,
97,616.861T917,,TWELVE STEPS AND TWELVE TRADITIONS,1952,FILIPIANA (LIBRARY 2),
687,282.0922H194,"Boniface Hanley, O.F.M.",TWENTIETH CENTURY CHRISTIAN HEROES: No  strangers to  violence no starngers to love,1983,SPIRITUALITY,
379,282.092L556,Charles Lepetit,TWO DANCERS IN THE DESERT The Life of Charles de Foucauld,1983,Filipiniana,
276,262.23Si61,"Jaime Cardinal Sin, D.D.","Ukol sa Pakikibahagi ng mga Kristiyano sa May 11, 1998 Halalan",1998,Filipiniana,
45,641.563J710,Bridget Jones,ULTIMATE SEAFOOD FOR HEALTHY LIVING,2002,GEN-REF2,
143,    248.4B462,"DOMINIQUE BERTRAND, S.J.",UN CORPS POUR L'ESPIRIT,1974,SPECIAL COLLECTION,
21,,Marguerite Bourcet,UN COUPLE DE TRAGEDIÉ,2003,SPECIAL COLLECTION LIB 2,
57,248.4G749,"JUAN ANTONIO GOYOAGA, S.J.",UNA EXPERIENCIA DE EJERCICIOS,1986,SPECIAL COLLECTION,
92, 248.4P958,"ERICH PRZYWARA, S.J.",UNA TEOLOGIA DE LOS EJERCICIOS (I),1993,SPECIAL COLLECTION,
73,248.4P958,"ERICH PRZYWARA, S.J.",UNA TEOLOGÍA DE LOS EJERCICIOS(II),1993,SPECIAL COLLECTION,
424,282.092M337,Father Marie,UNDER THE TORRENT OF HIS LOVE,1995,SPIRITUALITY,
61,Ov27,Bonaro W. Overstreet,UNDERSTANDING FEAR IN OURSELVES AND OTHERS,1951,FICTION,
41,271.53L11,JEAN LAPLACE,UNE EXPÉRIENCE DE LA VIE DANS L'ESPRIT,1972,SPECIAL COLLECTION,
157,248.4 U54,Jean Laplace,UNE EXPERIENCE DE LA VIE DANSS I'ESPRIT,1972,SPECIAL COLLECTION,
570,248.2V243,"Carlos G. Valles, S.J.",UNENCUMBERED BY BAGGAGE,1987,SPIRITUALITY,
 ,SP2006,,Union prayer for vocations :  The 43nd world day of prayer for vocations,,VERTICAL FILE,
120,  248.4Al21,ANTONIO M. DE ALDAMA,UNIR A LOS REPARTIDOS,,SPECIAL COLLECTION,
60,248.4Un313,,UNIR ACTION ET CONTEMPLATION,,SPECIAL COLLECTION,
194,242.5L961,Chiara Lubich,UNITY AND JESUS FORSAKEN,1985,THEOLOGY,
426,271.53092B456c.1,Miguel A. Bernad S.J.,UNUSUAL AND ORDINARY : biographical sketches of some Philippine Jesuits,2006,Filipiniana,
427,271.53092B456c.2,Miguel A. Bernad S.J.,UNUSUAL AND ORDINARY : biographical sketches of some Philippine Jesuits,2006,Filipiniana,
113,262.13V455,"Austin Flannery, O.P, editor",VATICAN COUNCIL II : the conciliar and post conciliar documents,1975,THEOLOGY,
77,242.68P268,,"VATICAN DOCUMENTS PONTIFICAL COUNCIL FOR SOCIAL COMMUNICATIONS PASTORAL INSTRUCTION ""AETATIS NOVAE"" ON SOCIAL COMMUNICATIONS ON THE TWENTIETH ANNIVERSARY OF COMMUNO ET PROGRESSIO",n.d.,Filipiniana,
93,262.5G659,"Anthony Gooley, PhD",VATICAN II AND ITS 4 CONSTITUTIONS,2014,Filipiniana,
249, 262.52V455,"Joseph Cardinal Bernadin, editor",Vatican II Revisited: By Those Who Were There (1986),1968,THEOLOGY,
152,248.3405 C333v,,VATICAN II TWENTY YEARS LATER REFLECTIONS IN THE LIGHT OF THE IGNATIAN SPIRIT AND CHARISM,1986,PERIODICAL,
218,253T725,Leo Trese,Vessel of Clay,1950,THEOLOGY,
425,282.092B46,Jose Eleazar R. Bersales,Via Veritatis : the life and ministry of Ricardo J. Cardinal Vidal,2010,Filipiniana,
428,282.092438V664,,VICTIMS OF THE NAZIS,1997,SPIRITUALITY,
69,959.504V678,,VIET NAM FROM MYTH TO MODERNITY,2008,GEN-REF2,
42,M446,Francois Mauriac,VIPERS' TANGLE,1957,FICTION,
444,232.91G683,"Vitaliano R. Gorospe, S.J.",Virgin of Peñafrancia:Mother of Bicol,1995,Filipiniana,
185,241H212,"G. Simon Harak, S.J.",VIRTUOUS PASSIONS : the formation of christian character,1993,THEOLOGY,
,,"Viomas O. 2larke, S.J",VISAYAN LIST OF 2000 BASIC WORDS,,,
47,305.80095995D897,Jean-Paul Dumont,VISAYAN VIGNETTES,1992,FILIPIANA (LIBRARY 2),
222,255V825,,Visit of Father General to the American Assistancy 1971 : talks and writings,1971,THEOLOGY,
137,    248.4M366,CARLO M. MARTINI,VITA DI MOSÉ VITA DI GESÚ ESISTENZA PASQUALE,1980,SPECIAL COLLECTION,
130,  248.4Ip1,IGNACIO IPARRAGUIRRE S.I.,VOCABULARIO DE EJERCICIOS ESPIRITUALES ENSAYO DE HERMENÉUTICA IGNACIANA,1972,SPECIAL COLLECTION,
107,262V851,,VOCATION AND MISSION OF THE LAITY IN THE CHURCH AND IN THE WORLD TWENTY YEARS AFTER THE SECOND VATICAN COUNCIL : Lineamenta,n.d.,THEOLOGY,
431,264.1G589,RAFAEL P. GONZALEZ MCCJ,VOCATION CHALLENGES,1991,Filipiniana,
400,248C685,Philip St. Romain,VOLUME II THE COLLECTED WORKS OF ST. TERESA OF AVILA,1980,SPIRITUALITY,
96,282.03N420,"John P. Whalen , M.A ., S.T.D",VOLUME XIV Tha to Zwi : NEW CATHOLIC ENCYCLOPEDIA,1967,General Reference,
857,248.29N397c.1,"J. Neuner, S.J",WALKING WITH HIM :  A biblical guide through thirty days of spiritual exercises,1985,SPIRITUALITY,
858,248.29N397c.2,"J. Neuner, S.J",WALKING WITH HIM :  A biblical guide through thirty days of spiritual exercises,1985,SPIRITUALITY,
859,248.29N397c.3,"J. Neuner, S.J",WALKING WITH HIM :  A biblical guide through thirty days of spiritual exercises,1985,SPIRITUALITY,
860,248.29N397c.4,"J. Neuner, S.J",WALKING WITH HIM :  A biblical guide through thirty days of spiritual exercises,1985,SPIRITUALITY,
230,262.13K913,"James H. Kroeger, MM",Walking with Pope Francis : the official documents in everyday language,2023,Filipiniana,
144,242.5L628,Adeline Lim ,WALKING WITH THE LORD : REFLECTION ON THE WEEKDAY READINGS,1970,SPIRITUALITY,
6,940.5481H939,"John F. Hurley, S.J.",WARTIME SUPERIOR IN THE PHILIPPINES,,FILIPIANA (LIBRARY 2),
598,248.3R421,"Joseph Rickaby, S.J.",WATERS THAT GO SOFTLY OR THOUGHTS FOR TIME OF RETREAT,1950,SPIRITUALITY,
46,248.47C690,Tito Colliander,WAY OF THE ASCETICS,1982,THEOLOGY,
149,252L648,"Mark Link, S.J.",WE ARE GOD'S PEOPLE,1966,THEOLOGY,
431,248.2Z38,Dom Hubert Van Zeller,WE DIE STANDING UP,1949,SPIRITUALITY,
390,248.3W369c.1,,We journey together,n.d.,Filipiniana,
391,248.3W369c.2,,We journey together,n.d.,Filipiniana,
392,248.3W369c.3,,We journey together,n.d.,Filipiniana,
,,Wilis Bergin PBVM,WE JOURNEY TOGETHER (27 copies),,BOOKLET,
456,234.62M339c.1,"CAMILO J. MARIVOET, CICM",WE PRAY FOR OUR BELOVED DEAD : prayers and vigils for use at novenas and other celebration for the dead,1997,Filipiniana,
457,234.62M339c.2,"CAMILO J. MARIVOET, CICM",WE PRAY FOR OUR BELOVED DEAD : prayers and vigils for use at novenas and other celebration for the dead,1998,Filipiniana,
600,248.2Z38,Dom Hubert Van Zeller,WE WORK WHILE THE LIGHT LASTS,1950,SPIRITUALITY,
277,,"John S. Mogabgab , S.J","WEAVINGS  “Woven Together in Love”: A Journal of the Christian Spiritual Life , vol.7, no.4",1992,PERIODICAL,
79,423.W399,,WEBSTER'S NINTH NEW COLLEGIATE DICTIONARY,1987,GEN-REF2,
575,248.482G820,"Thomas H. Green, S.J.",WEEDS AMONG THE WHEAT,1984,Filipiniana,
26,248.482G820c.1,"Thomas H. Green, S.J.",WEEDS AMONG THE WHEAT : discernment :  where prayer & action meet,1970,Filipiniana,
27,248.482G820c.2,"Thomas H. Green, S.J.",WEEDS AMONG THE WHEAT: discernment : where prayer & action meet,1970,Filipiniana,
331,248.34W449,,WELCOME TO CARMEL: a handbook for aspirants to the discalced carmelite secular,1989,Filipiniana,
430,248.8R143,Sue Rambow,WELCOMING STRANGERS AN EMMAUS COMMUNITY STORY,2015,SPIRITUALITY,
213,248.3D393c.1,"Anthony de Mello, S.J.",WELLSPRING A BOOK OF SPIRITUAL EXERCISES,1984,SPIRITUALITY,
214,248.3D393c.2,"Anthony de Mello, S.J.",WELLSPRING: A BOOK OF SPIRITUAL EXERCISES,1984,SPIRITUALITY,
215,248.3D393c.3,"Anthony de Mello, S.J.",WELLSPRING: A BOOK OF SPIRITUAL EXERCISES,1984,SPIRITUALITY,
216,248.3D393c.4,"Anthony de Mello, S.J.",WELLSPRINGS A BOOK OF SPIRITUAL EXERCISES,1984,SPIRITUALITY,
217,248.3D393c.5,"Anthony de Mello, S.J.",WELLSPRINGS: A BOOK OF SPIRITUAL EXERCISES,1984,SPIRITUALITY,
6,232 Oc51,"Gerald O'Collins, S.J.",WHAT ARE THEY SAYING ABOUT JESUS? : a report on recent theological speculation about Jesus Christ and its implications for christian faith,1977,THEOLOGY,
614,248.3B279,"William A. Barry, S.J.",WHAT DO I WANT IN PRAYER?,1994,SPIRITUALITY,
900,248.843C462,Evelyn Christenson,WHAT GOD DOES WHEN WOMEN PRAY ,2000,SPIRITUALITY,
15,231H292,John F. Haught,WHAT IS GOD? : HOW TO THINK ABOUT THE DIVINE,1986,SPIRITUALITY,
19,220.61R684,Henri Daniel-Rops,What is the bible,1958,BIBLICAL STUDIES,
46,650.1M137,Mark H. McCormack,WHAT THEY STILL DON'T TEACH YOU AT HARVARD BUSINESS SCHOOL,1989,REFERENCE (Library 2),
280,233.2M527,"Karl Menninger, M.D.",Whatever Became of Sin?,1973,THEOLOGY,
53,220.15D988,Charles H. Dyer,"WHAT'S NEXT? : GOD , ISRAEL AND THE FUTURE OF IRAQ",2004,BIBLICAL STUDIES,
272,248.4L962,Max Lucado,WHEN GOD WHISPERS YOUR NAME,1999,SPIRITUALITY,
390,248.482L961,CHIARA LUBICH,WHEN OUR LOVE IS DIGNITY,1972,SPIRITUALITY,
399,242.2G820,"Thomas H. Green, S.J.",When the well runs dry : prayer beyond the beginnings,1979,Filipiniana,
78,282.09045B328,William J. Bausch,WHILE YOU WHERE GONE : A HANDBOOK FOR RETURNING CATHOLICS and those thinking about it,1994,General Reference,
607,133.93F496,Mitch Finley,WHISPERS OF LOVE : encounters with deceased re;atives and friends,1995,SPIRITUALITY,
86,248.3W622,,"WHY A RETREAT? ""MENS NOSTRA"" : THE EMCYCLICAL OF POPE PIUS XI ON LAYMEN'S RETREAT",,PAPAL COLLECTION,
145,248.34K131c.1,George L. Kane,WHY I BECAME A BROTHER,1954,SPIRITUALITY,
146,248.34K131c.2,George L. Kane,WHY I BECAME A BROTHER,1954,SPIRITUALITY,
388,231.8C233,CARLO CARRETTO,WHY O LORD? : The Inner Meaning of Suffering,1998,Filipiniana,
243,282K162,Philip Kaufman,Why You Can Disagree and Remain a faithful catholic ,1995,THEOLOGY,
106,709.0592Sp246,Helena Spanjaard,WIDAAYAT THE MAGICAL MYSTICISM OF A MODERN INDONESIAN ARTIST,1998,GEN-REF2,
27,,,WIDAYAT : Pendikit & pelukis educator % painter.,1988,SPECIAL COLLECTION LIB 2,
117,248.4G223,Kay Gates,Will you Drink from the Cup? Make a Decision!,n.d.,Filipiniana,
332,248.482B279,"William A. Barry, S.J.",WITH AN EVERLASTING LOVE: Develop an Intimate relationship with God,2002,SPIRITUALITY,
372,234.163N856,Henri J.M. Nouwen,WITH BURNING HEARTS : A meditation on the Eucharistics Life,1994,SPIRITUALITY,
541,242.34N856,Henri J.M Nouwen,WITH BURNING HEATRS : A Mediation on the Eucharistic Life,1994,Filipiniana,
51,261.830973 An231,"George M. Anderson, S.J.",WITH CHRIST IN PRISON :Jesuits in Jail from St. Ignatius to the priest,2000,THEOLOGY,
492,248.4W772c.2,,WITH CHRIST ON MISSION,1989,SPIRITUALITY,
491,248.4W772c.1,,WITH CHRIST ON MISSION ,1989,SPIRITUALITY,
578,242C355,"John Chambers, S.J.",WITH EYES FIXED ON JESUS SUNDAY REFLECTIONS FOR LAYPEOPLE CYCLE A,2004,Filipiniana,
62,C497,"Walter J. Ciszek, S.J.",WITH GOD IN RUSSIA,1964,FICTION,
141,226.09P688,Bargil Pixner,WITH JESUS THROUGH GALILEE ACCORDING TO THE FIFTH GOSPEL,1992,THEOLOGY,
33,282.092B953,Katherine Burton,WITNESS OF THE LIGHT : The life of Pope Pius XII,1958,PAPAL COLLECTION,
505,216.8W781,,WITNESSING TO JUSTICE,,SPIRITUALITY,
355,248.843W840,,WOMAN'S SONG,1986,SPIRITUALITY,
261,271.97W842,,Women  of Cenacle ,1952,THEOLOGY,
127,200.820973B737,Ann Braude,WOMEN AND AMERICAN RELIGION v.16,1999,General Reference,
472,253.5F522,Kathleen Fischer,WOMEN AT THE WELL : Feminist perspective on spiritual direction,1988,SPIRITUALITY,
195,225.3M738,"Francis J. Moloney, S.D.B.",Women in the New Testament ,1981,BIBLICAL STUDIES,
139,220.92M846,H.V. Morton,Women of the Bible,1941,BIBLICAL STUDIES,
157,220.92Sl25,art and story by Mary Lou Sleevi,WOMEN OF THE WORD ,1989,General Reference,
53,282.092Ar68,Fr. Robert L. Arpin,"WONDERFULLY, FEARFULLY MADE",1993,THEOLOGY,
255,242.2B328,"Ramon Maria Luza Bautista, SJ",Wood for the Fire : 70 prayer exercises to help us pray with our hearts,2006,Filipiniana,
727,248.34M284,John Main,WORD INTO SILENCE,1980,SPIRITUALITY,
114,248.34M284,John Main O.S.B,Word into Silence,1990,Filipiniana,
614,253.2D248,"Joseph C. Daries, cmf",WORD MISSION : Servant of the word ,1994,Filipiniana,
849,248.4K115,"E. Kadloubovsky, G.E.H. Palmer",WRITINGS FROM THE PHILOKALIA : On player of the heart,1979,SPIRITUALITY,
77,954.51M584,S.M. Middlebrook,YAP AH LOY,1983,REFERENCE (Library 2),
387,248.8J491,"Fr. JJ Jesena, SJ",YAYEE : the wind beneath my wings,1998,Filipiniana,
62,282.0902J499,"Giuseppe Bellucci, S.J, editor",YEAR BOOK OF THE SOCIETY OF JESUS : JESUITS,2012,General Reference,
63,282.0902J499,"Giuseppe Bellucci, S.J, editor",YEAR BOOK OF THE SOCIETY OF JESUS : JESUITS,2013,General Reference,
64,282.0902J499,"Giuseppe Bellucci, S.J, editor",YEAR BOOK OF THE SOCIETY OF JESUS : JESUITS,2012,General Reference,
65,282.0902J499,"Giuseppe Bellucci, S.J, editor",YEAR BOOK OF THE SOCIETY OF JESUS : JESUITS,2018,General Reference,
66,282.0902J499,"Giuseppe Bellucci, S.J, editor",YEAR BOOK OF THE SOCIETY OF JESUS : JESUITS,2012,General Reference,
67,282.0902J499c.1,"Giuseppe Bellucci, S.J, editor",YEAR BOOK OF THE SOCIETY OF JESUS : JESUITS,2018,General Reference,
68,282.0902J499c.2,"Jose M. de Vera, S.J, editor",YEAR BOOK OF THE SOCIETY OF JESUS : JESUITS,2018,General Reference,
69,282.0902J499,"Jose M. de Vera, S.J, editor",YEAR BOOK OF THE SOCIETY OF JESUS : JESUITS,2003,General Reference,
70,282.0902J499,"Jose M. de Vera, S.J, editor",YEAR BOOK OF THE SOCIETY OF JESUS : JESUITS,2006,General Reference,
101,230J198,,YEARBOOK OF CONTEXTUAL THEOLOGIES,1994,THEOLOGY,
95,370.1523R273,"Fr. Francis E. Reilly, S.J.",YEARNING TO LEARN,1995,FILIPIANA (LIBRARY 2),
71,915.1H860,Ma Huan,YING - YAI SHENG-IAN : The overall survey of the ocean's shores ,1970,REFERENCE (Library 2),
801,362.29286M352,Rev. Jack Marsh,YOU CAN HELP THE ALCOHOLIC :  A christian plan for intervention,1983,SPIRITUALITY,
87,Sa596,Bienvenido N. Santos,YOU LOVELY PEOPLE,1955,FICTION,
210,241.66G533,Robert Gnuse,You Shall Not Steal: Community and Property in the Biblical Tradition,1985,Filipiniana,
594,248.3Oo1,Huub Oosterhuis,YOUR WORD IS NEAR: Contemporary Christian Prayer,1968,SPIRITUALITY,
131,248.83V667,Ricardo J. Cardinal Vidal,"You're Still Young, I'm Old…",2011,Filipiniana,
523,294.3L336,"H.M. Enomiya-Lassalle, S.J.",ZEN - WAY TO ENLIGHTENMENT,1966,SPIRITUALITY,
83,K189,Nikos Kazantzakis,ZOBRA THE GREEK,1952,FICTION,
72,G763,C.H Grandgent,,,FICTION,
